component,field,s_tor,rho_tor,spectral_norm
J1,total,2.1472177611340383e-05,0.004633808111191095,0.7176139046507108
J1,total,0.00010735707459747507,0.01036132590923937,5.3235687712466734e-05
J1,total,0.00027911588025903415,0.016706761513202797,1.860635639139197e-05
J1,total,0.0005367392006026118,0.023167632606777323,2.2055943836077793e-05
J1,total,0.0008802072366784726,0.029668286716264435,2.685978644966125e-05
J1,total,0.0013094964035694355,0.03618696455312929,3.1760731697741554e-05
J1,total,0.0018245953340120225,0.04271528220686389,3.627942464729257e-05
J1,total,0.0024254980996628686,0.04924934618513091,4.0129605204892814e-05
J1,total,0.003112238042626268,0.05578743624353308,4.376313573892146e-05
J1,total,0.0038848922502306687,0.06232890381059712,4.8150065872061594e-05
J1,total,0.004743561024367148,0.06887351467993447,5.350609790255838e-05
J1,total,0.005688368783583975,0.07542127540411905,5.930768421709862e-05
J1,total,0.006719443906703449,0.0819722142356997,6.532366509099149e-05
J1,total,0.007836908410282296,0.08852631478991033,7.136832340017956e-05
J1,total,0.009040879754914567,0.09508354092541235,7.735687852693254e-05
J1,total,0.010331450617744615,0.10164374362322855,8.353539267078142e-05
J1,total,0.011708733774138773,0.10820690261780333,8.994032679510013e-05
J1,total,0.013172881563961038,0.1147731744091843,9.655075309968194e-05
J1,total,0.014724048046808227,0.12134268847692566,0.00010344408186682683
J1,total,0.016362395633463468,0.12791558010447152,0.00011012217191740064
J1,total,0.01808804395195005,0.13449179882784695,0.00011683500224865869
J1,total,0.01990113744773817,0.14107139131566743,0.00012338924764480037
J1,total,0.021801884413277003,0.1476546118930154,0.00012909846651399553
J1,total,0.02379045729663574,0.15424155502534245,0.00013362875511584545
J1,total,0.025866973129083808,0.1608321271670676,0.00013805993958221764
J1,total,0.028031487511528015,0.16742606580675548,0.00014205586539160596
J1,total,0.030284071885262172,0.17402319352678874,0.0001459489777736024
J1,total,0.03262483188392654,0.1806234533052852,0.00014937303994632677
J1,total,0.0350538257694524,0.1872266694930303,0.0001535749067438885
J1,total,0.03757109312669024,0.1938326420567244,0.0001578365118464239
J1,total,0.040176693753521175,0.2004412476351142,0.00016258871290081607
J1,total,0.04287068408203963,0.20705237038498167,0.00016672986771633009
J1,total,0.04565312016368821,0.21366590781799563,0.000171136801307008
J1,total,0.0485240577995049,0.22028176910381145,0.00017590686278278584
J1,total,0.05148356022293118,0.2268998903105314,0.00018092195411807877
J1,total,0.054531733393736556,0.23352030617001288,0.00018599804068835914
J1,total,0.05766864666297616,0.24014297129621795,0.0001911985013843614
J1,total,0.06089442560349297,0.24676795902931356,0.00019672068495068206
J1,total,0.06420929220067112,0.25339552521832565,0.00020247676334569865
J1,total,0.06761342955548495,0.2600258247857027,0.0002082151988295002
J1,total,0.07110698892028194,0.26665893744684793,0.00021387504393445748
J1,total,0.07469008017476123,0.27329485940054055,0.00021939472160681638
J1,total,0.07836279856798756,0.2799335609890096,0.0002244738775490909
J1,total,0.08212523731624828,0.28657501167451477,0.00022914279578968312
J1,total,0.08597746704028522,0.2932191450780205,0.00023372542941761527
J1,total,0.08991956480783639,0.2998659113801307,0.0002384527091157062
J1,total,0.0939515463467128,0.3065151649538939,0.00024323541131544387
J1,total,0.09807331325845403,0.3131665902653954,0.0002479592069271931
J1,total,0.10228498018193376,0.3198202310391476,0.0002526157486905519
J1,total,0.10658676810114756,0.326476290258799,0.000257142721437029
J1,total,0.1109787543285336,0.33313473899990315,0.0002614335611898695
J1,total,0.11546101061130032,0.3397955423652587,0.0002656986585107765
J1,total,0.1200332548911571,0.34645815748969905,0.0002696983260400158
J1,total,0.12469542370285852,0.35312239195901823,0.0002738152657456354
J1,total,0.1294479797663618,0.3597887988339295,0.0002785595746510685
J1,total,0.13429143639722452,0.3664579599315923,0.0002833454809074076
J1,total,0.13922623497009337,0.37313031901748933,0.0002834540306116095
J1,total,0.14425251523271226,0.3798058915192236,0.0002835197935153568
J1,total,0.14936931889195115,0.38648327116700815,0.000283696274112916
J1,total,0.154576470795195,0.39316214313587594,0.00028380281408731144
J1,total,0.15987484020635317,0.39984351965031667,0.0002848206167286411
J1,total,0.16526466096217649,0.40652756482454727,0.00028687604247791245
J1,total,0.17074624777464417,0.4132145299655424,0.0002890646525435925
J1,total,0.17631991508488187,0.41990464999197363,0.0002910189702947746
J1,total,0.18198552743282234,0.42659761770645455,0.00029293636244426215
J1,total,0.18774242443874928,0.43329253909887405,0.00029480037377016825
J1,total,0.1935912705560791,0.43999008006553864,0.0002970720270136474
J1,total,0.19953328964375452,0.4466914926923889,0.00030047381007774235
J1,total,0.2055688989122222,0.4533970653987762,0.0003055729233019777
J1,total,0.2116985759781783,0.4601071353263045,0.0003124320215919519
J1,total,0.2179228400511427,0.46682206465755527,0.0003216567535435706
J1,total,0.22424222632583207,0.4735422117676861,0.00033564614754934995
J1,total,0.23065739276533392,0.4802680426234229,0.0003554470312435379
J1,total,0.23716882405029957,0.4869998193534568,0.00036706248044896477
J1,total,0.24377637341116537,0.49373715012257824,0.00035999329974480886
J1,total,0.2504799310268667,0.5004797009138999,0.00034889010560037786
J1,total,0.25727928011680196,0.5072270498670215,0.0003401917772341499
J1,total,0.2641735117934597,0.5139781238471728,0.0003322074095196929
J1,total,0.2711610978736414,0.5207313106330763,0.0003250929136221552
J1,total,0.27823951605735375,0.5274841382045092,0.0003203217316282037
J1,total,0.28540466571897277,0.5342327823327325,0.0003203648187896234
J1,total,0.2926495050469299,0.540970891127175,0.0003230836671652664
J1,total,0.2999607030847625,0.5476866833188136,0.00032543893925519765
J1,total,0.3073104855068003,0.5543559195199419,0.0003274638845851801
J1,total,0.3146328614443143,0.5609214396368838,0.0003291537338386593
J1,total,0.3217454966669411,0.5672261424396279,0.0003282804981863372
J1,total,0.3281111722089387,0.5728098918567475,0.00032358693884644406
J1,total,0.33255723870219034,0.5766777598470313,0.00031887160294228446
J1,total,0.33473615859932726,0.5785638759889242,0.0003165550263928976
J1,total,0.33565925249605505,0.5793610726447326,0.0003156447692337179
J1,total,0.3361554647005448,0.5797891553837005,0.0003151854894653046
J1,total,0.3365256096669723,0.5801082740893913,0.0003147382153560946
J1,total,0.3368624583047103,0.5803985340304628,0.0003142327138981947
J1,total,0.33722166123638964,0.5807078966540662,0.00031397588006473395
J1,total,0.3377248539775698,0.5811409932000752,0.00031342670286044774
J1,total,0.33862635700013033,0.5819161082150333,0.0003127995245752292
J1,total,0.34078626223161756,0.5837690144497373,0.00031141363733795663
J1,total,0.34522017938391336,0.5875544054671987,0.00030966316545404034
J1,total,0.3516738426446477,0.5930209462107116,0.00030885611425099857
J1,total,0.3591611041009175,0.5993005123482855,0.0003070861459519522
J1,total,0.36710584646217015,0.605892603075966,0.00030467162343967777
J1,total,0.3752994149370775,0.6126168581887683,0.00030214529324310095
J1,total,0.3836669818374884,0.6194085742363342,0.0002997561455971145
J1,total,0.392176674131664,0.6262401090090478,0.0002976592937198682
J1,total,0.4008120856826749,0.6330972166126423,0.00029584979192182634
J1,total,0.409562812341278,0.6399709464821649,0.0002942728892981452
J1,total,0.41842022899856185,0.646854101786919,0.00029301542950800234
J1,total,0.42737474610299686,0.6537390504650895,0.0002920294820575818
J1,total,0.436412927823286,0.6606155673485798,0.0002906057797357002
J1,total,0.4455128406128757,0.6674674828131149,0.00028898020322805856
J1,total,0.45461198097702016,0.6742491979802573,0.0002874063175064502
J1,total,0.46357828692487096,0.6808658362150879,0.00028624910159707486
J1,total,0.47206725905536595,0.6870715094190458,0.00028508014788802144
J1,total,0.47925618486703425,0.6922833125729915,0.00028250440563636656
J1,total,0.48389623377672564,0.6956265045099458,0.0002801488343885513
J1,total,0.4860827214835603,0.6971963292241005,0.0002792197702204638
J1,total,0.4871029363342032,0.6979276010691963,0.0002788322552056761
J1,total,0.4876852470722047,0.6983446477722907,0.00027863229967558655
J1,total,0.48811767821372043,0.6986541907222202,0.0002784686793319875
J1,total,0.48849044609004316,0.6989209154761669,0.00027853656632468015
J1,total,0.488862991315127,0.6991873792590417,0.0002779009671333258
J1,total,0.48929656206702693,0.6994973638742514,0.0002780993596015042
J1,total,0.4899102411107535,0.6999358835713122,0.00027802129544297335
J1,total,0.4909799317748448,0.700699601665967,0.0002776722965008702
J1,total,0.49326789385940545,0.7023303310119857,0.0002772238284983983
J1,total,0.4980385124755413,0.70571843710898,0.000276876767457313
J1,total,0.5054284849093915,0.7109349371844034,0.00027665114885877876
J1,total,0.5143105644657702,0.7171544913515986,0.00027530086240322107
J1,total,0.5238741093660677,0.7237914819656748,0.00027415916238278355
J1,total,0.5337911950804987,0.7306101525988389,0.0002736782297288213
J1,total,0.5439250987788624,0.737512778722418,0.0002733180201017957
J1,total,0.5541872646433623,0.7444375491895625,0.0002728271316418692
J1,total,0.5644992623115686,0.7513316593299982,0.00027249222389850325
J1,total,0.5747671021549516,0.7581339605603693,0.00027303198146043036
J1,total,0.5847821557902423,0.7647105045638135,0.00027421486936490277
J1,total,0.5940673877504099,0.7707576712238483,0.00027563125245300433
J1,total,0.6014953546271107,0.775561315839767,0.00027532613808183503
J1,total,0.6059051899713626,0.77839911997083,0.0002748088778363154
J1,total,0.6079241587818829,0.7796949139130528,0.00027464627322558037
J1,total,0.6090151726110372,0.7803942417849052,0.00027460309104160215
J1,total,0.6097091107216583,0.7808387226064409,0.00027459806266131025
J1,total,0.610181854422168,0.7811413792791725,0.0002746346322705545
J1,total,0.6105826093870579,0.78139785601642,0.00027469458117977436
J1,total,0.6109678762441525,0.7816443412730323,0.00027455883512992273
J1,total,0.6113773304612735,0.7819062158988592,0.00027456844205067405
J1,total,0.611874078842167,0.7822238035512388,0.00027449445543619436
J1,total,0.6125726443979966,0.7826702015523503,0.0002745138461506756
J1,total,0.6137713061440198,0.7834355788091448,0.00027456572104244927
J1,total,0.6163030317515005,0.785049700179231,0.0002745858493484168
J1,total,0.621458968990991,0.788326689254519,0.0002744212080780804
J1,total,0.6294258025302903,0.7933636004571235,0.00027320091991279207
J1,total,0.6391536150389192,0.7994708343891722,0.0002707931834555954
J1,total,0.6497821552125355,0.8060906619062992,0.0002685605584713386
J1,total,0.6607925490564728,0.8128914743411157,0.0002666227697505844
J1,total,0.6718563936861712,0.8196684657141393,0.00026508735380633086
J1,total,0.6827094286965301,0.8262623243840482,0.00026451232350896046
J1,total,0.6929618606845835,0.8324433077901363,0.00026500284655074814
J1,total,0.7012668280998784,0.8374167589079397,0.0002646525401284785
J1,total,0.7062458680225021,0.8403843573166401,0.0002637549916295413
J1,total,0.7087980965156766,0.8419014767273405,0.00026308168668053315
J1,total,0.7102098820157374,0.8427395101784046,0.0002627849988861343
J1,total,0.7109608615999301,0.8431849510041851,0.00026261620563190215
J1,total,0.7115003237883734,0.8435047858716471,0.00026250753212869266
J1,total,0.7119485082139532,0.8437704120280309,0.00026240801354073467
J1,total,0.7123534805881961,0.8440103557351628,0.00026237491171240686
J1,total,0.7127481037854688,0.8442441020140258,0.00026228787462595157
J1,total,0.7131782746787547,0.8444988304780267,0.0002621846191358057
J1,total,0.7136988971348923,0.8448070176879997,0.00026215328232119105
J1,total,0.7143932400778287,0.845217865451168,0.0002621024175122198
J1,total,0.7154654794343134,0.8458519252412406,0.00026205523422062594
J1,total,0.7175230868312943,0.8470673449208712,0.000262091920514846
J1,total,0.7218305344011651,0.8496061054401416,0.00026223793239678783
J1,total,0.7292636833088664,0.8539693690694452,0.0002626408841714374
J1,total,0.7391452214033555,0.8597355531809509,0.00026220982658137833
J1,total,0.7501003032831153,0.8660833119758834,0.00026256203987033873
J1,total,0.7613470835476857,0.8725520520563147,0.00026421521260282986
J1,total,0.7721165505232186,0.8787016277003352,0.0002662309602290101
J1,total,0.7811091235065297,0.8838037811112429,0.00026755456415687365
J1,total,0.7875268271862947,0.8874270827433062,0.0002670646094185711
J1,total,0.7911165316330167,0.8894473180762403,0.0002665247657186614
J1,total,0.79276085807818,0.8903711911771293,0.0002663049661340605
J1,total,0.7937655398429836,0.8909352051877755,0.00026626694027214636
J1,total,0.7944337326201591,0.8913101214617498,0.0002662820008366988
J1,total,0.794939525318954,0.8915938118442467,0.00026590757533980717
J1,total,0.795399985133699,0.8918519973256207,0.000267732467769323
J1,total,0.7958026813251315,0.8920777327818084,0.0002694831670044446
J1,total,0.7961933595833324,0.8922966768868594,0.0002702490654637832
J1,total,0.7966401397854146,0.8925469958413476,0.0002710127540664168
J1,total,0.7971783338926246,0.892848438366011,0.00027161102844827916
J1,total,0.7978107911339307,0.8932025476530677,0.00027229534546793836
J1,total,0.7986957483193649,0.8936977947378884,0.00027313648463405776
J1,total,0.8002318754359248,0.8945568039179652,0.00027425319602900116
J1,total,0.8033388854394037,0.8962917412535963,0.0002758949677477582
J1,total,0.8091165085838349,0.8995090375220445,0.00027771125770386377
J1,total,0.8176480037468767,0.9042389085561828,0.0002811172216991194
J1,total,0.8279483870962185,0.9099166923934402,0.00029241866273518375
J1,total,0.8383711471066958,0.9156260956890077,0.0003334372529487093
J1,total,0.8474741595155908,0.9205835972444821,0.00039414731893232783
J1,total,0.853920906682492,0.9240784093801196,0.00039670084571178906
J1,total,0.8573759034859315,0.9259459506288321,0.0004113827356413244
J1,total,0.8591383569394297,0.9268971663239832,0.00042970595405782743
J1,total,0.8601658709213587,0.9274512768449665,0.0004390523328754318
J1,total,0.8609076742130686,0.9278511056269042,0.0004472711734070323
J1,total,0.8614747138201585,0.9281566213846446,0.0004497453498594343
J1,total,0.8619031670750875,0.9283874013982997,0.0004523547431554386
J1,total,0.8623300433839619,0.9286172749760592,0.00045373831561891915
J1,total,0.8627615353738178,0.9288495762898413,0.0004552041040857016
J1,total,0.8631981443243307,0.9290845732893915,0.0004570083747358792
J1,total,0.8636356389417827,0.9293199873788268,0.00045913173609102585
J1,total,0.8641533527616541,0.929598490081419,0.0004610236144536551
J1,total,0.8648570819534376,0.9299769254951639,0.0004663341786374099
J1,total,0.8658368642191552,0.9305035541141985,0.00047706598905388386
J1,total,0.8673736418495659,0.9313289654303499,0.0005065086963509006
J1,total,0.8701897146263103,0.9328395974798188,0.0006153490857956695
J1,total,0.8760544193731192,0.935977787863109,0.001045663473856562
J1,total,0.8852049201384783,0.9408532936321572,0.001715929273359928
J1,total,0.8963967593148494,0.9467823188647163,0.0022340904846409435
J1,total,0.9090120273182357,0.9534212223976535,0.002541897503030563
J1,total,0.922142057280099,0.9602822799990111,0.00275505675230094
J1,total,0.9350904516035834,0.967000750570331,0.002968957195116394
J1,total,0.9466699950081958,0.9729696783601203,0.0032264774531156094
J1,total,0.9559041922291684,0.9777035298234166,0.003524751066956028
J1,total,0.9616768555124007,0.9806512405092855,0.0037762727533044087
J1,total,0.9643777116098327,0.982027347689377,0.003920358678249689
J1,total,0.9658823401012826,0.9827931318956612,0.003984927506186766
J1,total,0.9669184403876508,0.9833201108426751,0.004056242210447369
J1,total,0.9676653839393572,0.9836998444339398,0.004066154003322287
J1,total,0.9681672363398759,0.9839548954804157,0.004061778354732119
J1,total,0.9686695131121799,0.984210096022277,0.00407892625868682
J1,total,0.9691327092732038,0.9844453815591822,0.004091530317339993
J1,total,0.969553483930127,0.9846590698968486,0.004091321841935867
J1,total,0.9699712860515797,0.9848712027730223,0.00408809696217225
J1,total,0.970467674597336,0.9851231773729293,0.004093880669086792
J1,total,0.9710498827129755,0.9854186332280183,0.004112546359100361
J1,total,0.9717901276003653,0.9857941608674528,0.004133460024885291
J1,total,0.9728622576603625,0.9863378009892769,0.004176057330093107
J1,total,0.9745424438624868,0.9871891631609855,0.004205256959356912
J1,total,0.9778733453236222,0.9888747874850599,0.004200308479998612
J1,total,0.9843187123660726,0.9921283749425135,0.004282283796653999
J1,total,0.9942433435434939,0.9971175174188316,0.0073552539326163175
J1,vacuum,2.1472177611340383e-05,0.004633808111191095,0.0004963823501121845
J1,vacuum,0.00010735707459747507,0.01036132590923937,5.259731415804974e-05
J1,vacuum,0.00027911588025903415,0.016706761513202797,1.1988006131670842e-05
J1,vacuum,0.0005367392006026118,0.023167632606777323,9.598066978681741e-06
J1,vacuum,0.0008802072366784726,0.029668286716264435,8.942892807546196e-06
J1,vacuum,0.0013094964035694355,0.03618696455312929,8.895355325292976e-06
J1,vacuum,0.0018245953340120225,0.04271528220686389,8.876951843224966e-06
J1,vacuum,0.0024254980996628686,0.04924934618513091,8.876946777760618e-06
J1,vacuum,0.003112238042626268,0.05578743624353308,8.897357011995987e-06
J1,vacuum,0.0038848922502306687,0.06232890381059712,8.913562446946104e-06
J1,vacuum,0.004743561024367148,0.06887351467993447,8.939009594724109e-06
J1,vacuum,0.005688368783583975,0.07542127540411905,8.965776444850348e-06
J1,vacuum,0.006719443906703449,0.0819722142356997,8.998373254282694e-06
J1,vacuum,0.007836908410282296,0.08852631478991033,9.031315288749737e-06
J1,vacuum,0.009040879754914567,0.09508354092541235,9.074256702289333e-06
J1,vacuum,0.010331450617744615,0.10164374362322855,9.114295210339956e-06
J1,vacuum,0.011708733774138773,0.10820690261780333,9.158534433815788e-06
J1,vacuum,0.013172881563961038,0.1147731744091843,9.20194270215016e-06
J1,vacuum,0.014724048046808227,0.12134268847692566,9.245272839451079e-06
J1,vacuum,0.016362395633463468,0.12791558010447152,9.287812333379197e-06
J1,vacuum,0.01808804395195005,0.13449179882784695,9.327552488734588e-06
J1,vacuum,0.01990113744773817,0.14107139131566743,9.366600105311479e-06
J1,vacuum,0.021801884413277003,0.1476546118930154,9.40292647205893e-06
J1,vacuum,0.02379045729663574,0.15424155502534245,9.44388066528211e-06
J1,vacuum,0.025866973129083808,0.1608321271670676,9.472195992386978e-06
J1,vacuum,0.028031487511528015,0.16742606580675548,9.505099533002853e-06
J1,vacuum,0.030284071885262172,0.17402319352678874,9.52198787029999e-06
J1,vacuum,0.03262483188392654,0.1806234533052852,9.554705592266383e-06
J1,vacuum,0.0350538257694524,0.1872266694930303,9.573450648091455e-06
J1,vacuum,0.03757109312669024,0.1938326420567244,9.598424522076613e-06
J1,vacuum,0.040176693753521175,0.2004412476351142,9.613004925138577e-06
J1,vacuum,0.04287068408203963,0.20705237038498167,9.634106188731625e-06
J1,vacuum,0.04565312016368821,0.21366590781799563,9.650626974657463e-06
J1,vacuum,0.0485240577995049,0.22028176910381145,9.671995955514178e-06
J1,vacuum,0.05148356022293118,0.2268998903105314,9.688692421351912e-06
J1,vacuum,0.054531733393736556,0.23352030617001288,9.708795601088478e-06
J1,vacuum,0.05766864666297616,0.24014297129621795,9.72206905618801e-06
J1,vacuum,0.06089442560349297,0.24676795902931356,9.73863781515211e-06
J1,vacuum,0.06420929220067112,0.25339552521832565,9.76029186152114e-06
J1,vacuum,0.06761342955548495,0.2600258247857027,9.776067362854463e-06
J1,vacuum,0.07110698892028194,0.26665893744684793,9.795467251794844e-06
J1,vacuum,0.07469008017476123,0.27329485940054055,9.80863177584108e-06
J1,vacuum,0.07836279856798756,0.2799335609890096,9.839216965711143e-06
J1,vacuum,0.08212523731624828,0.28657501167451477,9.846655198731441e-06
J1,vacuum,0.08597746704028522,0.2932191450780205,9.871507540683734e-06
J1,vacuum,0.08991956480783639,0.2998659113801307,9.891121471103157e-06
J1,vacuum,0.0939515463467128,0.3065151649538939,9.913089726423026e-06
J1,vacuum,0.09807331325845403,0.3131665902653954,9.9359091844185e-06
J1,vacuum,0.10228498018193376,0.3198202310391476,9.956606084335205e-06
J1,vacuum,0.10658676810114756,0.326476290258799,9.976435597579184e-06
J1,vacuum,0.1109787543285336,0.33313473899990315,1.0010633264229847e-05
J1,vacuum,0.11546101061130032,0.3397955423652587,1.0023074404566295e-05
J1,vacuum,0.1200332548911571,0.34645815748969905,1.0053864581030697e-05
J1,vacuum,0.12469542370285852,0.35312239195901823,1.007674003916267e-05
J1,vacuum,0.1294479797663618,0.3597887988339295,1.0120968604414884e-05
J1,vacuum,0.13429143639722452,0.3664579599315923,1.009854511097459e-05
J1,vacuum,0.13922623497009337,0.37313031901748933,1.0197989692561976e-05
J1,vacuum,0.14425251523271226,0.3798058915192236,1.0188278404782284e-05
J1,vacuum,0.14936931889195115,0.38648327116700815,1.0225096768815169e-05
J1,vacuum,0.154576470795195,0.39316214313587594,1.0235019614705415e-05
J1,vacuum,0.15987484020635317,0.39984351965031667,1.027624459855319e-05
J1,vacuum,0.16526466096217649,0.40652756482454727,1.0300469838653253e-05
J1,vacuum,0.17074624777464417,0.4132145299655424,1.0334612661088082e-05
J1,vacuum,0.17631991508488187,0.41990464999197363,1.0371139897089182e-05
J1,vacuum,0.18198552743282234,0.42659761770645455,1.040633131281073e-05
J1,vacuum,0.18774242443874928,0.43329253909887405,1.0433700328261096e-05
J1,vacuum,0.1935912705560791,0.43999008006553864,1.0478527407070577e-05
J1,vacuum,0.19953328964375452,0.4466914926923889,1.0493210739612644e-05
J1,vacuum,0.2055688989122222,0.4533970653987762,1.0525865000334329e-05
J1,vacuum,0.2116985759781783,0.4601071353263045,1.0560845969772684e-05
J1,vacuum,0.2179228400511427,0.46682206465755527,1.0644158291226606e-05
J1,vacuum,0.22424222632583207,0.4735422117676861,1.0554973791101101e-05
J1,vacuum,0.23065739276533392,0.4802680426234229,1.0795343755208088e-05
J1,vacuum,0.23716882405029957,0.4869998193534568,1.0801163830041952e-05
J1,vacuum,0.24377637341116537,0.49373715012257824,1.0720851404866242e-05
J1,vacuum,0.2504799310268667,0.5004797009138999,1.0816601720047559e-05
J1,vacuum,0.25727928011680196,0.5072270498670215,1.0872303868789403e-05
J1,vacuum,0.2641735117934597,0.5139781238471728,1.088662126990966e-05
J1,vacuum,0.2711610978736414,0.5207313106330763,1.096846702957722e-05
J1,vacuum,0.27823951605735375,0.5274841382045092,1.0945345576861165e-05
J1,vacuum,0.28540466571897277,0.5342327823327325,1.1031909881756014e-05
J1,vacuum,0.2926495050469299,0.540970891127175,1.1066062586901262e-05
J1,vacuum,0.2999607030847625,0.5476866833188136,1.1095666424660048e-05
J1,vacuum,0.3073104855068003,0.5543559195199419,1.1144665757402842e-05
J1,vacuum,0.3146328614443143,0.5609214396368838,1.1198414552128462e-05
J1,vacuum,0.3217454966669411,0.5672261424396279,1.1233057173208226e-05
J1,vacuum,0.3281111722089387,0.5728098918567475,1.1290166369163687e-05
J1,vacuum,0.33255723870219034,0.5766777598470313,1.1326076210143168e-05
J1,vacuum,0.33473615859932726,0.5785638759889242,1.1356904800396596e-05
J1,vacuum,0.33565925249605505,0.5793610726447326,1.1395690474951446e-05
J1,vacuum,0.3361554647005448,0.5797891553837005,1.1356706181787603e-05
J1,vacuum,0.3365256096669723,0.5801082740893913,1.1368316657395567e-05
J1,vacuum,0.3368624583047103,0.5803985340304628,1.149870575978113e-05
J1,vacuum,0.33722166123638964,0.5807078966540662,1.137087452069819e-05
J1,vacuum,0.3377248539775698,0.5811409932000752,1.1451070485069664e-05
J1,vacuum,0.33862635700013033,0.5819161082150333,1.1320143826528066e-05
J1,vacuum,0.34078626223161756,0.5837690144497373,1.1293445664268603e-05
J1,vacuum,0.34522017938391336,0.5875544054671987,1.1402439292434692e-05
J1,vacuum,0.3516738426446477,0.5930209462107116,1.1472268923061048e-05
J1,vacuum,0.3591611041009175,0.5993005123482855,1.1524253090566139e-05
J1,vacuum,0.36710584646217015,0.605892603075966,1.158307019591133e-05
J1,vacuum,0.3752994149370775,0.6126168581887683,1.1653637494564304e-05
J1,vacuum,0.3836669818374884,0.6194085742363342,1.171659570319256e-05
J1,vacuum,0.392176674131664,0.6262401090090478,1.1824543199748563e-05
J1,vacuum,0.4008120856826749,0.6330972166126423,1.192757936076409e-05
J1,vacuum,0.409562812341278,0.6399709464821649,1.20049810256666e-05
J1,vacuum,0.41842022899856185,0.646854101786919,1.215493741761491e-05
J1,vacuum,0.42737474610299686,0.6537390504650895,1.2265365421933366e-05
J1,vacuum,0.436412927823286,0.6606155673485798,1.2338005765980508e-05
J1,vacuum,0.4455128406128757,0.6674674828131149,1.2451454251588398e-05
J1,vacuum,0.45461198097702016,0.6742491979802573,1.2588543710188599e-05
J1,vacuum,0.46357828692487096,0.6808658362150879,1.2711632170538254e-05
J1,vacuum,0.47206725905536595,0.6870715094190458,1.281981140960128e-05
J1,vacuum,0.47925618486703425,0.6922833125729915,1.2939913308568187e-05
J1,vacuum,0.48389623377672564,0.6956265045099458,1.3000153028585442e-05
J1,vacuum,0.4860827214835603,0.6971963292241005,1.3044499300772591e-05
J1,vacuum,0.4871029363342032,0.6979276010691963,1.3076664378799012e-05
J1,vacuum,0.4876852470722047,0.6983446477722907,1.3128814959542601e-05
J1,vacuum,0.48811767821372043,0.6986541907222202,1.3074804879432662e-05
J1,vacuum,0.48849044609004316,0.6989209154761669,1.303908722734199e-05
J1,vacuum,0.488862991315127,0.6991873792590417,1.329664286187517e-05
J1,vacuum,0.48929656206702693,0.6994973638742514,1.3105166513062406e-05
J1,vacuum,0.4899102411107535,0.6999358835713122,1.31023998210936e-05
J1,vacuum,0.4909799317748448,0.700699601665967,1.313681131135387e-05
J1,vacuum,0.49326789385940545,0.7023303310119857,1.3204564108022246e-05
J1,vacuum,0.4980385124755413,0.70571843710898,1.3242188102860368e-05
J1,vacuum,0.5054284849093915,0.7109349371844034,1.3345927126809151e-05
J1,vacuum,0.5143105644657702,0.7171544913515986,1.3494350101372262e-05
J1,vacuum,0.5238741093660677,0.7237914819656748,1.3631350972223027e-05
J1,vacuum,0.5337911950804987,0.7306101525988389,1.3790830994957803e-05
J1,vacuum,0.5439250987788624,0.737512778722418,1.3961271907712267e-05
J1,vacuum,0.5541872646433623,0.7444375491895625,1.4114220018388783e-05
J1,vacuum,0.5644992623115686,0.7513316593299982,1.4257259556420074e-05
J1,vacuum,0.5747671021549516,0.7581339605603693,1.4405274186270473e-05
J1,vacuum,0.5847821557902423,0.7647105045638135,1.4522688681902408e-05
J1,vacuum,0.5940673877504099,0.7707576712238483,1.4638313741997442e-05
J1,vacuum,0.6014953546271107,0.775561315839767,1.4690651932095803e-05
J1,vacuum,0.6059051899713626,0.77839911997083,1.4704634622530322e-05
J1,vacuum,0.6079241587818829,0.7796949139130528,1.4745617045770474e-05
J1,vacuum,0.6090151726110372,0.7803942417849052,1.4736353742077438e-05
J1,vacuum,0.6097091107216583,0.7808387226064409,1.4782978748355314e-05
J1,vacuum,0.610181854422168,0.7811413792791725,1.475998315351408e-05
J1,vacuum,0.6105826093870579,0.78139785601642,1.4854600543482092e-05
J1,vacuum,0.6109678762441525,0.7816443412730323,1.5046344459230372e-05
J1,vacuum,0.6113773304612735,0.7819062158988592,1.5071598432435767e-05
J1,vacuum,0.611874078842167,0.7822238035512388,1.4970518210938222e-05
J1,vacuum,0.6125726443979966,0.7826702015523503,1.4995921625477449e-05
J1,vacuum,0.6137713061440198,0.7834355788091448,1.4923287704243168e-05
J1,vacuum,0.6163030317515005,0.785049700179231,1.491095857000609e-05
J1,vacuum,0.621458968990991,0.788326689254519,1.4891595451716473e-05
J1,vacuum,0.6294258025302903,0.7933636004571235,1.4965148363921253e-05
J1,vacuum,0.6391536150389192,0.7994708343891722,1.5046196015511398e-05
J1,vacuum,0.6497821552125355,0.8060906619062992,1.5104444410442186e-05
J1,vacuum,0.6607925490564728,0.8128914743411157,1.519823270788761e-05
J1,vacuum,0.6718563936861712,0.8196684657141393,1.525043060749013e-05
J1,vacuum,0.6827094286965301,0.8262623243840482,1.529885476865829e-05
J1,vacuum,0.6929618606845835,0.8324433077901363,1.537910125299899e-05
J1,vacuum,0.7012668280998784,0.8374167589079397,1.5428160728946952e-05
J1,vacuum,0.7062458680225021,0.8403843573166401,1.542581819965407e-05
J1,vacuum,0.7087980965156766,0.8419014767273405,1.546085895525071e-05
J1,vacuum,0.7102098820157374,0.8427395101784046,1.5465808362984618e-05
J1,vacuum,0.7109608615999301,0.8431849510041851,1.5456486613649978e-05
J1,vacuum,0.7115003237883734,0.8435047858716471,1.5458301843629088e-05
J1,vacuum,0.7119485082139532,0.8437704120280309,1.55126518936043e-05
J1,vacuum,0.7123534805881961,0.8440103557351628,1.5456484628604827e-05
J1,vacuum,0.7127481037854688,0.8442441020140258,1.5506904497676034e-05
J1,vacuum,0.7131782746787547,0.8444988304780267,1.5493815004146462e-05
J1,vacuum,0.7136988971348923,0.8448070176879997,1.5469867064580772e-05
J1,vacuum,0.7143932400778287,0.845217865451168,1.5421688693799143e-05
J1,vacuum,0.7154654794343134,0.8458519252412406,1.539561572440771e-05
J1,vacuum,0.7175230868312943,0.8470673449208712,1.5445362967384073e-05
J1,vacuum,0.7218305344011651,0.8496061054401416,1.548695356811791e-05
J1,vacuum,0.7292636833088664,0.8539693690694452,1.5616178822498507e-05
J1,vacuum,0.7391452214033555,0.8597355531809509,1.5837528518566315e-05
J1,vacuum,0.7501003032831153,0.8660833119758834,1.5784699644815522e-05
J1,vacuum,0.7613470835476857,0.8725520520563147,1.5867117194888867e-05
J1,vacuum,0.7721165505232186,0.8787016277003352,1.6364561405137535e-05
J1,vacuum,0.7811091235065297,0.8838037811112429,1.748913020805052e-05
J1,vacuum,0.7875268271862947,0.8874270827433062,1.873001066633842e-05
J1,vacuum,0.7911165316330167,0.8894473180762403,1.9334305066621014e-05
J1,vacuum,0.79276085807818,0.8903711911771293,1.9803091978789273e-05
J1,vacuum,0.7937655398429836,0.8909352051877755,1.9886103587128366e-05
J1,vacuum,0.7944337326201591,0.8913101214617498,1.998758641528631e-05
J1,vacuum,0.794939525318954,0.8915938118442467,1.4945327836888433e-05
J1,vacuum,0.795399985133699,0.8918519973256207,1.5545306146226365e-05
J1,vacuum,0.7958026813251315,0.8920777327818084,1.9483400679044434e-05
J1,vacuum,0.7961933595833324,0.8922966768868594,2.0297074008996535e-05
J1,vacuum,0.7966401397854146,0.8925469958413476,2.1258829584116383e-05
J1,vacuum,0.7971783338926246,0.892848438366011,2.2028532343655367e-05
J1,vacuum,0.7978107911339307,0.8932025476530677,2.2274805322273078e-05
J1,vacuum,0.7986957483193649,0.8936977947378884,2.3143922842503842e-05
J1,vacuum,0.8002318754359248,0.8945568039179652,2.3663796345556325e-05
J1,vacuum,0.8033388854394037,0.8962917412535963,2.2696723303544128e-05
J1,vacuum,0.8091165085838349,0.8995090375220445,1.7797290663526087e-05
J1,vacuum,0.8176480037468767,0.9042389085561828,2.296925536251402e-05
J1,vacuum,0.8279483870962185,0.9099166923934402,4.0114667700333916e-05
J1,vacuum,0.8383711471066958,0.9156260956890077,4.3701720283309864e-05
J1,vacuum,0.8474741595155908,0.9205835972444821,0.00010886788017027945
J1,vacuum,0.853920906682492,0.9240784093801196,3.2456533980961426e-05
J1,vacuum,0.8573759034859315,0.9259459506288321,7.930350119109211e-05
J1,vacuum,0.8591383569394297,0.9268971663239832,0.00012123891377602538
J1,vacuum,0.8601658709213587,0.9274512768449665,0.00014495501039911776
J1,vacuum,0.8609076742130686,0.9278511056269042,0.00016261884377121857
J1,vacuum,0.8614747138201585,0.9281566213846446,0.0001699576353859063
J1,vacuum,0.8619031670750875,0.9283874013982997,0.00017433630179432782
J1,vacuum,0.8623300433839619,0.9286172749760592,0.00017554383020031763
J1,vacuum,0.8627615353738178,0.9288495762898413,0.00017470254721858527
J1,vacuum,0.8631981443243307,0.9290845732893915,0.00017293815053609976
J1,vacuum,0.8636356389417827,0.9293199873788268,0.0001735492379285161
J1,vacuum,0.8641533527616541,0.929598490081419,0.00017114410105940583
J1,vacuum,0.8648570819534376,0.9299769254951639,0.00016810601319521384
J1,vacuum,0.8658368642191552,0.9305035541141985,0.00016287681237832445
J1,vacuum,0.8673736418495659,0.9313289654303499,0.0001490597694271062
J1,vacuum,0.8701897146263103,0.9328395974798188,0.00010700978810832715
J1,vacuum,0.8760544193731192,0.935977787863109,3.2669387242887376e-05
J1,vacuum,0.8852049201384783,0.9408532936321572,4.4089062467477105e-05
J1,vacuum,0.8963967593148494,0.9467823188647163,7.161701575898292e-05
J1,vacuum,0.9090120273182357,0.9534212223976535,2.401272243956712e-05
J1,vacuum,0.922142057280099,0.9602822799990111,1.8854368192808036e-05
J1,vacuum,0.9350904516035834,0.967000750570331,2.0651858505017143e-05
J1,vacuum,0.9466699950081958,0.9729696783601203,2.905981186682601e-05
J1,vacuum,0.9559041922291684,0.9777035298234166,2.065425115725609e-05
J1,vacuum,0.9616768555124007,0.9806512405092855,5.341550395327289e-05
J1,vacuum,0.9643777116098327,0.982027347689377,5.879467837748656e-05
J1,vacuum,0.9658823401012826,0.9827931318956612,6.266320646579576e-05
J1,vacuum,0.9669184403876508,0.9833201108426751,5.9065879242805175e-05
J1,vacuum,0.9676653839393572,0.9836998444339398,5.5655006807439474e-05
J1,vacuum,0.9681672363398759,0.9839548954804157,5.6414570931663436e-05
J1,vacuum,0.9686695131121799,0.984210096022277,5.749712956590172e-05
J1,vacuum,0.9691327092732038,0.9844453815591822,5.93867813197762e-05
J1,vacuum,0.969553483930127,0.9846590698968486,5.917012378400265e-05
J1,vacuum,0.9699712860515797,0.9848712027730223,5.8566360774050704e-05
J1,vacuum,0.970467674597336,0.9851231773729293,5.5317809657771044e-05
J1,vacuum,0.9710498827129755,0.9854186332280183,5.8684767428949344e-05
J1,vacuum,0.9717901276003653,0.9857941608674528,6.183575217056331e-05
J1,vacuum,0.9728622576603625,0.9863378009892769,6.465289836887883e-05
J1,vacuum,0.9745424438624868,0.9871891631609855,3.948527590592725e-05
J1,vacuum,0.9778733453236222,0.9888747874850599,5.081105136549006e-05
J1,vacuum,0.9843187123660726,0.9921283749425135,0.00010340178542511714
J1,vacuum,0.9942433435434939,0.9971175174188316,8.274961623159267e-05
J1,plasma_response,2.1472177611340383e-05,0.004633808111191095,0.7176120491594132
J1,plasma_response,0.00010735707459747507,0.01036132590923937,8.422164993815653e-06
J1,plasma_response,0.00027911588025903415,0.016706761513202797,1.4091280419514482e-05
J1,plasma_response,0.0005367392006026118,0.023167632606777323,1.9755094832060983e-05
J1,plasma_response,0.0008802072366784726,0.029668286716264435,2.522947466485205e-05
J1,plasma_response,0.0013094964035694355,0.03618696455312929,3.0421202842877256e-05
J1,plasma_response,0.0018245953340120225,0.04271528220686389,3.508034726795033e-05
J1,plasma_response,0.0024254980996628686,0.04924934618513091,3.9060909775856174e-05
J1,plasma_response,0.003112238042626268,0.05578743624353308,4.27810564372404e-05
J1,plasma_response,0.0038848922502306687,0.06232890381059712,4.7292249100199954e-05
J1,plasma_response,0.004743561024367148,0.06887351467993447,5.2741038652539274e-05
J1,plasma_response,0.005688368783583975,0.07542127540411905,5.8614747588715385e-05
J1,plasma_response,0.006719443906703449,0.0819722142356997,6.469121269570794e-05
J1,plasma_response,0.007836908410282296,0.08852631478991033,7.078747755083229e-05
J1,plasma_response,0.009040879754914567,0.09508354092541235,7.681677894708128e-05
J1,plasma_response,0.010331450617744615,0.10164374362322855,8.303215290000905e-05
J1,plasma_response,0.011708733774138773,0.10820690261780333,8.946983946335078e-05
J1,plasma_response,0.013172881563961038,0.1147731744091843,9.610694908125344e-05
J1,plasma_response,0.014724048046808227,0.12134268847692566,0.0001030269800580481
J1,plasma_response,0.016362395633463468,0.12791558010447152,0.00010972427995690665
J1,plasma_response,0.01808804395195005,0.13449179882784695,0.000116456199852306
J1,plasma_response,0.01990113744773817,0.14107139131566743,0.00012302681161707136
J1,plasma_response,0.021801884413277003,0.1476546118930154,0.00012874827994031784
J1,plasma_response,0.02379045729663574,0.15424155502534245,0.00013328511998959735
J1,plasma_response,0.025866973129083808,0.1608321271670676,0.00013772885733429673
J1,plasma_response,0.028031487511528015,0.16742606580675548,0.00014173225768683245
J1,plasma_response,0.030284071885262172,0.17402319352678874,0.0001456327486311249
J1,plasma_response,0.03262483188392654,0.1806234533052852,0.0001490639190854977
J1,plasma_response,0.0350538257694524,0.1872266694930303,0.0001532794901744932
J1,plasma_response,0.03757109312669024,0.1938326420567244,0.00015754856442472956
J1,plasma_response,0.040176693753521175,0.2004412476351142,0.0001623088248356495
J1,plasma_response,0.04287068408203963,0.20705237038498167,0.00016646151556163217
J1,plasma_response,0.04565312016368821,0.21366590781799563,0.0001708763268767797
J1,plasma_response,0.0485240577995049,0.22028176910381145,0.00017565494868343392
J1,plasma_response,0.05148356022293118,0.2268998903105314,0.00018067711748304892
J1,plasma_response,0.054531733393736556,0.23352030617001288,0.00018576640815349283
J1,plasma_response,0.05766864666297616,0.24014297129621795,0.00019097457721252515
J1,plasma_response,0.06089442560349297,0.24676795902931356,0.00019650747701474447
J1,plasma_response,0.06420929220067112,0.25339552521832565,0.00020227213514573787
J1,plasma_response,0.06761342955548495,0.2600258247857027,0.000208018528402191
J1,plasma_response,0.07110698892028194,0.26665893744684793,0.00021368603802633746
J1,plasma_response,0.07469008017476123,0.27329485940054055,0.0002192188341867948
J1,plasma_response,0.07836279856798756,0.2799335609890096,0.0002243008802877617
J1,plasma_response,0.08212523731624828,0.28657501167451477,0.0002289785206592325
J1,plasma_response,0.08597746704028522,0.2932191450780205,0.00023356044979640027
J1,plasma_response,0.08991956480783639,0.2998659113801307,0.00023829548553769894
J1,plasma_response,0.0939515463467128,0.3065151649538939,0.00024308359119875662
J1,plasma_response,0.09807331325845403,0.3131665902653954,0.00024780991670728033
J1,plasma_response,0.10228498018193376,0.3198202310391476,0.00025247306609241574
J1,plasma_response,0.10658676810114756,0.326476290258799,0.0002569984543702822
J1,plasma_response,0.1109787543285336,0.33313473899990315,0.00026129077273583047
J1,plasma_response,0.11546101061130032,0.3397955423652587,0.00026555990551906556
J1,plasma_response,0.1200332548911571,0.34645815748969905,0.00026955847644087995
J1,plasma_response,0.12469542370285852,0.35312239195901823,0.0002736725465404312
J1,plasma_response,0.1294479797663618,0.3597887988339295,0.000278416844501643
J1,plasma_response,0.13429143639722452,0.3664579599315923,0.00028323767118067244
J1,plasma_response,0.13922623497009337,0.37313031901748933,0.0002833311192985526
J1,plasma_response,0.14425251523271226,0.3798058915192236,0.00028338055962299027
J1,plasma_response,0.14936931889195115,0.38648327116700815,0.00028355321817694247
J1,plasma_response,0.154576470795195,0.39316214313587594,0.0002836668192809178
J1,plasma_response,0.15987484020635317,0.39984351965031667,0.00028467521584444255
J1,plasma_response,0.16526466096217649,0.40652756482454727,0.0002867280423452228
J1,plasma_response,0.17074624777464417,0.4132145299655424,0.000288919820489368
J1,plasma_response,0.17631991508488187,0.41990464999197363,0.00029087197906528994
J1,plasma_response,0.18198552743282234,0.42659761770645455,0.00029278600720070174
J1,plasma_response,0.18774242443874928,0.43329253909887405,0.00029465647743123145
J1,plasma_response,0.1935912705560791,0.43999008006553864,0.0002969330059858087
J1,plasma_response,0.19953328964375452,0.4466914926923889,0.00030033447494634324
J1,plasma_response,0.2055688989122222,0.4533970653987762,0.0003054474551009935
J1,plasma_response,0.2116985759781783,0.4601071353263045,0.00031231128054910474
J1,plasma_response,0.2179228400511427,0.46682206465755527,0.0003215368068182064
J1,plasma_response,0.22424222632583207,0.4735422117676861,0.0003355504344484799
J1,plasma_response,0.23065739276533392,0.4802680426234229,0.00035535774066630487
J1,plasma_response,0.23716882405029957,0.4869998193534568,0.00036699437256284455
J1,plasma_response,0.24377637341116537,0.49373715012257824,0.00035995461792770174
J1,plasma_response,0.2504799310268667,0.5004797009138999,0.0003487762985582558
J1,plasma_response,0.25727928011680196,0.5072270498670215,0.0003400673079503827
J1,plasma_response,0.2641735117934597,0.5139781238471728,0.00033207235493424084
J1,plasma_response,0.2711610978736414,0.5207313106330763,0.0003249318835119117
J1,plasma_response,0.27823951605735375,0.5274841382045092,0.0003201685904766099
J1,plasma_response,0.28540466571897277,0.5342327823327325,0.0003202077335072217
J1,plasma_response,0.2926495050469299,0.540970891127175,0.0003229079791983115
J1,plasma_response,0.2999607030847625,0.5476866833188136,0.0003252830399127198
J1,plasma_response,0.3073104855068003,0.5543559195199419,0.0003272929224268823
J1,plasma_response,0.3146328614443143,0.5609214396368838,0.0003290045484813246
J1,plasma_response,0.3217454966669411,0.5672261424396279,0.0003281309103606838
J1,plasma_response,0.3281111722089387,0.5728098918567475,0.00032345347563869295
J1,plasma_response,0.33255723870219034,0.5766777598470313,0.00031874156742368724
J1,plasma_response,0.33473615859932726,0.5785638759889242,0.0003164165377635293
J1,plasma_response,0.33565925249605505,0.5793610726447326,0.00031549019648741914
J1,plasma_response,0.3361554647005448,0.5797891553837005,0.00031505479360938865
J1,plasma_response,0.3365256096669723,0.5801082740893913,0.00031459746457908366
J1,plasma_response,0.3368624583047103,0.5803985340304628,0.000314042386843858
J1,plasma_response,0.33722166123638964,0.5807078966540662,0.000313834349927054
J1,plasma_response,0.3377248539775698,0.5811409932000752,0.0003132560455955085
J1,plasma_response,0.33862635700013033,0.5819161082150333,0.0003126791127277816
J1,plasma_response,0.34078626223161756,0.5837690144497373,0.00031132409044793395
J1,plasma_response,0.34522017938391336,0.5875544054671987,0.00030957287755480604
J1,plasma_response,0.3516738426446477,0.5930209462107116,0.00030876715279048284
J1,plasma_response,0.3591611041009175,0.5993005123482855,0.0003069914145232815
J1,plasma_response,0.36710584646217015,0.605892603075966,0.0003045622157794959
J1,plasma_response,0.3752994149370775,0.6126168581887683,0.00030202327310154914
J1,plasma_response,0.3836669818374884,0.6194085742363342,0.00029962168047059824
J1,plasma_response,0.392176674131664,0.6262401090090478,0.00029750750813201674
J1,plasma_response,0.4008120856826749,0.6330972166126423,0.0002956868777332418
J1,plasma_response,0.409562812341278,0.6399709464821649,0.00029410476551259244
J1,plasma_response,0.41842022899856185,0.646854101786919,0.0002928312788597876
J1,plasma_response,0.42737474610299686,0.6537390504650895,0.00029184211218035767
J1,plasma_response,0.436412927823286,0.6606155673485798,0.00029041848555148717
J1,plasma_response,0.4455128406128757,0.6674674828131149,0.0002887861977994036
J1,plasma_response,0.45461198097702016,0.6742491979802573,0.0002872073185866123
J1,plasma_response,0.46357828692487096,0.6808658362150879,0.00028605133434532324
J1,plasma_response,0.47206725905536595,0.6870715094190458,0.00028489028180638356
J1,plasma_response,0.47925618486703425,0.6922833125729915,0.0002823308330809104
J1,plasma_response,0.48389623377672564,0.6956265045099458,0.0002799885400196424
J1,plasma_response,0.4860827214835603,0.6971963292241005,0.0002790635267315293
J1,plasma_response,0.4871029363342032,0.6979276010691963,0.00027867264537940654
J1,plasma_response,0.4876852470722047,0.6983446477722907,0.0002784643945491991
J1,plasma_response,0.48811767821372043,0.6986541907222202,0.00027830796426230167
J1,plasma_response,0.48849044609004316,0.6989209154761669,0.0002783963856698646
J1,plasma_response,0.488862991315127,0.6991873792590417,0.00027772016013818604
J1,plasma_response,0.48929656206702693,0.6994973638742514,0.00027794050704730617
J1,plasma_response,0.4899102411107535,0.6999358835713122,0.0002778649089268764
J1,plasma_response,0.4909799317748448,0.700699601665967,0.00027751936155052227
J1,plasma_response,0.49326789385940545,0.7023303310119857,0.00027707131149119253
J1,plasma_response,0.4980385124755413,0.70571843710898,0.00027674399539769393
J1,plasma_response,0.5054284849093915,0.7109349371844034,0.000276514259483903
J1,plasma_response,0.5143105644657702,0.7171544913515986,0.00027515912827526235
J1,plasma_response,0.5238741093660677,0.7237914819656748,0.000274003241372483
J1,plasma_response,0.5337911950804987,0.7306101525988389,0.00027350453241866877
J1,plasma_response,0.5439250987788624,0.737512778722418,0.00027313412477327837
J1,plasma_response,0.5541872646433623,0.7444375491895625,0.0002726305199423225
J1,plasma_response,0.5644992623115686,0.7513316593299982,0.0002722927843989672
J1,plasma_response,0.5747671021549516,0.7581339605603693,0.0002728367589273976
J1,plasma_response,0.5847821557902423,0.7647105045638135,0.0002740172717814301
J1,plasma_response,0.5940673877504099,0.7707576712238483,0.0002754625628083817
J1,plasma_response,0.6014953546271107,0.775561315839767,0.00027517683644671443
J1,plasma_response,0.6059051899713626,0.77839911997083,0.0002746540100876945
J1,plasma_response,0.6079241587818829,0.7796949139130528,0.0002744943335400243
J1,plasma_response,0.6090151726110372,0.7803942417849052,0.00027445523734434605
J1,plasma_response,0.6097091107216583,0.7808387226064409,0.00027445178857455124
J1,plasma_response,0.610181854422168,0.7811413792791725,0.0002744834943460524
J1,plasma_response,0.6105826093870579,0.78139785601642,0.0002745200723391871
J1,plasma_response,0.6109678762441525,0.7816443412730323,0.00027434697406810186
J1,plasma_response,0.6113773304612735,0.7819062158988592,0.0002743748728205919
J1,plasma_response,0.611874078842167,0.7822238035512388,0.0002743426074976704
J1,plasma_response,0.6125726443979966,0.7826702015523503,0.00027437960788384243
J1,plasma_response,0.6137713061440198,0.7834355788091448,0.0002744560163599125
J1,plasma_response,0.6163030317515005,0.785049700179231,0.00027448927135428913
J1,plasma_response,0.621458968990991,0.788326689254519,0.0002743173180909885
J1,plasma_response,0.6294258025302903,0.7933636004571235,0.00027308611003442094
J1,plasma_response,0.6391536150389192,0.7994708343891722,0.0002706753610677503
J1,plasma_response,0.6497821552125355,0.8060906619062992,0.00026841701371278884
J1,plasma_response,0.6607925490564728,0.8128914743411157,0.0002664644967118171
J1,plasma_response,0.6718563936861712,0.8196684657141393,0.00026491804212378325
J1,plasma_response,0.6827094286965301,0.8262623243840482,0.0002643260437561502
J1,plasma_response,0.6929618606845835,0.8324433077901363,0.0002648301608403376
J1,plasma_response,0.7012668280998784,0.8374167589079397,0.0002645006053551422
J1,plasma_response,0.7062458680225021,0.8403843573166401,0.00026360475356893487
J1,plasma_response,0.7087980965156766,0.8419014767273405,0.00026293971171027916
J1,plasma_response,0.7102098820157374,0.8427395101784046,0.0002626424088863763
J1,plasma_response,0.7109608615999301,0.8431849510041851,0.0002624904547323009
J1,plasma_response,0.7115003237883734,0.8435047858716471,0.00026236477933208157
J1,plasma_response,0.7119485082139532,0.8437704120280309,0.0002622842013294541
J1,plasma_response,0.7123534805881961,0.8440103557351628,0.00026223275684933726
J1,plasma_response,0.7127481037854688,0.8442441020140258,0.00026216551493329356
J1,plasma_response,0.7131782746787547,0.8444988304780267,0.00026205914118018807
J1,plasma_response,0.7136988971348923,0.8448070176879997,0.0002620238712883439
J1,plasma_response,0.7143932400778287,0.845217865451168,0.00026199126471444225
J1,plasma_response,0.7154654794343134,0.8458519252412406,0.00026193264310186916
J1,plasma_response,0.7175230868312943,0.8470673449208712,0.00026194388996312186
J1,plasma_response,0.7218305344011651,0.8496061054401416,0.00026207741402211373
J1,plasma_response,0.7292636833088664,0.8539693690694452,0.00026249412469523146
J1,plasma_response,0.7391452214033555,0.8597355531809509,0.0002621156550678453
J1,plasma_response,0.7501003032831153,0.8660833119758834,0.0002623783228365265
J1,plasma_response,0.7613470835476857,0.8725520520563147,0.00026384195565891036
J1,plasma_response,0.7721165505232186,0.8787016277003352,0.00026603503492240386
J1,plasma_response,0.7811091235065297,0.8838037811112429,0.0002677205802569101
J1,plasma_response,0.7875268271862947,0.8874270827433062,0.000267508385007371
J1,plasma_response,0.7911165316330167,0.8894473180762403,0.00026709565660612734
J1,plasma_response,0.79276085807818,0.8903711911771293,0.00026693536295753815
J1,plasma_response,0.7937655398429836,0.8909352051877755,0.00026693541515566103
J1,plasma_response,0.7944337326201591,0.8913101214617498,0.00026695383496880585
J1,plasma_response,0.794939525318954,0.8915938118442467,0.0002673277708545799
J1,plasma_response,0.795399985133699,0.8918519973256207,0.00026874677884553065
J1,plasma_response,0.7958026813251315,0.8920777327818084,0.0002691010384798672
J1,plasma_response,0.7961933595833324,0.8922966768868594,0.0002692831067841272
J1,plasma_response,0.7966401397854146,0.8925469958413476,0.0002695352224945153
J1,plasma_response,0.7971783338926246,0.892848438366011,0.00026974235641017325
J1,plasma_response,0.7978107911339307,0.8932025476530677,0.00027010826370486504
J1,plasma_response,0.7986957483193649,0.8936977947378884,0.00027050323894200313
J1,plasma_response,0.8002318754359248,0.8945568039179652,0.0002711035341217619
J1,plasma_response,0.8033388854394037,0.8962917412535963,0.00027268610595523424
J1,plasma_response,0.8091165085838349,0.8995090375220445,0.00027621607909403517
J1,plasma_response,0.8176480037468767,0.9042389085561828,0.00028178779084289316
J1,plasma_response,0.8279483870962185,0.9099166923934402,0.0002931205490973564
J1,plasma_response,0.8383711471066958,0.9156260956890077,0.0003270198595960524
J1,plasma_response,0.8474741595155908,0.9205835972444821,0.0003688168667412085
J1,plasma_response,0.853920906682492,0.9240784093801196,0.0003948237438631477
J1,plasma_response,0.8573759034859315,0.9259459506288321,0.00041274994484150144
J1,plasma_response,0.8591383569394297,0.9268971663239832,0.00042661763144957477
J1,plasma_response,0.8601658709213587,0.9274512768449665,0.00043190343672725226
J1,plasma_response,0.8609076742130686,0.9278511056269042,0.00043619280032013353
J1,plasma_response,0.8614747138201585,0.9281566213846446,0.0004370441035873219
J1,plasma_response,0.8619031670750875,0.9283874013982997,0.00043857681422601065
J1,plasma_response,0.8623300433839619,0.9286172749760592,0.0004398515623030447
J1,plasma_response,0.8627615353738178,0.9288495762898413,0.0004417617499921362
J1,plasma_response,0.8631981443243307,0.9290845732893915,0.000444295787647118
J1,plasma_response,0.8636356389417827,0.9293199873788268,0.000446398446228724
J1,plasma_response,0.8641533527616541,0.929598490081419,0.0004492403156534115
J1,plasma_response,0.8648570819534376,0.9299769254951639,0.00045575408810446047
J1,plasma_response,0.8658368642191552,0.9305035541141985,0.00046859163545066623
J1,plasma_response,0.8673736418495659,0.9313289654303499,0.0005027468760568639
J1,plasma_response,0.8701897146263103,0.9328395974798188,0.000619896552121657
J1,plasma_response,0.8760544193731192,0.935977787863109,0.001043079498648382
J1,plasma_response,0.8852049201384783,0.9408532936321572,0.0017085614599003274
J1,plasma_response,0.8963967593148494,0.9467823188647163,0.002238136574773247
J1,plasma_response,0.9090120273182357,0.9534212223976535,0.002542604287552692
J1,plasma_response,0.922142057280099,0.9602822799990111,0.002754430917576758
J1,plasma_response,0.9350904516035834,0.967000750570331,0.002967051890847858
J1,plasma_response,0.9466699950081958,0.9729696783601203,0.0032261241087126317
J1,plasma_response,0.9559041922291684,0.9777035298234166,0.003522884521160219
J1,plasma_response,0.9616768555124007,0.9806512405092855,0.0037729197561606705
J1,plasma_response,0.9643777116098327,0.982027347689377,0.003917321627093302
J1,plasma_response,0.9658823401012826,0.9827931318956612,0.0039819081329441905
J1,plasma_response,0.9669184403876508,0.9833201108426751,0.004053433140803515
J1,plasma_response,0.9676653839393572,0.9836998444339398,0.0040635027465700455
J1,plasma_response,0.9681672363398759,0.9839548954804157,0.0040590519462468085
J1,plasma_response,0.9686695131121799,0.984210096022277,0.004076152587362848
J1,plasma_response,0.9691327092732038,0.9844453815591822,0.00408862497842144
J1,plasma_response,0.969553483930127,0.9846590698968486,0.004088476357252839
J1,plasma_response,0.9699712860515797,0.9848712027730223,0.004085316190550882
J1,plasma_response,0.970467674597336,0.9851231773729293,0.004091223257778572
J1,plasma_response,0.9710498827129755,0.9854186332280183,0.0041098340176291305
J1,plasma_response,0.9717901276003653,0.9857941608674528,0.004130739088578778
J1,plasma_response,0.9728622576603625,0.9863378009892769,0.0041733764008897905
J1,plasma_response,0.9745424438624868,0.9871891631609855,0.004203364965782747
J1,plasma_response,0.9778733453236222,0.9888747874850599,0.004199365550792634
J1,plasma_response,0.9843187123660726,0.9921283749425135,0.004280766249523777
J1,plasma_response,0.9942433435434939,0.9971175174188316,0.007354543163996832
J2,total,4.2944355222680766e-05,0.006553194276280901,77.7113430705001
J2,total,0.00017176979397226936,0.013106097587469329,4.334853763017634
J2,total,0.0003864619665457989,0.01965863592790199,1.1614542426073315
J2,total,0.0006870164346594247,0.026210998352970548,0.31126293641693087
J2,total,0.0010733980386975206,0.03276275383263014,0.08339815753712236
J2,total,0.0015455947684413502,0.039314053065555965,0.022351711103347015
J2,total,0.002103595899582695,0.045864974649319226,0.006015187383816706
J2,total,0.002747400299743042,0.0524156493782443,0.0017691151771537276
J2,total,0.0034770757855094943,0.058966734567122626,0.0009352748596381998
J2,total,0.0042927087149518435,0.06551876612812427,0.0007482776965676477
J2,total,0.005194413333782453,0.07207227853885607,0.000640528477798695
J2,total,0.006182324233385497,0.0786277573976614,0.0006152617684608567
J2,total,0.0072565635800214,0.0851854657792126,0.0006027512370600156
J2,total,0.00841725324054319,0.0917455897607247,0.00059990007918956
J2,total,0.009664506269285944,0.09830822076147011,0.0006035673398158628
J2,total,0.010998394966203287,0.10487323283947762,0.0006045751530468108
J2,total,0.012419072582074258,0.11144089277313897,0.00060619890275379
J2,total,0.01392669054584782,0.11801140006731477,0.0006127466193746949
J2,total,0.015521405547768636,0.12458493306884519,0.0006027755762305584
J2,total,0.0172033857191583,0.13116167778416948,0.000603814533275176
J2,total,0.0189727021847418,0.13774143234605118,0.0006000369317930549
J2,total,0.020829572710734538,0.14432453953065133,0.0005963135845747544
J2,total,0.022774196115819472,0.15091121931725113,0.0006284577829898329
J2,total,0.02480671847745201,0.15750148722298468,0.000658478662983349
J2,total,0.026927227780715608,0.16409517902947549,0.0006779679177168357
J2,total,0.02913574724234042,0.17069196595721903,0.0007017618199294512
J2,total,0.03143239652818393,0.17729183999322679,0.0007639569397421647
J2,total,0.03381726723966916,0.18389471781339767,0.0007110143781375607
J2,total,0.036290384299235645,0.19050035249110603,0.0006785480604141804
J2,total,0.03885180195414484,0.19710860446501274,0.0006491202555187427
J2,total,0.04150158555289751,0.2037193794239947,0.0007245272934653542
J2,total,0.04423978261118174,0.21033255242872356,0.0007178011444564039
J2,total,0.04706645771619468,0.2169480530361927,0.0006677407198821412
J2,total,0.04998165788281512,0.223565779766974,0.0006385307497048942
J2,total,0.05298546256304724,0.23018571320359402,0.0006289820667913478
J2,total,0.05607800422442588,0.23680794797562407,0.0006150670760221881
J2,total,0.05925928910152643,0.24343230907487698,0.0006114522425551747
J2,total,0.06252956210545951,0.2500591172212273,0.0006189847327440902
J2,total,0.06588902229588271,0.25668857063742184,0.0006275771633218734
J2,total,0.06933783681508719,0.26332078690275706,0.0006524019674778687
J2,total,0.0728761410254767,0.26995581309813776,0.0006703004079073145
J2,total,0.07650401932404576,0.27659359957172863,0.0006906586784295664
J2,total,0.08022157781192936,0.28323413955935706,0.0006981180868427629
J2,total,0.0840288968205672,0.2898773823887735,0.0007090658268324544
J2,total,0.08792603726000324,0.2965232491053665,0.0006822100783413148
J2,total,0.09191309235566952,0.30317172090363165,0.0006562803278479492
J2,total,0.09599000033775607,0.30982253039079655,0.0006548395968157687
J2,total,0.10015662617915198,0.3164753168560733,0.0006594331355167786
J2,total,0.10441333418471553,0.32313052190208763,0.0006599756513033762
J2,total,0.1087602020175796,0.32978811685319953,0.0006444726377024764
J2,total,0.11319730663948761,0.3364480742098067,0.0006581845846462568
J2,total,0.11772471458311304,0.3431103533604211,0.000621686221761196
J2,total,0.12234179519920114,0.3497739201244157,0.0006204089609888641
J2,total,0.12704905220651588,0.3564394088853194,0.000676465048650303
J2,total,0.13184690732620769,0.3631072945097739,0.0009028680102978305
J2,total,0.13673596546824132,0.3697782652729083,0.0007426834011382916
J2,total,0.14171650447194542,0.37645252618616526,0.0007119422646960285
J2,total,0.14678852599347908,0.38312990746413816,0.0006265037354279441
J2,total,0.15195011179042323,0.389807788262912,0.0006166331941438456
J2,total,0.15720282979996672,0.3964881206290634,0.0005252087797872881
J2,total,0.1625468506127396,0.4031709942601769,0.0005436874337545784
J2,total,0.16798247131161337,0.40985664727025395,0.0005509345401778568
J2,total,0.17351002423767498,0.416545344755736,0.0005389607679152161
J2,total,0.17912980593208874,0.42323729270007476,0.0005494173086512797
J2,total,0.18484124893355594,0.4299316793788938,0.0005425534361798795
J2,total,0.1906435999439426,0.43662752998859633,0.0005617795299073932
J2,total,0.19653894116821566,0.4433271265873719,0.0006241227523717912
J2,total,0.2025276381192934,0.45003070797368194,0.0007132351155415266
J2,total,0.20861015970515095,0.45673861201473975,0.0007891455637721612
J2,total,0.21478699225120562,0.4634511756929802,0.000890141989319155
J2,total,0.22105868785107977,0.470168786555509,0.0010631186811807108
J2,total,0.22742576480058438,0.4768917747252351,0.0012413503274498092
J2,total,0.23388902073008344,0.48362074059130616,0.0009812148843177445
J2,total,0.2404486273705157,0.49035561317325177,0.0005444726213933252
J2,total,0.24710411945181507,0.4970956844027265,0.0005831991274377023
J2,total,0.2538557426019184,0.5038409894023296,0.0005377347918475951
J2,total,0.2607028176316855,0.5105906556447009,0.0005254737500264294
J2,total,0.2676442059552339,0.5173434120149148,0.0004970952905855626
J2,total,0.27467798979204894,0.5240973094684316,0.0004958446369333944
J2,total,0.2818010423226586,0.5308493593503326,0.0005288547707838097
J2,total,0.2890082891152869,0.5375949117274892,0.0006040731549489998
J2,total,0.29629072097857284,0.5443259326713847,0.0006240012105902151
J2,total,0.30363068519095227,0.5510269369014116,0.0006377198356340292
J2,total,0.31099028582264837,0.5576650301235038,0.0006807812330487755
J2,total,0.3182754370659802,0.5641590529859289,0.0008506638089139799
J2,total,0.3252155562679019,0.5702767365655922,0.0014226629571256523
J2,total,0.33100678814997553,0.5753318939099201,0.002295897548973858
J2,total,0.33410768925440515,0.5780204920713496,0.002474055487510015
J2,total,0.3353646279442493,0.5791067500420362,0.002614622434268327
J2,total,0.3359538770478608,0.5796152836562031,0.0029818184898624395
J2,total,0.3363570523532288,0.5799629749848079,0.002838248708627415
J2,total,0.33669416698071575,0.5802535368101738,0.003501078573438624
J2,total,0.3370307496287049,0.5805434950360782,0.004105663593736475
J2,total,0.3374125728440744,0.5808722517422178,0.002767652287276829
J2,total,0.33803713511106515,0.5814096104392025,0.002790930765547035
J2,total,0.33921557888919546,0.5824221655201625,0.0028174054755846895
J2,total,0.3423569455740396,0.5851127631269375,0.002947341482820811
J2,total,0.34808341319378705,0.5899859432171135,0.002484359571799242
J2,total,0.3552642720955083,0.5960404953486871,0.001391281515360376
J2,total,0.36305793610632675,0.6025428915075894,0.000785175460602425
J2,total,0.3711537568180135,0.6092238971166622,0.0005464845099108554
J2,total,0.3794450730561415,0.6159911306635361,0.0004740547216969246
J2,total,0.3878888906188352,0.622807266029255,0.0004493362969050055
J2,total,0.3964644576444929,0.6296542365810722,0.0004380779674453547
J2,total,0.40515971372085685,0.6365215736492023,0.00045501215203220044
J2,total,0.4139659109616991,0.6434018269803864,0.0004516906838268454
J2,total,0.4228745470354246,0.6502880492792594,0.0004618285734739596
J2,total,0.4318749451705691,0.6571719296885474,0.00045773106547167416
J2,total,0.4409509104760028,0.6640413469626744,0.0004826593319365756
J2,total,0.4500747707497486,0.6708761217614982,0.0004895903844130665
J2,total,0.45914919120429176,0.677605483452054,0.0005354421211168041
J2,total,0.46800738264545017,0.6841106508785331,0.0006662497774584086
J2,total,0.4761271354652817,0.6900196631004668,0.0012324332297377531
J2,total,0.48238523426878677,0.6945395843785916,0.0023076538213221806
J2,total,0.48540723328466456,0.6967117289702137,0.002447449634356587
J2,total,0.48675820968245603,0.6976805928807652,0.0025571751188330767
J2,total,0.4874476629859504,0.6981745218682435,0.002660987866672602
J2,total,0.48792283115845897,0.6985147322415318,0.002779851874482406
J2,total,0.48831252526898183,0.6987936213711327,0.006168357949337147
J2,total,0.4886683669111045,0.6990481864014129,0.01055864850139078
J2,total,0.4890576157191495,0.6993265444119432,0.007028922546854518
J2,total,0.48953550841490434,0.6996681416320915,0.0030791691744794566
J2,total,0.49028497380660263,0.7002035231320981,0.0026637320505567353
J2,total,0.49167488974308693,0.7011953292365023,0.0027533170935206087
J2,total,0.49486089797572397,0.7034635015235147,0.002718251487508077
J2,total,0.5012161269753587,0.70796619055952,0.0019276030877085526
J2,total,0.5096408428434245,0.7138913382605399,0.0009305348586225714
J2,total,0.518980286088116,0.7204028637423063,0.0005529115048408596
J2,total,0.5287679326440193,0.7271643092479301,0.00048307169950508397
J2,total,0.538814457516978,0.7340398201167141,0.00043546292924910476
J2,total,0.5490357400407467,0.7409694595870647,0.00045065372090150453
J2,total,0.5593387892459778,0.7478895568504602,0.00047791803428576414
J2,total,0.5696597353771594,0.7547580641352296,0.000519877626976314
J2,total,0.5798744689327439,0.761494890943297,0.0005478793042413234
J2,total,0.5896898426477407,0.7679126530066689,0.0006952942920996596
J2,total,0.598444932853079,0.77359222646888,0.0012173071524490262
J2,total,0.6045457764011423,0.7775254184919888,0.001868009171585586
J2,total,0.607264603541583,0.7792718418764937,0.0021740403947264576
J2,total,0.6085837140221827,0.7801177565099917,0.002245444162460142
J2,total,0.6094466311998917,0.78067062913875,0.002207845696332812
J2,total,0.6099715902434248,0.7810067798959397,0.0028273951072933417
J2,total,0.6103921186009112,0.7812759554734238,0.0032758987351988378
J2,total,0.6107731001732044,0.781519737545511,0.004363285482294915
J2,total,0.6111626523151006,0.7817689251403516,0.0034957320659826296
J2,total,0.6115920086074463,0.7820434825554435,0.002524041479257956
J2,total,0.6121561490768876,0.7824040829883799,0.0023697556460988266
J2,total,0.6129891397191055,0.7829362296631224,0.002400289284792857
J2,total,0.6145534725689341,0.7839346098807821,0.0023896645282082915
J2,total,0.6180525909340668,0.7861632088402934,0.0023052975560644393
J2,total,0.6248653470479151,0.7904842484502238,0.0014812483279857869
J2,total,0.6339862580126657,0.7962325401618963,0.000728533930291194
J2,total,0.6443209720651727,0.8026960645631525,0.0005166972143131578
J2,total,0.6552433383598982,0.809471023792636,0.0004273397706957402
J2,total,0.6663417597530473,0.8162975926419527,0.00040819902166806755
J2,total,0.6773710276192951,0.8230255327869818,0.000477608445028161
J2,total,0.688047829773765,0.829486485588382,0.0006604088414621569
J2,total,0.6978758915954021,0.8353896645251258,0.0012136017300267098
J2,total,0.7046577646043548,0.8394389582360082,0.0018429720233993862
J2,total,0.7078339714406493,0.8413286940552125,0.0022152661531368877
J2,total,0.709762221590704,0.8424738699750302,0.0022799747578128296
J2,total,0.710657542440771,0.8430050666756226,0.0024468317586256775
J2,total,0.7112641807590891,0.8433647969645692,0.0026107482344581907
J2,total,0.7117364668176576,0.8436447515498793,0.002638159407549668
J2,total,0.7121605496102487,0.843896053794689,0.002791088137431608
J2,total,0.7125464115661436,0.8441246421981434,0.0025762141526755487
J2,total,0.7129497960047939,0.844363544928838,0.0029045261900422672
J2,total,0.7134067533527156,0.844634094358448,0.002793241039597003
J2,total,0.7139910409170689,0.8449799056291628,0.002428218967033549
J2,total,0.7147954392385885,0.845455758297611,0.0023988034921672914
J2,total,0.7161355196300384,0.8462479067212151,0.002432945304221476
J2,total,0.7189106540325502,0.8478859911760249,0.002311930014006386
J2,total,0.7247504147697801,0.8513227441868214,0.0017574432267067064
J2,total,0.7337769518479527,0.8566078168263191,0.0008912174764152764
J2,total,0.7445134909587583,0.8628519519354165,0.0005963834245947761
J2,total,0.7556871156074723,0.8693026605316886,0.0005516861133831087
J2,total,0.7670070514878989,0.8757893876314664,0.0006651510338394945
J2,total,0.7772260495585382,0.8816042476976493,0.0011048169801243402
J2,total,0.7849921974545211,0.8859978540913748,0.0021818605682316374
J2,total,0.7900614569180684,0.8888540132766845,0.003167005653718678
J2,total,0.7921716063479649,0.8900402273762489,0.0034951831401953495
J2,total,0.7933501098083949,0.8907020319997002,0.003684621687661686
J2,total,0.7941809698775723,0.8911683173663504,0.00398849172003939
J2,total,0.794686495362746,0.8914519030002381,0.004188109504372219
J2,total,0.7951925552751617,0.8917356981051963,0.005495753783731486
J2,total,0.7956074149922363,0.8919682813823798,0.005152409105562177
J2,total,0.7959979476580268,0.8921871707539998,0.004121798119186336
J2,total,0.7963887715086381,0.8924061695823478,0.004222198708021167
J2,total,0.7968915080621912,0.8926877998842547,0.004137695338870823
J2,total,0.7974651597230579,0.8930090479513956,0.004230137563831714
J2,total,0.7981564225448036,0.8933960054448439,0.0040268302568041816
J2,total,0.799235074093926,0.8939994821552897,0.004069626134300326
J2,total,0.8012286767779236,0.8951137786772828,0.004152489944613109
J2,total,0.8054490941008836,0.8974681577086084,0.0036918403306363413
J2,total,0.8127839230667862,0.9015452972905944,0.002314653430309446
J2,total,0.8225120844269674,0.9069245196966325,0.00176472839580002
J2,total,0.8333846897654696,0.9128990578182615,0.002283674393026239
J2,total,0.843357604447922,0.9183450356200125,0.004139972677317526
J2,total,0.8515907145832597,0.9228167285995956,0.0024512401902906963
J2,total,0.8562510987817241,0.9253383698851594,0.0028231298345205375
J2,total,0.8585007081901389,0.9265531329557625,0.003133214391462328
J2,total,0.8597760056887205,0.9272410720458409,0.0034626541294836
J2,total,0.8605557361539968,0.9276614340124294,0.005540989147747236
J2,total,0.8612596122721404,0.9280407384765716,0.005174242006036641
J2,total,0.8616898153681766,0.9282724898262237,0.0048849423293081074
J2,total,0.8621165187819985,0.9285022987489038,0.005724337416422828
J2,total,0.8625435679859254,0.9287322369692598,0.004258673451975646
J2,total,0.8629795027617102,0.9289669007891025,0.00440178034209217
J2,total,0.8634167858869513,0.9292022308878467,0.005196883143449532
J2,total,0.8638544919966143,0.9294377289504737,0.004470057166633841
J2,total,0.8644522135266938,0.929759223415769,0.0036132907081136696
J2,total,0.8652619503801813,0.9301945766237197,0.004093023050634532
J2,total,0.8664117780581291,0.9308124290414955,0.005135645785717773
J2,total,0.8683355056410028,0.9318452154950428,0.008251009485776459
J2,total,0.8720439236116179,0.9338329206081878,0.014251955963452672
J2,total,0.8800649151346207,0.9381177512096339,0.018350175454862984
J2,total,0.8903449251423359,0.9435809054566205,0.01485386821680077
J2,total,0.9024485934873631,0.9499729435554273,0.01142437467813702
J2,total,0.9155754611491084,0.9568570745670998,0.010146050230310504
J2,total,0.9287086534110897,0.9636953115020793,0.011227741980643125
J2,total,0.941472249796077,0.9702949292849453,0.013722005643107039
J2,total,0.9518677402203145,0.9756370945286544,0.021135843551546376
J2,total,0.9599406442380223,0.9797656067846137,0.028492383968712155
J2,total,0.9634130667867792,0.9815360751326357,0.0350073607276636
J2,total,0.965342356432886,0.9825183746031857,0.03753597113732108
J2,total,0.9664223237696791,0.9830678123963164,0.0517177981150151
J2,total,0.9674145570056226,0.9835723445713704,0.03172385421121845
J2,total,0.9679162108730919,0.983827327773066,0.05559797805729982
J2,total,0.9684182618066598,0.9840824466510211,0.03074482504314927
J2,total,0.9689207644176998,0.9843377288399037,0.029173969966568205
J2,total,0.9693446541287077,0.9845530225075274,0.026639274101041756
J2,total,0.9697623137315462,0.9847651058661381,0.034849958928793175
J2,total,0.9701802583716131,0.9849772882516699,0.021404791198798172
J2,total,0.9707550908230589,0.9852690448923375,0.024328203121431753
J2,total,0.9713446746028922,0.9855681988593646,0.021069143220789746
J2,total,0.9722355805978384,0.986020071092794,0.02423070303516939
J2,total,0.9734889347228867,0.9866554285680927,0.019639296070381382
J2,total,0.975595953002087,0.9877226093403385,0.02921232375911688
J2,total,0.9801507376451575,0.9900256247416819,0.038767109045400754
J2,total,0.9884866870869876,0.9942266779195716,0.1489982882775492
J2,vacuum,4.2944355222680766e-05,0.006553194276280901,0.026528817036482813
J2,vacuum,0.00017176979397226936,0.013106097587469329,0.0014890840196991008
J2,vacuum,0.0003864619665457989,0.01965863592790199,0.0004019837534929274
J2,vacuum,0.0006870164346594247,0.026210998352970548,0.00011202918633176308
J2,vacuum,0.0010733980386975206,0.03276275383263014,3.73327038290116e-05
J2,vacuum,0.0015455947684413502,0.039314053065555965,2.2321024565679527e-05
J2,vacuum,0.002103595899582695,0.045864974649319226,1.5011951967682667e-05
J2,vacuum,0.002747400299743042,0.0524156493782443,1.6907159512363346e-05
J2,vacuum,0.0034770757855094943,0.058966734567122626,2.2125048163782593e-05
J2,vacuum,0.0042927087149518435,0.06551876612812427,1.373267640696923e-05
J2,vacuum,0.005194413333782453,0.07207227853885607,8.065674168772945e-06
J2,vacuum,0.006182324233385497,0.0786277573976614,1.1196779440638054e-05
J2,vacuum,0.0072565635800214,0.0851854657792126,8.376804042750071e-06
J2,vacuum,0.00841725324054319,0.0917455897607247,5.5833523879588345e-06
J2,vacuum,0.009664506269285944,0.09830822076147011,4.748780756496449e-06
J2,vacuum,0.010998394966203287,0.10487323283947762,8.364600334561322e-06
J2,vacuum,0.012419072582074258,0.11144089277313897,9.444674042926395e-06
J2,vacuum,0.01392669054584782,0.11801140006731477,1.0736946750437382e-05
J2,vacuum,0.015521405547768636,0.12458493306884519,1.0646693567105975e-05
J2,vacuum,0.0172033857191583,0.13116167778416948,5.584287898938596e-06
J2,vacuum,0.0189727021847418,0.13774143234605118,5.094348385471611e-06
J2,vacuum,0.020829572710734538,0.14432453953065133,5.7058191896466e-06
J2,vacuum,0.022774196115819472,0.15091121931725113,5.088575231499204e-06
J2,vacuum,0.02480671847745201,0.15750148722298468,6.945647931869498e-06
J2,vacuum,0.026927227780715608,0.16409517902947549,9.941126547491765e-06
J2,vacuum,0.02913574724234042,0.17069196595721903,9.618926445153068e-06
J2,vacuum,0.03143239652818393,0.17729183999322679,6.5194707582086784e-06
J2,vacuum,0.03381726723966916,0.18389471781339767,6.184016101023487e-06
J2,vacuum,0.036290384299235645,0.19050035249110603,6.131419866231267e-06
J2,vacuum,0.03885180195414484,0.19710860446501274,4.753256963480806e-06
J2,vacuum,0.04150158555289751,0.2037193794239947,6.300613696595531e-06
J2,vacuum,0.04423978261118174,0.21033255242872356,4.412272766682477e-06
J2,vacuum,0.04706645771619468,0.2169480530361927,4.438196868125869e-06
J2,vacuum,0.04998165788281512,0.223565779766974,5.648217556222724e-06
J2,vacuum,0.05298546256304724,0.23018571320359402,5.768305182199366e-06
J2,vacuum,0.05607800422442588,0.23680794797562407,4.985357667223e-06
J2,vacuum,0.05925928910152643,0.24343230907487698,5.309373097704399e-06
J2,vacuum,0.06252956210545951,0.2500591172212273,4.442315089368447e-06
J2,vacuum,0.06588902229588271,0.25668857063742184,4.605275568941168e-06
J2,vacuum,0.06933783681508719,0.26332078690275706,5.032216212507806e-06
J2,vacuum,0.0728761410254767,0.26995581309813776,8.80250888482177e-06
J2,vacuum,0.07650401932404576,0.27659359957172863,6.06217024185208e-06
J2,vacuum,0.08022157781192936,0.28323413955935706,4.946977104522592e-06
J2,vacuum,0.0840288968205672,0.2898773823887735,5.5889226027725385e-06
J2,vacuum,0.08792603726000324,0.2965232491053665,4.651197704539258e-06
J2,vacuum,0.09191309235566952,0.30317172090363165,4.300862825220874e-06
J2,vacuum,0.09599000033775607,0.30982253039079655,4.356415008002153e-06
J2,vacuum,0.10015662617915198,0.3164753168560733,5.314240066056229e-06
J2,vacuum,0.10441333418471553,0.32313052190208763,6.017607480539867e-06
J2,vacuum,0.1087602020175796,0.32978811685319953,4.77669325271603e-06
J2,vacuum,0.11319730663948761,0.3364480742098067,4.1526110012569706e-06
J2,vacuum,0.11772471458311304,0.3431103533604211,4.411508462484321e-06
J2,vacuum,0.12234179519920114,0.3497739201244157,5.077181285238378e-06
J2,vacuum,0.12704905220651588,0.3564394088853194,8.472223866905571e-06
J2,vacuum,0.13184690732620769,0.3631072945097739,1.5568099663033784e-05
J2,vacuum,0.13673596546824132,0.3697782652729083,7.180315556268175e-06
J2,vacuum,0.14171650447194542,0.37645252618616526,6.753140357617052e-06
J2,vacuum,0.14678852599347908,0.38312990746413816,5.475096877411985e-06
J2,vacuum,0.15195011179042323,0.389807788262912,5.646713782422119e-06
J2,vacuum,0.15720282979996672,0.3964881206290634,1.1861939700482148e-05
J2,vacuum,0.1625468506127396,0.4031709942601769,1.0440708869935278e-05
J2,vacuum,0.16798247131161337,0.40985664727025395,4.818923473335118e-06
J2,vacuum,0.17351002423767498,0.416545344755736,4.29492745664492e-06
J2,vacuum,0.17912980593208874,0.42323729270007476,6.221768978080458e-06
J2,vacuum,0.18484124893355594,0.4299316793788938,8.470260017210163e-06
J2,vacuum,0.1906435999439426,0.43662752998859633,5.899365308839327e-06
J2,vacuum,0.19653894116821566,0.4433271265873719,4.699607358091131e-06
J2,vacuum,0.2025276381192934,0.45003070797368194,4.961924181483193e-06
J2,vacuum,0.20861015970515095,0.45673861201473975,4.799573140579164e-06
J2,vacuum,0.21478699225120562,0.4634511756929802,5.324868916889776e-06
J2,vacuum,0.22105868785107977,0.470168786555509,6.472517506612294e-06
J2,vacuum,0.22742576480058438,0.4768917747252351,7.200557694327677e-06
J2,vacuum,0.23388902073008344,0.48362074059130616,1.9063825745460365e-05
J2,vacuum,0.2404486273705157,0.49035561317325177,1.05457359758847e-05
J2,vacuum,0.24710411945181507,0.4970956844027265,7.518357362638495e-06
J2,vacuum,0.2538557426019184,0.5038409894023296,5.312785864401893e-06
J2,vacuum,0.2607028176316855,0.5105906556447009,6.983661644858878e-06
J2,vacuum,0.2676442059552339,0.5173434120149148,1.1321388136047215e-05
J2,vacuum,0.27467798979204894,0.5240973094684316,1.5738776444672504e-05
J2,vacuum,0.2818010423226586,0.5308493593503326,8.093122232074336e-06
J2,vacuum,0.2890082891152869,0.5375949117274892,6.159038463718355e-06
J2,vacuum,0.29629072097857284,0.5443259326713847,7.264166515451203e-06
J2,vacuum,0.30363068519095227,0.5510269369014116,1.0104890503218925e-05
J2,vacuum,0.31099028582264837,0.5576650301235038,9.069961904262298e-06
J2,vacuum,0.3182754370659802,0.5641590529859289,6.935437808766057e-06
J2,vacuum,0.3252155562679019,0.5702767365655922,1.7868700096946276e-05
J2,vacuum,0.33100678814997553,0.5753318939099201,2.75134687470474e-05
J2,vacuum,0.33410768925440515,0.5780204920713496,9.978107461788873e-05
J2,vacuum,0.3353646279442493,0.5791067500420362,0.0001545934830132885
J2,vacuum,0.3359538770478608,0.5796152836562031,0.0008036484300249752
J2,vacuum,0.3363570523532288,0.5799629749848079,0.000396192550006727
J2,vacuum,0.33669416698071575,0.5802535368101738,0.0025011204618879046
J2,vacuum,0.3370307496287049,0.5805434950360782,0.0025071742687364567
J2,vacuum,0.3374125728440744,0.5808722517422178,0.0009221574290888849
J2,vacuum,0.33803713511106515,0.5814096104392025,0.00038705653182900677
J2,vacuum,0.33921557888919546,0.5824221655201625,0.0001097281380852531
J2,vacuum,0.3423569455740396,0.5851127631269375,1.3154427317672742e-05
J2,vacuum,0.34808341319378705,0.5899859432171135,1.458600634757428e-05
J2,vacuum,0.3552642720955083,0.5960404953486871,1.4761278351023733e-05
J2,vacuum,0.36305793610632675,0.6025428915075894,8.851804144991913e-06
J2,vacuum,0.3711537568180135,0.6092238971166622,7.906422964649762e-06
J2,vacuum,0.3794450730561415,0.6159911306635361,1.087263657539846e-05
J2,vacuum,0.3878888906188352,0.622807266029255,5.337243691198917e-06
J2,vacuum,0.3964644576444929,0.6296542365810722,1.2539087529512238e-05
J2,vacuum,0.40515971372085685,0.6365215736492023,1.9494400694531354e-05
J2,vacuum,0.4139659109616991,0.6434018269803864,2.0037014241827984e-05
J2,vacuum,0.4228745470354246,0.6502880492792594,1.6801070327406517e-05
J2,vacuum,0.4318749451705691,0.6571719296885474,1.2710819022902811e-05
J2,vacuum,0.4409509104760028,0.6640413469626744,1.1636811883823781e-05
J2,vacuum,0.4500747707497486,0.6708761217614982,7.412060245450825e-06
J2,vacuum,0.45914919120429176,0.677605483452054,6.6452861922201e-06
J2,vacuum,0.46800738264545017,0.6841106508785331,8.620192016105036e-06
J2,vacuum,0.4761271354652817,0.6900196631004668,1.0373540365751042e-05
J2,vacuum,0.48238523426878677,0.6945395843785916,3.6470288192008636e-05
J2,vacuum,0.48540723328466456,0.6967117289702137,0.00015049438437604883
J2,vacuum,0.48675820968245603,0.6976805928807652,9.028135948944719e-05
J2,vacuum,0.4874476629859504,0.6981745218682435,0.0002840098527489239
J2,vacuum,0.48792283115845897,0.6985147322415318,0.0005734276213835222
J2,vacuum,0.48831252526898183,0.6987936213711327,0.005007288952631323
J2,vacuum,0.4886683669111045,0.6990481864014129,0.01087973111055832
J2,vacuum,0.4890576157191495,0.6993265444119432,0.006038465341616707
J2,vacuum,0.48953550841490434,0.6996681416320915,0.0011381576845711512
J2,vacuum,0.49028497380660263,0.7002035231320981,0.0006935473259881275
J2,vacuum,0.49167488974308693,0.7011953292365023,3.5744769370234224e-05
J2,vacuum,0.49486089797572397,0.7034635015235147,9.651860220823596e-06
J2,vacuum,0.5012161269753587,0.70796619055952,9.106809469269148e-06
J2,vacuum,0.5096408428434245,0.7138913382605399,7.720488710662385e-06
J2,vacuum,0.518980286088116,0.7204028637423063,1.1894330222034242e-05
J2,vacuum,0.5287679326440193,0.7271643092479301,1.4424506317509872e-05
J2,vacuum,0.538814457516978,0.7340398201167141,1.5756325349237944e-05
J2,vacuum,0.5490357400407467,0.7409694595870647,1.5169359107800084e-05
J2,vacuum,0.5593387892459778,0.7478895568504602,8.485797043864868e-06
J2,vacuum,0.5696597353771594,0.7547580641352296,1.201823951978228e-05
J2,vacuum,0.5798744689327439,0.761494890943297,9.856957988712867e-06
J2,vacuum,0.5896898426477407,0.7679126530066689,1.0752966885495496e-05
J2,vacuum,0.598444932853079,0.77359222646888,1.3620641274100704e-05
J2,vacuum,0.6045457764011423,0.7775254184919888,2.528449912278917e-05
J2,vacuum,0.607264603541583,0.7792718418764937,1.7642131833593492e-05
J2,vacuum,0.6085837140221827,0.7801177565099917,0.0001893344393626695
J2,vacuum,0.6094466311998917,0.78067062913875,0.00038000853475686676
J2,vacuum,0.6099715902434248,0.7810067798959397,0.0008925253042226601
J2,vacuum,0.6103921186009112,0.7812759554734238,0.0018557327089653536
J2,vacuum,0.6107731001732044,0.781519737545511,0.004036644040821277
J2,vacuum,0.6111626523151006,0.7817689251403516,0.0023215587145001704
J2,vacuum,0.6115920086074463,0.7820434825554435,0.0009841449789677018
J2,vacuum,0.6121561490768876,0.7824040829883799,0.0003136565157809374
J2,vacuum,0.6129891397191055,0.7829362296631224,0.000149025025481596
J2,vacuum,0.6145534725689341,0.7839346098807821,3.7916195050906315e-05
J2,vacuum,0.6180525909340668,0.7861632088402934,1.171812719854828e-05
J2,vacuum,0.6248653470479151,0.7904842484502238,1.0347310745607204e-05
J2,vacuum,0.6339862580126657,0.7962325401618963,1.1024686779000338e-05
J2,vacuum,0.6443209720651727,0.8026960645631525,1.0076587537788036e-05
J2,vacuum,0.6552433383598982,0.809471023792636,1.1086491578901475e-05
J2,vacuum,0.6663417597530473,0.8162975926419527,1.065990777750029e-05
J2,vacuum,0.6773710276192951,0.8230255327869818,1.1634901290855914e-05
J2,vacuum,0.688047829773765,0.829486485588382,1.6976264622146147e-05
J2,vacuum,0.6978758915954021,0.8353896645251258,2.2456624290570973e-05
J2,vacuum,0.7046577646043548,0.8394389582360082,4.36389240834318e-05
J2,vacuum,0.7078339714406493,0.8413286940552125,8.254114771043254e-05
J2,vacuum,0.709762221590704,0.8424738699750302,6.634084343484216e-05
J2,vacuum,0.710657542440771,0.8430050666756226,0.0003032170964406291
J2,vacuum,0.7112641807590891,0.8433647969645692,0.0009423126345609491
J2,vacuum,0.7117364668176576,0.8436447515498793,0.0009258153226490425
J2,vacuum,0.7121605496102487,0.843896053794689,0.0008241573079264191
J2,vacuum,0.7125464115661436,0.8441246421981434,0.0007226111509552914
J2,vacuum,0.7129497960047939,0.844363544928838,0.0017146969260091684
J2,vacuum,0.7134067533527156,0.844634094358448,0.0010622292217205634
J2,vacuum,0.7139910409170689,0.8449799056291628,0.0002745079083111732
J2,vacuum,0.7147954392385885,0.845455758297611,0.00022520170286283511
J2,vacuum,0.7161355196300384,0.8462479067212151,5.2538797880668596e-05
J2,vacuum,0.7189106540325502,0.8478859911760249,1.6613419822837706e-05
J2,vacuum,0.7247504147697801,0.8513227441868214,1.5771329504771743e-05
J2,vacuum,0.7337769518479527,0.8566078168263191,1.3820018456453764e-05
J2,vacuum,0.7445134909587583,0.8628519519354165,1.4979039277935642e-05
J2,vacuum,0.7556871156074723,0.8693026605316886,1.6293748092127763e-05
J2,vacuum,0.7670070514878989,0.8757893876314664,1.5973571504506027e-05
J2,vacuum,0.7772260495585382,0.8816042476976493,2.542228755434488e-05
J2,vacuum,0.7849921974545211,0.8859978540913748,3.507789709560319e-05
J2,vacuum,0.7900614569180684,0.8888540132766845,4.0432230162997055e-05
J2,vacuum,0.7921716063479649,0.8900402273762489,0.00026183855978644324
J2,vacuum,0.7933501098083949,0.8907020319997002,0.00035204570074739755
J2,vacuum,0.7941809698775723,0.8911683173663504,0.0005479339663419081
J2,vacuum,0.794686495362746,0.8914519030002381,0.0005203823440678492
J2,vacuum,0.7951925552751617,0.8917356981051963,0.001039720171492848
J2,vacuum,0.7956074149922363,0.8919682813823798,0.0007409080293404179
J2,vacuum,0.7959979476580268,0.8921871707539998,0.0019218281009408535
J2,vacuum,0.7963887715086381,0.8924061695823478,0.0009034883152322175
J2,vacuum,0.7968915080621912,0.8926877998842547,0.0008268700803739281
J2,vacuum,0.7974651597230579,0.8930090479513956,0.0011041626554184356
J2,vacuum,0.7981564225448036,0.8933960054448439,0.00039522974790805686
J2,vacuum,0.799235074093926,0.8939994821552897,4.285129818795568e-05
J2,vacuum,0.8012286767779236,0.8951137786772828,6.496643313491654e-05
J2,vacuum,0.8054490941008836,0.8974681577086084,6.011630875966412e-05
J2,vacuum,0.8127839230667862,0.9015452972905944,3.949488875493483e-05
J2,vacuum,0.8225120844269674,0.9069245196966325,4.082861021049783e-05
J2,vacuum,0.8333846897654696,0.9128990578182615,0.00012940270670139733
J2,vacuum,0.843357604447922,0.9183450356200125,0.0002445998880530977
J2,vacuum,0.8515907145832597,0.9228167285995956,0.00012984506494106312
J2,vacuum,0.8562510987817241,0.9253383698851594,0.0001480503848475243
J2,vacuum,0.8585007081901389,0.9265531329557625,0.0003117655053402006
J2,vacuum,0.8597760056887205,0.9272410720458409,0.00039781422573585305
J2,vacuum,0.8605557361539968,0.9276614340124294,0.0004964878572754914
J2,vacuum,0.8612596122721404,0.9280407384765716,0.0016658925410804745
J2,vacuum,0.8616898153681766,0.9282724898262237,0.003070644487911021
J2,vacuum,0.8621165187819985,0.9285022987489038,0.004043186562305064
J2,vacuum,0.8625435679859254,0.9287322369692598,0.003743957510622644
J2,vacuum,0.8629795027617102,0.9289669007891025,0.0020668783559511317
J2,vacuum,0.8634167858869513,0.9292022308878467,0.0037679674348859516
J2,vacuum,0.8638544919966143,0.9294377289504737,0.002479177974899404
J2,vacuum,0.8644522135266938,0.929759223415769,0.000492456360826307
J2,vacuum,0.8652619503801813,0.9301945766237197,0.0002647016692789714
J2,vacuum,0.8664117780581291,0.9308124290414955,0.0002897214863389034
J2,vacuum,0.8683355056410028,0.9318452154950428,0.00026334193272291404
J2,vacuum,0.8720439236116179,0.9338329206081878,0.0002338698439600558
J2,vacuum,0.8800649151346207,0.9381177512096339,0.00029525646754566216
J2,vacuum,0.8903449251423359,0.9435809054566205,0.00022455111500864445
J2,vacuum,0.9024485934873631,0.9499729435554273,0.0001368658854154443
J2,vacuum,0.9155754611491084,0.9568570745670998,4.7752760596952424e-05
J2,vacuum,0.9287086534110897,0.9636953115020793,3.210319755371712e-05
J2,vacuum,0.941472249796077,0.9702949292849453,3.908364562558994e-05
J2,vacuum,0.9518677402203145,0.9756370945286544,0.00016087341173768834
J2,vacuum,0.9599406442380223,0.9797656067846137,9.855083517887843e-05
J2,vacuum,0.9634130667867792,0.9815360751326357,0.00010950326434954972
J2,vacuum,0.965342356432886,0.9825183746031857,0.00035644628525789
J2,vacuum,0.9664223237696791,0.9830678123963164,0.0010953304286534294
J2,vacuum,0.9674145570056226,0.9835723445713704,0.0012211844362846876
J2,vacuum,0.9679162108730919,0.983827327773066,0.002672154770302655
J2,vacuum,0.9684182618066598,0.9840824466510211,0.002752671490073024
J2,vacuum,0.9689207644176998,0.9843377288399037,0.0026131570809240666
J2,vacuum,0.9693446541287077,0.9845530225075274,0.002651579454750785
J2,vacuum,0.9697623137315462,0.9847651058661381,0.0013422737595446428
J2,vacuum,0.9701802583716131,0.9849772882516699,0.00038739087727729154
J2,vacuum,0.9707550908230589,0.9852690448923375,0.00045407842193711243
J2,vacuum,0.9713446746028922,0.9855681988593646,0.0003268208111248089
J2,vacuum,0.9722355805978384,0.986020071092794,0.0006049741091373579
J2,vacuum,0.9734889347228867,0.9866554285680927,0.00041391862160951906
J2,vacuum,0.975595953002087,0.9877226093403385,0.00014465851996084964
J2,vacuum,0.9801507376451575,0.9900256247416819,0.00018851639663804176
J2,vacuum,0.9884866870869876,0.9942266779195716,0.0003659903576218568
J2,plasma_response,4.2944355222680766e-05,0.006553194276280901,77.71134797867467
J2,plasma_response,0.00017176979397226936,0.013106097587469329,4.334852475718164
J2,plasma_response,0.0003864619665457989,0.01965863592790199,1.1614550481373715
J2,plasma_response,0.0006870164346594247,0.026210998352970548,0.31126160632409017
J2,plasma_response,0.0010733980386975206,0.03276275383263014,0.08339962500054891
J2,plasma_response,0.0015455947684413502,0.039314053065555965,0.02235129895141678
J2,plasma_response,0.002103595899582695,0.045864974649319226,0.006016893072388685
J2,plasma_response,0.002747400299743042,0.0524156493782443,0.0017720065632617773
J2,plasma_response,0.0034770757855094943,0.058966734567122626,0.0009244122347061984
J2,plasma_response,0.0042927087149518435,0.06551876612812427,0.0007416203355017411
J2,plasma_response,0.005194413333782453,0.07207227853885607,0.0006411849643753666
J2,plasma_response,0.006182324233385497,0.0786277573976614,0.0006133908251872385
J2,plasma_response,0.0072565635800214,0.0851854657792126,0.0006024956858920358
J2,plasma_response,0.00841725324054319,0.0917455897607247,0.000599633114118058
J2,plasma_response,0.009664506269285944,0.09830822076147011,0.0006033023756781718
J2,plasma_response,0.010998394966203287,0.10487323283947762,0.0006039045704734353
J2,plasma_response,0.012419072582074258,0.11144089277313897,0.0006055607886274895
J2,plasma_response,0.01392669054584782,0.11801140006731477,0.0006122528611685736
J2,plasma_response,0.015521405547768636,0.12458493306884519,0.000602657277223836
J2,plasma_response,0.0172033857191583,0.13116167778416948,0.0006032937763813457
J2,plasma_response,0.0189727021847418,0.13774143234605118,0.000599574882414256
J2,plasma_response,0.020829572710734538,0.14432453953065133,0.0005967012228788831
J2,plasma_response,0.022774196115819472,0.15091121931725113,0.0006284509025639157
J2,plasma_response,0.02480671847745201,0.15750148722298468,0.0006604529875904827
J2,plasma_response,0.026927227780715608,0.16409517902947549,0.000673833553374589
J2,plasma_response,0.02913574724234042,0.17069196595721903,0.0007062652909721964
J2,plasma_response,0.03143239652818393,0.17729183999322679,0.0007613156668430033
J2,plasma_response,0.03381726723966916,0.18389471781339767,0.0007133357786368897
J2,plasma_response,0.036290384299235645,0.19050035249110603,0.0006767864451592781
J2,plasma_response,0.03885180195414484,0.19710860446501274,0.0006484792049219886
J2,plasma_response,0.04150158555289751,0.2037193794239947,0.000726751789475929
J2,plasma_response,0.04423978261118174,0.21033255242872356,0.0007172412560685943
J2,plasma_response,0.04706645771619468,0.2169480530361927,0.0006678225986611082
J2,plasma_response,0.04998165788281512,0.223565779766974,0.000637306399118332
J2,plasma_response,0.05298546256304724,0.23018571320359402,0.000629892387382498
J2,plasma_response,0.05607800422442588,0.23680794797562407,0.000614567206970931
J2,plasma_response,0.05925928910152643,0.24343230907487698,0.0006115654965601407
J2,plasma_response,0.06252956210545951,0.2500591172212273,0.0006188263305371919
J2,plasma_response,0.06588902229588271,0.25668857063742184,0.0006278421665659294
J2,plasma_response,0.06933783681508719,0.26332078690275706,0.0006516552026358956
J2,plasma_response,0.0728761410254767,0.26995581309813776,0.0006730812753562012
J2,plasma_response,0.07650401932404576,0.27659359957172863,0.0006890224824105498
J2,plasma_response,0.08022157781192936,0.28323413955935706,0.0006992865748523268
J2,plasma_response,0.0840288968205672,0.2898773823887735,0.0007070952152595757
J2,plasma_response,0.08792603726000324,0.2965232491053665,0.0006830155398502163
J2,plasma_response,0.09191309235566952,0.30317172090363165,0.0006566022175007848
J2,plasma_response,0.09599000033775607,0.30982253039079655,0.0006541870395999105
J2,plasma_response,0.10015662617915198,0.3164753168560733,0.000660776968632711
J2,plasma_response,0.10441333418471553,0.32313052190208763,0.0006578131151902453
J2,plasma_response,0.1087602020175796,0.32978811685319953,0.000645578818533947
J2,plasma_response,0.11319730663948761,0.3364480742098067,0.0006581273951239747
J2,plasma_response,0.11772471458311304,0.3431103533604211,0.0006222202544868662
J2,plasma_response,0.12234179519920114,0.3497739201244157,0.000619427954760549
J2,plasma_response,0.12704905220651588,0.3564394088853194,0.0006792845197401983
J2,plasma_response,0.13184690732620769,0.3631072945097739,0.0008948087649463759
J2,plasma_response,0.13673596546824132,0.3697782652729083,0.0007396754545094414
J2,plasma_response,0.14171650447194542,0.37645252618616526,0.0007142841770315079
J2,plasma_response,0.14678852599347908,0.38312990746413816,0.0006246039538897037
J2,plasma_response,0.15195011179042323,0.389807788262912,0.000618281945416367
J2,plasma_response,0.15720282979996672,0.3964881206290634,0.000522859805366207
J2,plasma_response,0.1625468506127396,0.4031709942601769,0.0005421729912563399
J2,plasma_response,0.16798247131161337,0.40985664727025395,0.0005513319182451728
J2,plasma_response,0.17351002423767498,0.416545344755736,0.0005387470107797589
J2,plasma_response,0.17912980593208874,0.42323729270007476,0.0005502691441380888
J2,plasma_response,0.18484124893355594,0.4299316793788938,0.0005411171554002465
J2,plasma_response,0.1906435999439426,0.43662752998859633,0.0005627822129660178
J2,plasma_response,0.19653894116821566,0.4433271265873719,0.0006243873684848282
J2,plasma_response,0.2025276381192934,0.45003070797368194,0.000712342991087058
J2,plasma_response,0.20861015970515095,0.45673861201473975,0.000790017195263778
J2,plasma_response,0.21478699225120562,0.4634511756929802,0.0008916439772702087
J2,plasma_response,0.22105868785107977,0.470168786555509,0.0010639421064447814
J2,plasma_response,0.22742576480058438,0.4768917747252351,0.0012419464159302476
J2,plasma_response,0.23388902073008344,0.48362074059130616,0.0009752707981935839
J2,plasma_response,0.2404486273705157,0.49035561317325177,0.000546113784307071
J2,plasma_response,0.24710411945181507,0.4970956844027265,0.0005822341969221814
J2,plasma_response,0.2538557426019184,0.5038409894023296,0.0005370700505666092
J2,plasma_response,0.2607028176316855,0.5105906556447009,0.0005230636221328598
J2,plasma_response,0.2676442059552339,0.5173434120149148,0.000501169260447796
J2,plasma_response,0.27467798979204894,0.5240973094684316,0.0004923549217818124
J2,plasma_response,0.2818010423226586,0.5308493593503326,0.0005280235601658245
J2,plasma_response,0.2890082891152869,0.5375949117274892,0.0006051646042654889
J2,plasma_response,0.29629072097857284,0.5443259326713847,0.0006226070139568969
J2,plasma_response,0.30363068519095227,0.5510269369014116,0.0006396046531015542
J2,plasma_response,0.31099028582264837,0.5576650301235038,0.0006790001127360591
J2,plasma_response,0.3182754370659802,0.5641590529859289,0.0008492385934398983
J2,plasma_response,0.3252155562679019,0.5702767365655922,0.0014234168288779097
J2,plasma_response,0.33100678814997553,0.5753318939099201,0.0022935861585673878
J2,plasma_response,0.33410768925440515,0.5780204920713496,0.0024817711410829502
J2,plasma_response,0.3353646279442493,0.5791067500420362,0.0026033691632767505
J2,plasma_response,0.3359538770478608,0.5796152836562031,0.0027751314757793557
J2,plasma_response,0.3363570523532288,0.5799629749848079,0.002868654989414518
J2,plasma_response,0.33669416698071575,0.5802535368101738,0.0028071061292830432
J2,plasma_response,0.3370307496287049,0.5805434950360782,0.002991190882493241
J2,plasma_response,0.3374125728440744,0.5808722517422178,0.002744570371037925
J2,plasma_response,0.33803713511106515,0.5814096104392025,0.002720613774466585
J2,plasma_response,0.33921557888919546,0.5824221655201625,0.0027986353681885598
J2,plasma_response,0.3423569455740396,0.5851127631269375,0.002949668490002203
J2,plasma_response,0.34808341319378705,0.5899859432171135,0.0024853919390164588
J2,plasma_response,0.3552642720955083,0.5960404953486871,0.0013893866973142465
J2,plasma_response,0.36305793610632675,0.6025428915075894,0.000785001696255803
J2,plasma_response,0.3711537568180135,0.6092238971166622,0.0005463899550908395
J2,plasma_response,0.3794450730561415,0.6159911306635361,0.0004732186831989122
J2,plasma_response,0.3878888906188352,0.622807266029255,0.00044922553573316745
J2,plasma_response,0.3964644576444929,0.6296542365810722,0.00043871480162283944
J2,plasma_response,0.40515971372085685,0.6365215736492023,0.0004527963861027442
J2,plasma_response,0.4139659109616991,0.6434018269803864,0.00045334192874091226
J2,plasma_response,0.4228745470354246,0.6502880492792594,0.0004597746335416081
J2,plasma_response,0.4318749451705691,0.6571719296885474,0.00045902966193131386
J2,plasma_response,0.4409509104760028,0.6640413469626744,0.00048096245839002183
J2,plasma_response,0.4500747707497486,0.6708761217614982,0.0004902235671726805
J2,plasma_response,0.45914919120429176,0.677605483452054,0.0005346581998000471
J2,plasma_response,0.46800738264545017,0.6841106508785331,0.0006666370613985248
J2,plasma_response,0.4761271354652817,0.6900196631004668,0.001230687406421618
J2,plasma_response,0.48238523426878677,0.6945395843785916,0.0023042092525386543
J2,plasma_response,0.48540723328466456,0.6967117289702137,0.0024574676407259624
J2,plasma_response,0.48675820968245603,0.6976805928807652,0.0025787029984976886
J2,plasma_response,0.4874476629859504,0.6981745218682435,0.0026937671589963783
J2,plasma_response,0.48792283115845897,0.6985147322415318,0.002716833135548103
J2,plasma_response,0.48831252526898183,0.6987936213711327,0.0029824915810260726
J2,plasma_response,0.4886683669111045,0.6990481864014129,0.0025665719845954587
J2,plasma_response,0.4890576157191495,0.6993265444119432,0.002958995859098982
J2,plasma_response,0.48953550841490434,0.6996681416320915,0.0027234548717191454
J2,plasma_response,0.49028497380660263,0.7002035231320981,0.0026671411814969863
J2,plasma_response,0.49167488974308693,0.7011953292365023,0.0027530745472686253
J2,plasma_response,0.49486089797572397,0.7034635015235147,0.0027186395851604116
J2,plasma_response,0.5012161269753587,0.70796619055952,0.001925827130491315
J2,plasma_response,0.5096408428434245,0.7138913382605399,0.0009294372031625992
J2,plasma_response,0.518980286088116,0.7204028637423063,0.0005500232520084969
J2,plasma_response,0.5287679326440193,0.7271643092479301,0.00048458652295588824
J2,plasma_response,0.538814457516978,0.7340398201167141,0.0004324346089214892
J2,plasma_response,0.5490357400407467,0.7409694595870647,0.0004528210682800041
J2,plasma_response,0.5593387892459778,0.7478895568504602,0.0004771554336342195
J2,plasma_response,0.5696597353771594,0.7547580641352296,0.0005174887298404635
J2,plasma_response,0.5798744689327439,0.761494890943297,0.0005486192603726365
J2,plasma_response,0.5896898426477407,0.7679126530066689,0.0006939923775733233
J2,plasma_response,0.598444932853079,0.77359222646888,0.001217298444054735
J2,plasma_response,0.6045457764011423,0.7775254184919888,0.0018689943741690101
J2,plasma_response,0.607264603541583,0.7792718418764937,0.0021746540774144505
J2,plasma_response,0.6085837140221827,0.7801177565099917,0.002214491423695451
J2,plasma_response,0.6094466311998917,0.78067062913875,0.0023115556087073565
J2,plasma_response,0.6099715902434248,0.7810067798959397,0.0024530338199121983
J2,plasma_response,0.6103921186009112,0.7812759554734238,0.0024953592671410627
J2,plasma_response,0.6107731001732044,0.781519737545511,0.0023456818973735883
J2,plasma_response,0.6111626523151006,0.7817689251403516,0.002494503572871214
J2,plasma_response,0.6115920086074463,0.7820434825554435,0.0023456367711288846
J2,plasma_response,0.6121561490768876,0.7824040829883799,0.002352845839491192
J2,plasma_response,0.6129891397191055,0.7829362296631224,0.002359819138215877
J2,plasma_response,0.6145534725689341,0.7839346098807821,0.0023893507665851323
J2,plasma_response,0.6180525909340668,0.7861632088402934,0.0023049412595835144
J2,plasma_response,0.6248653470479151,0.7904842484502238,0.0014793190078798064
J2,plasma_response,0.6339862580126657,0.7962325401618963,0.0007267145403365825
J2,plasma_response,0.6443209720651727,0.8026960645631525,0.0005148259873706987
J2,plasma_response,0.6552433383598982,0.809471023792636,0.0004267205797686922
J2,plasma_response,0.6663417597530473,0.8162975926419527,0.00040769501283478626
J2,plasma_response,0.6773710276192951,0.8230255327869818,0.0004774166104642311
J2,plasma_response,0.688047829773765,0.829486485588382,0.0006588331217147252
J2,plasma_response,0.6978758915954021,0.8353896645251258,0.0012116696157665136
J2,plasma_response,0.7046577646043548,0.8394389582360082,0.0018400157225357794
J2,plasma_response,0.7078339714406493,0.8413286940552125,0.0022190150725706985
J2,plasma_response,0.709762221590704,0.8424738699750302,0.002272791172298007
J2,plasma_response,0.710657542440771,0.8430050666756226,0.002414766331633566
J2,plasma_response,0.7112641807590891,0.8433647969645692,0.00246724852161464
J2,plasma_response,0.7117364668176576,0.8436447515498793,0.0024855265173040816
J2,plasma_response,0.7121605496102487,0.843896053794689,0.002527740459167486
J2,plasma_response,0.7125464115661436,0.8441246421981434,0.00258236016639011
J2,plasma_response,0.7129497960047939,0.844363544928838,0.0024612561005280076
J2,plasma_response,0.7134067533527156,0.844634094358448,0.0024486021145579745
J2,plasma_response,0.7139910409170689,0.8449799056291628,0.0024208364552236058
J2,plasma_response,0.7147954392385885,0.845455758297611,0.002401911967377879
J2,plasma_response,0.7161355196300384,0.8462479067212151,0.00242474734232142
J2,plasma_response,0.7189106540325502,0.8478859911760249,0.0023088658696733414
J2,plasma_response,0.7247504147697801,0.8513227441868214,0.0017541936878189225
J2,plasma_response,0.7337769518479527,0.8566078168263191,0.0008887858221693704
J2,plasma_response,0.7445134909587583,0.8628519519354165,0.000593997301892094
J2,plasma_response,0.7556871156074723,0.8693026605316886,0.0005503297394200104
J2,plasma_response,0.7670070514878989,0.8757893876314664,0.000663727622596188
J2,plasma_response,0.7772260495585382,0.8816042476976493,0.0010999819326013086
J2,plasma_response,0.7849921974545211,0.8859978540913748,0.0021797132478965685
J2,plasma_response,0.7900614569180684,0.8888540132766845,0.0031646294285460606
J2,plasma_response,0.7921716063479649,0.8900402273762489,0.00351099710185835
J2,plasma_response,0.7933501098083949,0.8907020319997002,0.003616472729231223
J2,plasma_response,0.7941809698775723,0.8911683173663504,0.0039461414980192
J2,plasma_response,0.794686495362746,0.8914519030002381,0.00418297858707627
J2,plasma_response,0.7951925552751617,0.8917356981051963,0.005358699029613978
J2,plasma_response,0.7956074149922363,0.8919682813823798,0.005117332247728234
J2,plasma_response,0.7959979476580268,0.8921871707539998,0.004019233749571962
J2,plasma_response,0.7963887715086381,0.8924061695823478,0.00403055657572696
J2,plasma_response,0.7968915080621912,0.8926877998842547,0.003946233537574697
J2,plasma_response,0.7974651597230579,0.8930090479513956,0.004231609948952517
J2,plasma_response,0.7981564225448036,0.8933960054448439,0.003963058686738946
J2,plasma_response,0.799235074093926,0.8939994821552897,0.004066489438196784
J2,plasma_response,0.8012286767779236,0.8951137786772828,0.004143719441723819
J2,plasma_response,0.8054490941008836,0.8974681577086084,0.0036905412602499157
J2,plasma_response,0.8127839230667862,0.9015452972905944,0.002310975988945288
J2,plasma_response,0.8225120844269674,0.9069245196966325,0.0017632239543539218
J2,plasma_response,0.8333846897654696,0.9128990578182615,0.0022781570305945376
J2,plasma_response,0.843357604447922,0.9183450356200125,0.00416274124296981
J2,plasma_response,0.8515907145832597,0.9228167285995956,0.002421423362923058
J2,plasma_response,0.8562510987817241,0.9253383698851594,0.002822599321420994
J2,plasma_response,0.8585007081901389,0.9265531329557625,0.0030166051443302456
J2,plasma_response,0.8597760056887205,0.9272410720458409,0.0033571618081646992
J2,plasma_response,0.8605557361539968,0.9276614340124294,0.005465390537994383
J2,plasma_response,0.8612596122721404,0.9280407384765716,0.004933145808584313
J2,plasma_response,0.8616898153681766,0.9282724898262237,0.004652182707744138
J2,plasma_response,0.8621165187819985,0.9285022987489038,0.0037153152277455627
J2,plasma_response,0.8625435679859254,0.9287322369692598,0.0030421751417216885
J2,plasma_response,0.8629795027617102,0.9289669007891025,0.0034098327888621585
J2,plasma_response,0.8634167858869513,0.9292022308878467,0.003873212572465228
J2,plasma_response,0.8638544919966143,0.9294377289504737,0.0035271709925598816
J2,plasma_response,0.8644522135266938,0.929759223415769,0.0034494904772198807
J2,plasma_response,0.8652619503801813,0.9301945766237197,0.0040988316696235665
J2,plasma_response,0.8664117780581291,0.9308124290414955,0.005186515132847596
J2,plasma_response,0.8683355056410028,0.9318452154950428,0.00819814428403076
J2,plasma_response,0.8720439236116179,0.9338329206081878,0.014239045561268681
J2,plasma_response,0.8800649151346207,0.9381177512096339,0.01842704782911725
J2,plasma_response,0.8903449251423359,0.9435809054566205,0.01484952754448164
J2,plasma_response,0.9024485934873631,0.9499729435554273,0.011404032871170028
J2,plasma_response,0.9155754611491084,0.9568570745670998,0.01014974323235649
J2,plasma_response,0.9287086534110897,0.9636953115020793,0.011226353416462338
J2,plasma_response,0.941472249796077,0.9702949292849453,0.013725747231285149
J2,plasma_response,0.9518677402203145,0.9756370945286544,0.021116498497212473
J2,plasma_response,0.9599406442380223,0.9797656067846137,0.02850649600005603
J2,plasma_response,0.9634130667867792,0.9815360751326357,0.03504176574260951
J2,plasma_response,0.965342356432886,0.9825183746031857,0.03755131668608428
J2,plasma_response,0.9664223237696791,0.9830678123963164,0.05169916984709674
J2,plasma_response,0.9674145570056226,0.9835723445713704,0.03185011980021045
J2,plasma_response,0.9679162108730919,0.983827327773066,0.055202899662367924
J2,plasma_response,0.9684182618066598,0.9840824466510211,0.030723121830993794
J2,plasma_response,0.9689207644176998,0.9843377288399037,0.028217647984747598
J2,plasma_response,0.9693446541287077,0.9845530225075274,0.027618097696834387
J2,plasma_response,0.9697623137315462,0.9847651058661381,0.03432215590247379
J2,plasma_response,0.9701802583716131,0.9849772882516699,0.021452405668825194
J2,plasma_response,0.9707550908230589,0.9852690448923375,0.024392865093487336
J2,plasma_response,0.9713446746028922,0.9855681988593646,0.021017399527296237
J2,plasma_response,0.9722355805978384,0.986020071092794,0.024280504622636354
J2,plasma_response,0.9734889347228867,0.9866554285680927,0.01963588835294395
J2,plasma_response,0.975595953002087,0.9877226093403385,0.029225114740311565
J2,plasma_response,0.9801507376451575,0.9900256247416819,0.03875815974862791
J2,plasma_response,0.9884866870869876,0.9942266779195716,0.14897683347925975
J3,total,4.2944355222680766e-05,0.006553194276280901,0.00021614677341767665
J3,total,0.00017176979397226936,0.013106097587469329,9.31083098083952e-05
J3,total,0.0003864619665457989,0.01965863592790199,2.3557905697214104e-05
J3,total,0.0006870164346594247,0.026210998352970548,1.705157650057592e-05
J3,total,0.0010733980386975206,0.03276275383263014,1.638216091066454e-05
J3,total,0.0015455947684413502,0.039314053065555965,1.8048039732875143e-05
J3,total,0.002103595899582695,0.045864974649319226,2.4879922081921678e-05
J3,total,0.002747400299743042,0.0524156493782443,3.536070403700173e-05
J3,total,0.0034770757855094943,0.058966734567122626,4.3633409492262467e-05
J3,total,0.0042927087149518435,0.06551876612812427,4.523137499638371e-05
J3,total,0.005194413333782453,0.07207227853885607,4.377511192272758e-05
J3,total,0.006182324233385497,0.0786277573976614,4.432835429233427e-05
J3,total,0.0072565635800214,0.0851854657792126,4.524913139976914e-05
J3,total,0.00841725324054319,0.0917455897607247,4.643018522350811e-05
J3,total,0.009664506269285944,0.09830822076147011,4.921379983096741e-05
J3,total,0.010998394966203287,0.10487323283947762,5.3741163297612885e-05
J3,total,0.012419072582074258,0.11144089277313897,5.942352619518935e-05
J3,total,0.01392669054584782,0.11801140006731477,6.211719638117022e-05
J3,total,0.015521405547768636,0.12458493306884519,6.495468738002431e-05
J3,total,0.0172033857191583,0.13116167778416948,6.752855637426087e-05
J3,total,0.0189727021847418,0.13774143234605118,7.05937992453179e-05
J3,total,0.020829572710734538,0.14432453953065133,7.033617776479807e-05
J3,total,0.022774196115819472,0.15091121931725113,6.620213183635187e-05
J3,total,0.02480671847745201,0.15750148722298468,6.739835799027635e-05
J3,total,0.026927227780715608,0.16409517902947549,7.04521864857634e-05
J3,total,0.02913574724234042,0.17069196595721903,6.81154608660481e-05
J3,total,0.03143239652818393,0.17729183999322679,6.783663990809699e-05
J3,total,0.03381726723966916,0.18389471781339767,7.356570462499296e-05
J3,total,0.036290384299235645,0.19050035249110603,7.812041208259341e-05
J3,total,0.03885180195414484,0.19710860446501274,7.95231009880305e-05
J3,total,0.04150158555289751,0.2037193794239947,8.24043961453707e-05
J3,total,0.04423978261118174,0.21033255242872356,7.616444342151725e-05
J3,total,0.04706645771619468,0.2169480530361927,8.45537428444287e-05
J3,total,0.04998165788281512,0.223565779766974,9.115099209265245e-05
J3,total,0.05298546256304724,0.23018571320359402,9.927343874629634e-05
J3,total,0.05607800422442588,0.23680794797562407,0.00010212317636109126
J3,total,0.05925928910152643,0.24343230907487698,0.00011564663757542214
J3,total,0.06252956210545951,0.2500591172212273,0.00012468193851107725
J3,total,0.06588902229588271,0.25668857063742184,0.0001225419805222967
J3,total,0.06933783681508719,0.26332078690275706,0.00012712761425337052
J3,total,0.0728761410254767,0.26995581309813776,0.00011760888877695983
J3,total,0.07650401932404576,0.27659359957172863,0.00012360948739100898
J3,total,0.08022157781192936,0.28323413955935706,0.00011338733115964292
J3,total,0.0840288968205672,0.2898773823887735,0.00011726699734544776
J3,total,0.08792603726000324,0.2965232491053665,0.00012110311941556605
J3,total,0.09191309235566952,0.30317172090363165,0.00012175309088758127
J3,total,0.09599000033775607,0.30982253039079655,0.00012310039649168693
J3,total,0.10015662617915198,0.3164753168560733,0.00012495617990194733
J3,total,0.10441333418471553,0.32313052190208763,0.0001237055639875255
J3,total,0.1087602020175796,0.32978811685319953,0.00011987264192445595
J3,total,0.11319730663948761,0.3364480742098067,0.00012892803516932884
J3,total,0.11772471458311304,0.3431103533604211,0.00012429674457196688
J3,total,0.12234179519920114,0.3497739201244157,0.00012835698692113495
J3,total,0.12704905220651588,0.3564394088853194,0.00018676882312774386
J3,total,0.13184690732620769,0.3631072945097739,0.00024879865822220504
J3,total,0.13673596546824132,0.3697782652729083,0.00024261542013454524
J3,total,0.14171650447194542,0.37645252618616526,0.0002304860365554992
J3,total,0.14678852599347908,0.38312990746413816,0.00024218545641652164
J3,total,0.15195011179042323,0.389807788262912,0.00024223260634330247
J3,total,0.15720282979996672,0.3964881206290634,0.0002101731220079602
J3,total,0.1625468506127396,0.4031709942601769,0.00018838608787562138
J3,total,0.16798247131161337,0.40985664727025395,0.00019587740455001074
J3,total,0.17351002423767498,0.416545344755736,0.0002007107982709246
J3,total,0.17912980593208874,0.42323729270007476,0.0002127091118663971
J3,total,0.18484124893355594,0.4299316793788938,0.0002135834899266261
J3,total,0.1906435999439426,0.43662752998859633,0.0002157456959648775
J3,total,0.19653894116821566,0.4433271265873719,0.00021114586470350892
J3,total,0.2025276381192934,0.45003070797368194,0.00022082923763661654
J3,total,0.20861015970515095,0.45673861201473975,0.00024213116491886063
J3,total,0.21478699225120562,0.4634511756929802,0.00028213590664534255
J3,total,0.22105868785107977,0.470168786555509,0.0003832055749438718
J3,total,0.22742576480058438,0.4768917747252351,0.0005534401539765873
J3,total,0.23388902073008344,0.48362074059130616,0.0003664948410576651
J3,total,0.2404486273705157,0.49035561317325177,0.0006425834973365655
J3,total,0.24710411945181507,0.4970956844027265,0.0007839124339980043
J3,total,0.2538557426019184,0.5038409894023296,0.0006720152740505249
J3,total,0.2607028176316855,0.5105906556447009,0.0006579406073205835
J3,total,0.2676442059552339,0.5173434120149148,0.0006279038459622227
J3,total,0.27467798979204894,0.5240973094684316,0.0005650713163706645
J3,total,0.2818010423226586,0.5308493593503326,0.0003811607792947884
J3,total,0.2890082891152869,0.5375949117274892,0.0003308700224273047
J3,total,0.29629072097857284,0.5443259326713847,0.00038426010525858807
J3,total,0.30363068519095227,0.5510269369014116,0.0004415740166266328
J3,total,0.31099028582264837,0.5576650301235038,0.000524985743267213
J3,total,0.3182754370659802,0.5641590529859289,0.0008576593393993694
J3,total,0.3252155562679019,0.5702767365655922,0.0014537059696425418
J3,total,0.33100678814997553,0.5753318939099201,0.002239554367252552
J3,total,0.33410768925440515,0.5780204920713496,0.0024953268380483473
J3,total,0.3353646279442493,0.5791067500420362,0.0026182007145484926
J3,total,0.3359538770478608,0.5796152836562031,0.0026942995757197933
J3,total,0.3363570523532288,0.5799629749848079,0.002717899380276182
J3,total,0.33669416698071575,0.5802535368101738,0.0027079895839156286
J3,total,0.3370307496287049,0.5805434950360782,0.0027805909818500963
J3,total,0.3374125728440744,0.5808722517422178,0.00274882716376968
J3,total,0.33803713511106515,0.5814096104392025,0.0028239019677113305
J3,total,0.33921557888919546,0.5824221655201625,0.0029184496969883226
J3,total,0.3423569455740396,0.5851127631269375,0.0030805898727337506
J3,total,0.34808341319378705,0.5899859432171135,0.002624590040748266
J3,total,0.3552642720955083,0.5960404953486871,0.0013157018560809584
J3,total,0.36305793610632675,0.6025428915075894,0.0007001741651375869
J3,total,0.3711537568180135,0.6092238971166622,0.0005078312356960684
J3,total,0.3794450730561415,0.6159911306635361,0.00046751693785173194
J3,total,0.3878888906188352,0.622807266029255,0.00043997730254755405
J3,total,0.3964644576444929,0.6296542365810722,0.0004133426197460403
J3,total,0.40515971372085685,0.6365215736492023,0.000414429346971366
J3,total,0.4139659109616991,0.6434018269803864,0.0004009518759294043
J3,total,0.4228745470354246,0.6502880492792594,0.0003956057206258437
J3,total,0.4318749451705691,0.6571719296885474,0.00042632831081824713
J3,total,0.4409509104760028,0.6640413469626744,0.0004690548091403376
J3,total,0.4500747707497486,0.6708761217614982,0.0004931981349179459
J3,total,0.45914919120429176,0.677605483452054,0.00055746713184924
J3,total,0.46800738264545017,0.6841106508785331,0.0008365669292768941
J3,total,0.4761271354652817,0.6900196631004668,0.0018399252923900237
J3,total,0.48238523426878677,0.6945395843785916,0.003371962873941575
J3,total,0.48540723328466456,0.6967117289702137,0.0036604274711326866
J3,total,0.48675820968245603,0.6976805928807652,0.0038331398124162815
J3,total,0.4874476629859504,0.6981745218682435,0.003937667531271058
J3,total,0.48792283115845897,0.6985147322415318,0.003927748419417838
J3,total,0.48831252526898183,0.6987936213711327,0.00412110308206391
J3,total,0.4886683669111045,0.6990481864014129,0.004188183953300962
J3,total,0.4890576157191495,0.6993265444119432,0.004142390571333911
J3,total,0.48953550841490434,0.6996681416320915,0.0039950489658969095
J3,total,0.49028497380660263,0.7002035231320981,0.004060633725342002
J3,total,0.49167488974308693,0.7011953292365023,0.004139235424748582
J3,total,0.49486089797572397,0.7034635015235147,0.004077132087983826
J3,total,0.5012161269753587,0.70796619055952,0.0028250640643626705
J3,total,0.5096408428434245,0.7138913382605399,0.0011759729566776045
J3,total,0.518980286088116,0.7204028637423063,0.0005809755263883373
J3,total,0.5287679326440193,0.7271643092479301,0.000484419287902667
J3,total,0.538814457516978,0.7340398201167141,0.00037242747611621627
J3,total,0.5490357400407467,0.7409694595870647,0.00038769909368217327
J3,total,0.5593387892459778,0.7478895568504602,0.00039301346061060716
J3,total,0.5696597353771594,0.7547580641352296,0.0004130008912186983
J3,total,0.5798744689327439,0.761494890943297,0.00047570124175330263
J3,total,0.5896898426477407,0.7679126530066689,0.0008851899894300966
J3,total,0.598444932853079,0.77359222646888,0.0022078846468957677
J3,total,0.6045457764011423,0.7775254184919888,0.003565295222873809
J3,total,0.607264603541583,0.7792718418764937,0.004062226404047995
J3,total,0.6085837140221827,0.7801177565099917,0.004199218054226604
J3,total,0.6094466311998917,0.78067062913875,0.004319940209329373
J3,total,0.6099715902434248,0.7810067798959397,0.004409535676198915
J3,total,0.6103921186009112,0.7812759554734238,0.004436449184420513
J3,total,0.6107731001732044,0.781519737545511,0.004511774234103218
J3,total,0.6111626523151006,0.7817689251403516,0.00451133547325022
J3,total,0.6115920086074463,0.7820434825554435,0.004364589160257968
J3,total,0.6121561490768876,0.7824040829883799,0.004394337748605582
J3,total,0.6129891397191055,0.7829362296631224,0.004448679171642978
J3,total,0.6145534725689341,0.7839346098807821,0.004521068152769648
J3,total,0.6180525909340668,0.7861632088402934,0.004348769737345868
J3,total,0.6248653470479151,0.7904842484502238,0.0026691315259268164
J3,total,0.6339862580126657,0.7962325401618963,0.0011768633995921495
J3,total,0.6443209720651727,0.8026960645631525,0.0007938987222537129
J3,total,0.6552433383598982,0.809471023792636,0.000589846538847259
J3,total,0.6663417597530473,0.8162975926419527,0.0004936135808836122
J3,total,0.6773710276192951,0.8230255327869818,0.000541022903150216
J3,total,0.688047829773765,0.829486485588382,0.0009191788397480914
J3,total,0.6978758915954021,0.8353896645251258,0.0025057310956344597
J3,total,0.7046577646043548,0.8394389582360082,0.004328221073027507
J3,total,0.7078339714406493,0.8413286940552125,0.005104440260483807
J3,total,0.709762221590704,0.8424738699750302,0.005332646206913689
J3,total,0.710657542440771,0.8430050666756226,0.0055025245583018205
J3,total,0.7112641807590891,0.8433647969645692,0.00563271452443168
J3,total,0.7117364668176576,0.8436447515498793,0.005571581383595197
J3,total,0.7121605496102487,0.843896053794689,0.005670183694059271
J3,total,0.7125464115661436,0.8441246421981434,0.005600486758099564
J3,total,0.7129497960047939,0.844363544928838,0.005602703829883707
J3,total,0.7134067533527156,0.844634094358448,0.005562952593789478
J3,total,0.7139910409170689,0.8449799056291628,0.005597294836211729
J3,total,0.7147954392385885,0.845455758297611,0.00563078615884439
J3,total,0.7161355196300384,0.8462479067212151,0.005695618346742052
J3,total,0.7189106540325502,0.8478859911760249,0.005184244502019042
J3,total,0.7247504147697801,0.8513227441868214,0.004046461251734377
J3,total,0.7337769518479527,0.8566078168263191,0.0017056429668830713
J3,total,0.7445134909587583,0.8628519519354165,0.0009423834705747546
J3,total,0.7556871156074723,0.8693026605316886,0.0007448691851292894
J3,total,0.7670070514878989,0.8757893876314664,0.0006298356020642233
J3,total,0.7772260495585382,0.8816042476976493,0.00198191658010509
J3,total,0.7849921974545211,0.8859978540913748,0.005644828994308243
J3,total,0.7900614569180684,0.8888540132766845,0.008720364621637194
J3,total,0.7921716063479649,0.8900402273762489,0.009694206626817765
J3,total,0.7933501098083949,0.8907020319997002,0.0101735817869188
J3,total,0.7941809698775723,0.8911683173663504,0.01055723898468911
J3,total,0.794686495362746,0.8914519030002381,0.021589589877088148
J3,total,0.7951925552751617,0.8917356981051963,0.029731766576268002
J3,total,0.7956074149922363,0.8919682813823798,0.022989945029162295
J3,total,0.7959979476580268,0.8921871707539998,0.011201710473240551
J3,total,0.7963887715086381,0.8924061695823478,0.01177531564694274
J3,total,0.7968915080621912,0.8926877998842547,0.011506028621331238
J3,total,0.7974651597230579,0.8930090479513956,0.01118662041974358
J3,total,0.7981564225448036,0.8933960054448439,0.011024094673477645
J3,total,0.799235074093926,0.8939994821552897,0.011507079018147282
J3,total,0.8012286767779236,0.8951137786772828,0.011428221365028659
J3,total,0.8054490941008836,0.8974681577086084,0.010201105962401025
J3,total,0.8127839230667862,0.9015452972905944,0.0059590967269451955
J3,total,0.8225120844269674,0.9069245196966325,0.004951287635192496
J3,total,0.8333846897654696,0.9128990578182615,0.01046742144078278
J3,total,0.843357604447922,0.9183450356200125,0.013188995352470746
J3,total,0.8515907145832597,0.9228167285995956,0.021219576522535005
J3,total,0.8562510987817241,0.9253383698851594,0.03018951826864617
J3,total,0.8585007081901389,0.9265531329557625,0.031124312033902708
J3,total,0.8597760056887205,0.9272410720458409,0.030330177038514327
J3,total,0.8605557361539968,0.9276614340124294,0.03143354554031391
J3,total,0.8612596122721404,0.9280407384765716,0.020375273986937885
J3,total,0.8616898153681766,0.9282724898262237,0.018571642201295258
J3,total,0.8621165187819985,0.9285022987489038,0.016196306192425552
J3,total,0.8625435679859254,0.9287322369692598,0.015116388918688904
J3,total,0.8629795027617102,0.9289669007891025,0.016894856624556313
J3,total,0.8634167858869513,0.9292022308878467,0.01639782510609088
J3,total,0.8638544919966143,0.9294377289504737,0.018642348373588077
J3,total,0.8644522135266938,0.929759223415769,0.017875448605288564
J3,total,0.8652619503801813,0.9301945766237197,0.02052457517047439
J3,total,0.8664117780581291,0.9308124290414955,0.0280643553959867
J3,total,0.8683355056410028,0.9318452154950428,0.04392880323781538
J3,total,0.8720439236116179,0.9338329206081878,0.07679428325279843
J3,total,0.8800649151346207,0.9381177512096339,0.0723659458947558
J3,total,0.8903449251423359,0.9435809054566205,0.03764268499982282
J3,total,0.9024485934873631,0.9499729435554273,0.02561569847353557
J3,total,0.9155754611491084,0.9568570745670998,0.019323236336546125
J3,total,0.9287086534110897,0.9636953115020793,0.02238823220314837
J3,total,0.941472249796077,0.9702949292849453,0.023964545311551008
J3,total,0.9518677402203145,0.9756370945286544,0.038363446112561254
J3,total,0.9599406442380223,0.9797656067846137,0.053440716448400996
J3,total,0.9634130667867792,0.9815360751326357,0.06532918394087536
J3,total,0.965342356432886,0.9825183746031857,0.07297689832724749
J3,total,0.9664223237696791,0.9830678123963164,0.09097450420600735
J3,total,0.9674145570056226,0.9835723445713704,0.07233501389776228
J3,total,0.9679162108730919,0.983827327773066,0.08421519842613327
J3,total,0.9684182618066598,0.9840824466510211,0.0734823972410651
J3,total,0.9689207644176998,0.9843377288399037,0.06319327183510663
J3,total,0.9693446541287077,0.9845530225075274,0.06651376599395598
J3,total,0.9697623137315462,0.9847651058661381,0.06429066248661887
J3,total,0.9701802583716131,0.9849772882516699,0.06456684515844914
J3,total,0.9707550908230589,0.9852690448923375,0.05837355790237611
J3,total,0.9713446746028922,0.9855681988593646,0.051719514797836076
J3,total,0.9722355805978384,0.986020071092794,0.04822033043258358
J3,total,0.9734889347228867,0.9866554285680927,0.05625960337942129
J3,total,0.975595953002087,0.9877226093403385,0.07516820307576808
J3,total,0.9801507376451575,0.9900256247416819,0.08195479145801489
J3,total,0.9884866870869876,0.9942266779195716,0.23094718656993804
J3,vacuum,4.2944355222680766e-05,0.006553194276280901,0.00014462819321298104
J3,vacuum,0.00017176979397226936,0.013106097587469329,9.939694120064267e-06
J3,vacuum,0.0003864619665457989,0.01965863592790199,9.08462108602683e-06
J3,vacuum,0.0006870164346594247,0.026210998352970548,9.138034615552794e-06
J3,vacuum,0.0010733980386975206,0.03276275383263014,9.386968566418437e-06
J3,vacuum,0.0015455947684413502,0.039314053065555965,9.210573853392514e-06
J3,vacuum,0.002103595899582695,0.045864974649319226,9.339480202774996e-06
J3,vacuum,0.002747400299743042,0.0524156493782443,9.73829475068195e-06
J3,vacuum,0.0034770757855094943,0.058966734567122626,9.85692929355905e-06
J3,vacuum,0.0042927087149518435,0.06551876612812427,9.372830080132303e-06
J3,vacuum,0.005194413333782453,0.07207227853885607,8.915918183874673e-06
J3,vacuum,0.006182324233385497,0.0786277573976614,9.174564027405341e-06
J3,vacuum,0.0072565635800214,0.0851854657792126,8.830836243569928e-06
J3,vacuum,0.00841725324054319,0.0917455897607247,8.939008464079249e-06
J3,vacuum,0.009664506269285944,0.09830822076147011,8.816730954534368e-06
J3,vacuum,0.010998394966203287,0.10487323283947762,8.724479764039788e-06
J3,vacuum,0.012419072582074258,0.11144089277313897,8.713655577334485e-06
J3,vacuum,0.01392669054584782,0.11801140006731477,8.593981878455243e-06
J3,vacuum,0.015521405547768636,0.12458493306884519,8.628983065440607e-06
J3,vacuum,0.0172033857191583,0.13116167778416948,8.508027179795487e-06
J3,vacuum,0.0189727021847418,0.13774143234605118,8.481106725833877e-06
J3,vacuum,0.020829572710734538,0.14432453953065133,8.53981741163679e-06
J3,vacuum,0.022774196115819472,0.15091121931725113,8.343294088464433e-06
J3,vacuum,0.02480671847745201,0.15750148722298468,8.463504124313996e-06
J3,vacuum,0.026927227780715608,0.16409517902947549,8.32760335305843e-06
J3,vacuum,0.02913574724234042,0.17069196595721903,8.54604208919001e-06
J3,vacuum,0.03143239652818393,0.17729183999322679,8.283213228514483e-06
J3,vacuum,0.03381726723966916,0.18389471781339767,8.36953974480288e-06
J3,vacuum,0.036290384299235645,0.19050035249110603,8.191230388670762e-06
J3,vacuum,0.03885180195414484,0.19710860446501274,8.02441225703586e-06
J3,vacuum,0.04150158555289751,0.2037193794239947,8.046976237677168e-06
J3,vacuum,0.04423978261118174,0.21033255242872356,8.088310909862396e-06
J3,vacuum,0.04706645771619468,0.2169480530361927,7.971358755569775e-06
J3,vacuum,0.04998165788281512,0.223565779766974,8.048621764599527e-06
J3,vacuum,0.05298546256304724,0.23018571320359402,8.195629066686913e-06
J3,vacuum,0.05607800422442588,0.23680794797562407,7.855678471997493e-06
J3,vacuum,0.05925928910152643,0.24343230907487698,7.929934272908582e-06
J3,vacuum,0.06252956210545951,0.2500591172212273,8.256467440585352e-06
J3,vacuum,0.06588902229588271,0.25668857063742184,8.0330362935546e-06
J3,vacuum,0.06933783681508719,0.26332078690275706,7.905930375099163e-06
J3,vacuum,0.0728761410254767,0.26995581309813776,8.244924067800556e-06
J3,vacuum,0.07650401932404576,0.27659359957172863,7.958197900355046e-06
J3,vacuum,0.08022157781192936,0.28323413955935706,7.928798588238206e-06
J3,vacuum,0.0840288968205672,0.2898773823887735,8.26084217400732e-06
J3,vacuum,0.08792603726000324,0.2965232491053665,7.995983984921826e-06
J3,vacuum,0.09191309235566952,0.30317172090363165,7.94374256604847e-06
J3,vacuum,0.09599000033775607,0.30982253039079655,8.014173875323232e-06
J3,vacuum,0.10015662617915198,0.3164753168560733,7.89776596822814e-06
J3,vacuum,0.10441333418471553,0.32313052190208763,7.893896413695021e-06
J3,vacuum,0.1087602020175796,0.32978811685319953,8.348488178464025e-06
J3,vacuum,0.11319730663948761,0.3364480742098067,8.09359377782072e-06
J3,vacuum,0.11772471458311304,0.3431103533604211,8.382587411251422e-06
J3,vacuum,0.12234179519920114,0.3497739201244157,1.162559638372945e-05
J3,vacuum,0.12704905220651588,0.3564394088853194,1.2694642470418631e-05
J3,vacuum,0.13184690732620769,0.3631072945097739,2.5649927432479055e-05
J3,vacuum,0.13673596546824132,0.3697782652729083,2.441168754982255e-05
J3,vacuum,0.14171650447194542,0.37645252618616526,1.0343560949481024e-05
J3,vacuum,0.14678852599347908,0.38312990746413816,8.682732743150551e-06
J3,vacuum,0.15195011179042323,0.389807788262912,9.045093078194196e-06
J3,vacuum,0.15720282979996672,0.3964881206290634,8.660611368695788e-06
J3,vacuum,0.1625468506127396,0.4031709942601769,1.2210842164123845e-05
J3,vacuum,0.16798247131161337,0.40985664727025395,8.599151343798476e-06
J3,vacuum,0.17351002423767498,0.416545344755736,9.281162403397689e-06
J3,vacuum,0.17912980593208874,0.42323729270007476,8.752009670570261e-06
J3,vacuum,0.18484124893355594,0.4299316793788938,9.415616655117347e-06
J3,vacuum,0.1906435999439426,0.43662752998859633,9.746810913470839e-06
J3,vacuum,0.19653894116821566,0.4433271265873719,9.570931002886895e-06
J3,vacuum,0.2025276381192934,0.45003070797368194,8.945636261159387e-06
J3,vacuum,0.20861015970515095,0.45673861201473975,1.1920896383741508e-05
J3,vacuum,0.21478699225120562,0.4634511756929802,9.820320664943914e-06
J3,vacuum,0.22105868785107977,0.470168786555509,1.4028574615442437e-05
J3,vacuum,0.22742576480058438,0.4768917747252351,1.921077691879678e-05
J3,vacuum,0.23388902073008344,0.48362074059130616,1.973779953296893e-05
J3,vacuum,0.2404486273705157,0.49035561317325177,2.84840859468002e-05
J3,vacuum,0.24710411945181507,0.4970956844027265,2.5479238394206144e-05
J3,vacuum,0.2538557426019184,0.5038409894023296,1.447384008734021e-05
J3,vacuum,0.2607028176316855,0.5105906556447009,1.1388184235559351e-05
J3,vacuum,0.2676442059552339,0.5173434120149148,1.3093231600097466e-05
J3,vacuum,0.27467798979204894,0.5240973094684316,1.1839630250864984e-05
J3,vacuum,0.2818010423226586,0.5308493593503326,1.2305016540266015e-05
J3,vacuum,0.2890082891152869,0.5375949117274892,1.4066114618051424e-05
J3,vacuum,0.29629072097857284,0.5443259326713847,1.4147433833017101e-05
J3,vacuum,0.30363068519095227,0.5510269369014116,1.3411129638523104e-05
J3,vacuum,0.31099028582264837,0.5576650301235038,1.3749932021210282e-05
J3,vacuum,0.3182754370659802,0.5641590529859289,1.3606529547561857e-05
J3,vacuum,0.3252155562679019,0.5702767365655922,1.3780630174346257e-05
J3,vacuum,0.33100678814997553,0.5753318939099201,1.5587959600703218e-05
J3,vacuum,0.33410768925440515,0.5780204920713496,3.67551870360295e-05
J3,vacuum,0.3353646279442493,0.5791067500420362,5.960861332787879e-05
J3,vacuum,0.3359538770478608,0.5796152836562031,8.145880344277899e-05
J3,vacuum,0.3363570523532288,0.5799629749848079,5.937852095249228e-05
J3,vacuum,0.33669416698071575,0.5802535368101738,0.0002143082735692992
J3,vacuum,0.3370307496287049,0.5805434950360782,0.00014691247364476432
J3,vacuum,0.3374125728440744,0.5808722517422178,8.789265406810598e-05
J3,vacuum,0.33803713511106515,0.5814096104392025,8.81835272833587e-05
J3,vacuum,0.33921557888919546,0.5824221655201625,8.193033764572831e-05
J3,vacuum,0.3423569455740396,0.5851127631269375,2.598565678599896e-05
J3,vacuum,0.34808341319378705,0.5899859432171135,1.628717759199201e-05
J3,vacuum,0.3552642720955083,0.5960404953486871,1.3272026028825286e-05
J3,vacuum,0.36305793610632675,0.6025428915075894,1.3992259192039065e-05
J3,vacuum,0.3711537568180135,0.6092238971166622,1.383375692749763e-05
J3,vacuum,0.3794450730561415,0.6159911306635361,1.4436111830179015e-05
J3,vacuum,0.3878888906188352,0.622807266029255,1.630180381984329e-05
J3,vacuum,0.3964644576444929,0.6296542365810722,1.588301139325705e-05
J3,vacuum,0.40515971372085685,0.6365215736492023,1.5989695513205204e-05
J3,vacuum,0.4139659109616991,0.6434018269803864,1.8282957477210797e-05
J3,vacuum,0.4228745470354246,0.6502880492792594,1.7265994052508003e-05
J3,vacuum,0.4318749451705691,0.6571719296885474,1.6263261102343786e-05
J3,vacuum,0.4409509104760028,0.6640413469626744,1.7662951568044983e-05
J3,vacuum,0.4500747707497486,0.6708761217614982,1.8939037544674525e-05
J3,vacuum,0.45914919120429176,0.677605483452054,1.8010891578907215e-05
J3,vacuum,0.46800738264545017,0.6841106508785331,1.8898832624955742e-05
J3,vacuum,0.4761271354652817,0.6900196631004668,2.032800443505661e-05
J3,vacuum,0.48238523426878677,0.6945395843785916,2.2942019567846297e-05
J3,vacuum,0.48540723328466456,0.6967117289702137,2.7306934181734535e-05
J3,vacuum,0.48675820968245603,0.6976805928807652,4.1469160878417696e-05
J3,vacuum,0.4874476629859504,0.6981745218682435,3.737443368504118e-05
J3,vacuum,0.48792283115845897,0.6985147322415318,0.000131474078073683
J3,vacuum,0.48831252526898183,0.6987936213711327,0.0005671695450652949
J3,vacuum,0.4886683669111045,0.6990481864014129,0.001134583400063133
J3,vacuum,0.4890576157191495,0.6993265444119432,0.0006370283016076841
J3,vacuum,0.48953550841490434,0.6996681416320915,0.00018211709410255992
J3,vacuum,0.49028497380660263,0.7002035231320981,8.417368384235592e-05
J3,vacuum,0.49167488974308693,0.7011953292365023,3.562785954698658e-05
J3,vacuum,0.49486089797572397,0.7034635015235147,2.2435417170241732e-05
J3,vacuum,0.5012161269753587,0.70796619055952,2.1270300213146902e-05
J3,vacuum,0.5096408428434245,0.7138913382605399,2.2995568181460664e-05
J3,vacuum,0.518980286088116,0.7204028637423063,2.139993796247964e-05
J3,vacuum,0.5287679326440193,0.7271643092479301,2.2922117377589502e-05
J3,vacuum,0.538814457516978,0.7340398201167141,2.4563649325232297e-05
J3,vacuum,0.5490357400407467,0.7409694595870647,2.3844762302784994e-05
J3,vacuum,0.5593387892459778,0.7478895568504602,2.4145689014764907e-05
J3,vacuum,0.5696597353771594,0.7547580641352296,2.5959641965442763e-05
J3,vacuum,0.5798744689327439,0.761494890943297,2.615310802473126e-05
J3,vacuum,0.5896898426477407,0.7679126530066689,3.0129055313749802e-05
J3,vacuum,0.598444932853079,0.77359222646888,3.6580215307049884e-05
J3,vacuum,0.6045457764011423,0.7775254184919888,3.750492438607605e-05
J3,vacuum,0.607264603541583,0.7792718418764937,3.160876845495983e-05
J3,vacuum,0.6085837140221827,0.7801177565099917,8.767914657066084e-05
J3,vacuum,0.6094466311998917,0.78067062913875,0.000186427810427558
J3,vacuum,0.6099715902434248,0.7810067798959397,0.00022309748291068335
J3,vacuum,0.6103921186009112,0.7812759554734238,0.0008137501264487801
J3,vacuum,0.6107731001732044,0.781519737545511,0.0008457281797507461
J3,vacuum,0.6111626523151006,0.7817689251403516,0.0012117217324376854
J3,vacuum,0.6115920086074463,0.7820434825554435,0.0004570185626774629
J3,vacuum,0.6121561490768876,0.7824040829883799,0.00018757636446235676
J3,vacuum,0.6129891397191055,0.7829362296631224,8.43450151979189e-05
J3,vacuum,0.6145534725689341,0.7839346098807821,9.0767773772152e-05
J3,vacuum,0.6180525909340668,0.7861632088402934,5.581939393424492e-05
J3,vacuum,0.6248653470479151,0.7904842484502238,3.315890209536052e-05
J3,vacuum,0.6339862580126657,0.7962325401618963,3.200610211290627e-05
J3,vacuum,0.6443209720651727,0.8026960645631525,3.117951368035975e-05
J3,vacuum,0.6552433383598982,0.809471023792636,3.748913721787714e-05
J3,vacuum,0.6663417597530473,0.8162975926419527,3.2885831545771945e-05
J3,vacuum,0.6773710276192951,0.8230255327869818,3.408749606707815e-05
J3,vacuum,0.688047829773765,0.829486485588382,3.912046712375908e-05
J3,vacuum,0.6978758915954021,0.8353896645251258,4.14227045475812e-05
J3,vacuum,0.7046577646043548,0.8394389582360082,4.6595246930946004e-05
J3,vacuum,0.7078339714406493,0.8413286940552125,4.358658729066758e-05
J3,vacuum,0.709762221590704,0.8424738699750302,4.4206655688442916e-05
J3,vacuum,0.710657542440771,0.8430050666756226,0.00016543585473937256
J3,vacuum,0.7112641807590891,0.8433647969645692,0.00046265226134461547
J3,vacuum,0.7117364668176576,0.8436447515498793,0.0006908779874567282
J3,vacuum,0.7121605496102487,0.843896053794689,0.000604823045235629
J3,vacuum,0.7125464115661436,0.8441246421981434,0.0006644991153430157
J3,vacuum,0.7129497960047939,0.844363544928838,0.000517890644811402
J3,vacuum,0.7134067533527156,0.844634094358448,0.0002110152487939219
J3,vacuum,0.7139910409170689,0.8449799056291628,0.00020489156033484226
J3,vacuum,0.7147954392385885,0.845455758297611,0.00022676010310699753
J3,vacuum,0.7161355196300384,0.8462479067212151,9.060091460269125e-05
J3,vacuum,0.7189106540325502,0.8478859911760249,4.7355172023594706e-05
J3,vacuum,0.7247504147697801,0.8513227441868214,6.157990268974968e-05
J3,vacuum,0.7337769518479527,0.8566078168263191,9.747935998311532e-05
J3,vacuum,0.7445134909587583,0.8628519519354165,0.00012239733725616887
J3,vacuum,0.7556871156074723,0.8693026605316886,0.00015232800329236965
J3,vacuum,0.7670070514878989,0.8757893876314664,0.00029766388118020024
J3,vacuum,0.7772260495585382,0.8816042476976493,0.00039497353727988217
J3,vacuum,0.7849921974545211,0.8859978540913748,0.00042631186046365103
J3,vacuum,0.7900614569180684,0.8888540132766845,0.0004358001920757556
J3,vacuum,0.7921716063479649,0.8900402273762489,0.00038412279901926685
J3,vacuum,0.7933501098083949,0.8907020319997002,0.0002087639763827571
J3,vacuum,0.7941809698775723,0.8911683173663504,0.0003937517832367126
J3,vacuum,0.794686495362746,0.8914519030002381,0.019504230247181002
J3,vacuum,0.7951925552751617,0.8917356981051963,0.026087717606586208
J3,vacuum,0.7956074149922363,0.8919682813823798,0.020272179292956688
J3,vacuum,0.7959979476580268,0.8921871707539998,0.004153065234152156
J3,vacuum,0.7963887715086381,0.8924061695823478,0.004110284694933225
J3,vacuum,0.7968915080621912,0.8926877998842547,0.0027046647292121176
J3,vacuum,0.7974651597230579,0.8930090479513956,0.0016521968424659614
J3,vacuum,0.7981564225448036,0.8933960054448439,0.0016687933690003596
J3,vacuum,0.799235074093926,0.8939994821552897,0.0012487589671220363
J3,vacuum,0.8012286767779236,0.8951137786772828,0.0009815500430031172
J3,vacuum,0.8054490941008836,0.8974681577086084,0.0018965697749108092
J3,vacuum,0.8127839230667862,0.9015452972905944,0.0024365452271361476
J3,vacuum,0.8225120844269674,0.9069245196966325,0.00307090478372612
J3,vacuum,0.8333846897654696,0.9128990578182615,0.00854499441014282
J3,vacuum,0.843357604447922,0.9183450356200125,0.01039949371981515
J3,vacuum,0.8515907145832597,0.9228167285995956,0.021569115854043815
J3,vacuum,0.8562510987817241,0.9253383698851594,0.030096576901760427
J3,vacuum,0.8585007081901389,0.9265531329557625,0.030276207083863776
J3,vacuum,0.8597760056887205,0.9272410720458409,0.02865930399102383
J3,vacuum,0.8605557361539968,0.9276614340124294,0.03125079895780871
J3,vacuum,0.8612596122721404,0.9280407384765716,0.01565582592588735
J3,vacuum,0.8616898153681766,0.9282724898262237,0.015602561996382462
J3,vacuum,0.8621165187819985,0.9285022987489038,0.011312343388385371
J3,vacuum,0.8625435679859254,0.9287322369692598,0.00785634703822239
J3,vacuum,0.8629795027617102,0.9289669007891025,0.008918640392924303
J3,vacuum,0.8634167858869513,0.9292022308878467,0.01062498861528446
J3,vacuum,0.8638544919966143,0.9294377289504737,0.012816397837576522
J3,vacuum,0.8644522135266938,0.929759223415769,0.008630452910462608
J3,vacuum,0.8652619503801813,0.9301945766237197,0.009341881420109544
J3,vacuum,0.8664117780581291,0.9308124290414955,0.012362196434292936
J3,vacuum,0.8683355056410028,0.9318452154950428,0.01782098345538918
J3,vacuum,0.8720439236116179,0.9338329206081878,0.02819282240973173
J3,vacuum,0.8800649151346207,0.9381177512096339,0.006436788508337169
J3,vacuum,0.8903449251423359,0.9435809054566205,0.013743036812112
J3,vacuum,0.9024485934873631,0.9499729435554273,0.0076135589860479155
J3,vacuum,0.9155754611491084,0.9568570745670998,0.001113637209330241
J3,vacuum,0.9287086534110897,0.9636953115020793,0.0013514025849066724
J3,vacuum,0.941472249796077,0.9702949292849453,0.004001043859713413
J3,vacuum,0.9518677402203145,0.9756370945286544,0.0037203850131426732
J3,vacuum,0.9599406442380223,0.9797656067846137,0.01068607481830658
J3,vacuum,0.9634130667867792,0.9815360751326357,0.003481350392923731
J3,vacuum,0.965342356432886,0.9825183746031857,0.005190226562087444
J3,vacuum,0.9664223237696791,0.9830678123963164,0.007561167428401848
J3,vacuum,0.9674145570056226,0.9835723445713704,0.00734171684612316
J3,vacuum,0.9679162108730919,0.983827327773066,0.005194473327687024
J3,vacuum,0.9684182618066598,0.9840824466510211,0.0054380825278535685
J3,vacuum,0.9689207644176998,0.9843377288399037,0.009464143927874116
J3,vacuum,0.9693446541287077,0.9845530225075274,0.00541095347285877
J3,vacuum,0.9697623137315462,0.9847651058661381,0.0063114078879828355
J3,vacuum,0.9701802583716131,0.9849772882516699,0.013896195552048962
J3,vacuum,0.9707550908230589,0.9852690448923375,0.011662651691357833
J3,vacuum,0.9713446746028922,0.9855681988593646,0.009195892464246729
J3,vacuum,0.9722355805978384,0.986020071092794,0.008786177819270779
J3,vacuum,0.9734889347228867,0.9866554285680927,0.021742997378818255
J3,vacuum,0.975595953002087,0.9877226093403385,0.033543779012527974
J3,vacuum,0.9801507376451575,0.9900256247416819,0.015737406883205584
J3,vacuum,0.9884866870869876,0.9942266779195716,0.015671792651787066
J3,plasma_response,4.2944355222680766e-05,0.006553194276280901,0.0002601286138709581
J3,plasma_response,0.00017176979397226936,0.013106097587469329,9.268006604111839e-05
J3,plasma_response,0.0003864619665457989,0.01965863592790199,2.1601000066415554e-05
J3,plasma_response,0.0006870164346594247,0.026210998352970548,1.4288058615455896e-05
J3,plasma_response,0.0010733980386975206,0.03276275383263014,1.3325264785710768e-05
J3,plasma_response,0.0015455947684413502,0.039314053065555965,1.5807858690700335e-05
J3,plasma_response,0.002103595899582695,0.045864974649319226,2.3028771543166714e-05
J3,plasma_response,0.002747400299743042,0.0524156493782443,3.4292534097058724e-05
J3,plasma_response,0.0034770757855094943,0.058966734567122626,4.2628688773799855e-05
J3,plasma_response,0.0042927087149518435,0.06551876612812427,4.4239465092971115e-05
J3,plasma_response,0.005194413333782453,0.07207227853885607,4.271382624051934e-05
J3,plasma_response,0.006182324233385497,0.0786277573976614,4.3179257679317175e-05
J3,plasma_response,0.0072565635800214,0.0851854657792126,4.415421686688052e-05
J3,plasma_response,0.00841725324054319,0.0917455897607247,4.5311330594190776e-05
J3,plasma_response,0.009664506269285944,0.09830822076147011,4.815902697741135e-05
J3,plasma_response,0.010998394966203287,0.10487323283947762,5.2723095132950464e-05
J3,plasma_response,0.012419072582074258,0.11144089277313897,5.850088576313355e-05
J3,plasma_response,0.01392669054584782,0.11801140006731477,6.11738171187385e-05
J3,plasma_response,0.015521405547768636,0.12458493306884519,6.406963344358498e-05
J3,plasma_response,0.0172033857191583,0.13116167778416948,6.662739090823007e-05
J3,plasma_response,0.0189727021847418,0.13774143234605118,6.979491415971822e-05
J3,plasma_response,0.020829572710734538,0.14432453953065133,6.970418564889267e-05
J3,plasma_response,0.022774196115819472,0.15091121931725113,6.545075590044383e-05
J3,plasma_response,0.02480671847745201,0.15750148722298468,6.689169105941911e-05
J3,plasma_response,0.026927227780715608,0.16409517902947549,7.012780457104138e-05
J3,plasma_response,0.02913574724234042,0.17069196595721903,6.742090441256994e-05
J3,plasma_response,0.03143239652818393,0.17729183999322679,6.740489413489206e-05
J3,plasma_response,0.03381726723966916,0.18389471781339767,7.333092224705111e-05
J3,plasma_response,0.036290384299235645,0.19050035249110603,7.776652759094374e-05
J3,plasma_response,0.03885180195414484,0.19710860446501274,7.909468928895333e-05
J3,plasma_response,0.04150158555289751,0.2037193794239947,8.218579012265212e-05
J3,plasma_response,0.04423978261118174,0.21033255242872356,7.560564387340344e-05
J3,plasma_response,0.04706645771619468,0.2169480530361927,8.410030849025489e-05
J3,plasma_response,0.04998165788281512,0.223565779766974,9.07963525988675e-05
J3,plasma_response,0.05298546256304724,0.23018571320359402,9.893786697949073e-05
J3,plasma_response,0.05607800422442588,0.23680794797562407,0.00010176162624817398
J3,plasma_response,0.05925928910152643,0.24343230907487698,0.00011518613549685639
J3,plasma_response,0.06252956210545951,0.2500591172212273,0.0001243963102545855
J3,plasma_response,0.06588902229588271,0.25668857063742184,0.00012206950262731432
J3,plasma_response,0.06933783681508719,0.26332078690275706,0.00012678116250934294
J3,plasma_response,0.0728761410254767,0.26995581309813776,0.00011714005986288506
J3,plasma_response,0.07650401932404576,0.27659359957172863,0.00012320683933235725
J3,plasma_response,0.08022157781192936,0.28323413955935706,0.00011297483085364116
J3,plasma_response,0.0840288968205672,0.2898773823887735,0.00011633644314229939
J3,plasma_response,0.08792603726000324,0.2965232491053665,0.00012059148823196474
J3,plasma_response,0.09191309235566952,0.30317172090363165,0.00012113007207810076
J3,plasma_response,0.09599000033775607,0.30982253039079655,0.0001223942397153072
J3,plasma_response,0.10015662617915198,0.3164753168560733,0.000124306231863268
J3,plasma_response,0.10441333418471553,0.32313052190208763,0.00012303281037083762
J3,plasma_response,0.1087602020175796,0.32978811685319953,0.00011907822103057641
J3,plasma_response,0.11319730663948761,0.3364480742098067,0.00012802755223990052
J3,plasma_response,0.11772471458311304,0.3431103533604211,0.0001237981118839519
J3,plasma_response,0.12234179519920114,0.3497739201244157,0.0001267730447819465
J3,plasma_response,0.12704905220651588,0.3564394088853194,0.0001848639797748957
J3,plasma_response,0.13184690732620769,0.3631072945097739,0.00025058203360349337
J3,plasma_response,0.13673596546824132,0.3697782652729083,0.0002367691935804958
J3,plasma_response,0.14171650447194542,0.37645252618616526,0.0002305293581701869
J3,plasma_response,0.14678852599347908,0.38312990746413816,0.00024186066046656947
J3,plasma_response,0.15195011179042323,0.389807788262912,0.00024170271171005683
J3,plasma_response,0.15720282979996672,0.3964881206290634,0.00021026686773371764
J3,plasma_response,0.1625468506127396,0.4031709942601769,0.000186712302381471
J3,plasma_response,0.16798247131161337,0.40985664727025395,0.0001957514520241077
J3,plasma_response,0.17351002423767498,0.416545344755736,0.00019991895944705703
J3,plasma_response,0.17912980593208874,0.42323729270007476,0.0002122876056665149
J3,plasma_response,0.18484124893355594,0.4299316793788938,0.00021281692996623242
J3,plasma_response,0.1906435999439426,0.43662752998859633,0.00021555344664133275
J3,plasma_response,0.19653894116821566,0.4433271265873719,0.0002104022460924291
J3,plasma_response,0.2025276381192934,0.45003070797368194,0.00022059198207343195
J3,plasma_response,0.20861015970515095,0.45673861201473975,0.0002414445677660026
J3,plasma_response,0.21478699225120562,0.4634511756929802,0.00028141435913230176
J3,plasma_response,0.22105868785107977,0.470168786555509,0.0003835739287909887
J3,plasma_response,0.22742576480058438,0.4768917747252351,0.0005526390479356377
J3,plasma_response,0.23388902073008344,0.48362074059130616,0.00036439811795600433
J3,plasma_response,0.2404486273705157,0.49035561317325177,0.0006405852989736931
J3,plasma_response,0.24710411945181507,0.4970956844027265,0.0007866681371711322
J3,plasma_response,0.2538557426019184,0.5038409894023296,0.0006706308884429208
J3,plasma_response,0.2607028176316855,0.5105906556447009,0.0006579350942200636
J3,plasma_response,0.2676442059552339,0.5173434120149148,0.0006288228580951443
J3,plasma_response,0.27467798979204894,0.5240973094684316,0.0005636471313304522
J3,plasma_response,0.2818010423226586,0.5308493593503326,0.00038105066808332495
J3,plasma_response,0.2890082891152869,0.5375949117274892,0.0003310278079440637
J3,plasma_response,0.29629072097857284,0.5443259326713847,0.0003835910647662424
J3,plasma_response,0.30363068519095227,0.5510269369014116,0.000442131573154142
J3,plasma_response,0.31099028582264837,0.5576650301235038,0.0005232959702494845
J3,plasma_response,0.3182754370659802,0.5641590529859289,0.0008576490971473304
J3,plasma_response,0.3252155562679019,0.5702767365655922,0.0014523355432726683
J3,plasma_response,0.33100678814997553,0.5753318939099201,0.0022397044897240355
J3,plasma_response,0.33410768925440515,0.5780204920713496,0.0024909311496867028
J3,plasma_response,0.3353646279442493,0.5791067500420362,0.0026117694895850373
J3,plasma_response,0.3359538770478608,0.5796152836562031,0.00269333696365068
J3,plasma_response,0.3363570523532288,0.5799629749848079,0.00271542617717405
J3,plasma_response,0.33669416698071575,0.5802535368101738,0.0026731680107824262
J3,plasma_response,0.3370307496287049,0.5805434950360782,0.0027811324770759447
J3,plasma_response,0.3374125728440744,0.5808722517422178,0.002736792133533478
J3,plasma_response,0.33803713511106515,0.5814096104392025,0.0028289111294510167
J3,plasma_response,0.33921557888919546,0.5824221655201625,0.0029292913411718305
J3,plasma_response,0.3423569455740396,0.5851127631269375,0.003079794798374614
J3,plasma_response,0.34808341319378705,0.5899859432171135,0.002622026128370947
J3,plasma_response,0.3552642720955083,0.5960404953486871,0.0013144598511981413
J3,plasma_response,0.36305793610632675,0.6025428915075894,0.0006986432384938954
J3,plasma_response,0.3711537568180135,0.6092238971166622,0.0005061887234242632
J3,plasma_response,0.3794450730561415,0.6159911306635361,0.0004668448988925265
J3,plasma_response,0.3878888906188352,0.622807266029255,0.0004388389231798995
J3,plasma_response,0.3964644576444929,0.6296542365810722,0.00041209438863020105
J3,plasma_response,0.40515971372085685,0.6365215736492023,0.0004141134248962134
J3,plasma_response,0.4139659109616991,0.6434018269803864,0.00040032724710592737
J3,plasma_response,0.4228745470354246,0.6502880492792594,0.00039521773085821917
J3,plasma_response,0.4318749451705691,0.6571719296885474,0.00042486118891405363
J3,plasma_response,0.4409509104760028,0.6640413469626744,0.00046936372068023824
J3,plasma_response,0.4500747707497486,0.6708761217614982,0.0004927634127770972
J3,plasma_response,0.45914919120429176,0.677605483452054,0.0005570821639732926
J3,plasma_response,0.46800738264545017,0.6841106508785331,0.0008357292149162354
J3,plasma_response,0.4761271354652817,0.6900196631004668,0.0018375745673160917
J3,plasma_response,0.48238523426878677,0.6945395843785916,0.003373135449549087
J3,plasma_response,0.48540723328466456,0.6967117289702137,0.0036587477103932906
J3,plasma_response,0.48675820968245603,0.6976805928807652,0.0038312151807747196
J3,plasma_response,0.4874476629859504,0.6981745218682435,0.003940869346282973
J3,plasma_response,0.48792283115845897,0.6985147322415318,0.003912949133583301
J3,plasma_response,0.48831252526898183,0.6987936213711327,0.00411749830989884
J3,plasma_response,0.4886683669111045,0.6990481864014129,0.003898488132566422
J3,plasma_response,0.4890576157191495,0.6993265444119432,0.004131175640243423
J3,plasma_response,0.48953550841490434,0.6996681416320915,0.003994651233566956
J3,plasma_response,0.49028497380660263,0.7002035231320981,0.00404969114461796
J3,plasma_response,0.49167488974308693,0.7011953292365023,0.0041325930398909
J3,plasma_response,0.49486089797572397,0.7034635015235147,0.004076491788183351
J3,plasma_response,0.5012161269753587,0.70796619055952,0.002822849589308492
J3,plasma_response,0.5096408428434245,0.7138913382605399,0.0011728952316303538
J3,plasma_response,0.518980286088116,0.7204028637423063,0.0005794099266513441
J3,plasma_response,0.5287679326440193,0.7271643092479301,0.0004816989385243504
J3,plasma_response,0.538814457516978,0.7340398201167141,0.00036925250422857034
J3,plasma_response,0.5490357400407467,0.7409694595870647,0.00038582751019756187
J3,plasma_response,0.5593387892459778,0.7478895568504602,0.0003916764485166804
J3,plasma_response,0.5696597353771594,0.7547580641352296,0.00041121444227063496
J3,plasma_response,0.5798744689327439,0.761494890943297,0.00047612443498825556
J3,plasma_response,0.5896898426477407,0.7679126530066689,0.0008843920420624698
J3,plasma_response,0.598444932853079,0.77359222646888,0.0022045156058021747
J3,plasma_response,0.6045457764011423,0.7775254184919888,0.0035663341010505173
J3,plasma_response,0.607264603541583,0.7792718418764937,0.00405977234789082
J3,plasma_response,0.6085837140221827,0.7801177565099917,0.004192530008546641
J3,plasma_response,0.6094466311998917,0.78067062913875,0.0043208195116670725
J3,plasma_response,0.6099715902434248,0.7810067798959397,0.004395584424473523
J3,plasma_response,0.6103921186009112,0.7812759554734238,0.004325705184693175
J3,plasma_response,0.6107731001732044,0.781519737545511,0.004325053038967859
J3,plasma_response,0.6111626523151006,0.7817689251403516,0.004328729963859222
J3,plasma_response,0.6115920086074463,0.7820434825554435,0.0043395679270454715
J3,plasma_response,0.6121561490768876,0.7824040829883799,0.004392453250154806
J3,plasma_response,0.6129891397191055,0.7829362296631224,0.004454940736457646
J3,plasma_response,0.6145534725689341,0.7839346098807821,0.0045254903324864655
J3,plasma_response,0.6180525909340668,0.7861632088402934,0.004349736315315955
J3,plasma_response,0.6248653470479151,0.7904842484502238,0.0026660678498190643
J3,plasma_response,0.6339862580126657,0.7962325401618963,0.0011738404121363582
J3,plasma_response,0.6443209720651727,0.8026960645631525,0.0007922061088723
J3,plasma_response,0.6552433383598982,0.809471023792636,0.0005858544660648782
J3,plasma_response,0.6663417597530473,0.8162975926419527,0.0004908577609589398
J3,plasma_response,0.6773710276192951,0.8230255327869818,0.0005406864211172543
J3,plasma_response,0.688047829773765,0.829486485588382,0.000918849430159693
J3,plasma_response,0.6978758915954021,0.8353896645251258,0.002501839061569517
J3,plasma_response,0.7046577646043548,0.8394389582360082,0.004324862178938452
J3,plasma_response,0.7078339714406493,0.8413286940552125,0.005101217619735912
J3,plasma_response,0.709762221590704,0.8424738699750302,0.0053301995731847565
J3,plasma_response,0.710657542440771,0.8430050666756226,0.005496993763937225
J3,plasma_response,0.7112641807590891,0.8433647969645692,0.005610119652863429
J3,plasma_response,0.7117364668176576,0.8436447515498793,0.005523290008337255
J3,plasma_response,0.7121605496102487,0.843896053794689,0.005635425940284784
J3,plasma_response,0.7125464115661436,0.8441246421981434,0.005563223458602089
J3,plasma_response,0.7129497960047939,0.844363544928838,0.005570815118648677
J3,plasma_response,0.7134067533527156,0.844634094358448,0.005550306336603481
J3,plasma_response,0.7139910409170689,0.8449799056291628,0.00561572420685934
J3,plasma_response,0.7147954392385885,0.845455758297611,0.0056290522570169085
J3,plasma_response,0.7161355196300384,0.8462479067212151,0.005689906093339412
J3,plasma_response,0.7189106540325502,0.8478859911760249,0.005179978973463955
J3,plasma_response,0.7247504147697801,0.8513227441868214,0.004043127129986926
J3,plasma_response,0.7337769518479527,0.8566078168263191,0.0017001223733924447
J3,plasma_response,0.7445134909587583,0.8628519519354165,0.0009369805395927097
J3,plasma_response,0.7556871156074723,0.8693026605316886,0.0007457930281369479
J3,plasma_response,0.7670070514878989,0.8757893876314664,0.000533488205248257
J3,plasma_response,0.7772260495585382,0.8816042476976493,0.0019347144623481334
J3,plasma_response,0.7849921974545211,0.8859978540913748,0.005622844709692469
J3,plasma_response,0.7900614569180684,0.8888540132766845,0.00869835619918972
J3,plasma_response,0.7921716063479649,0.8900402273762489,0.009684741970899448
J3,plasma_response,0.7933501098083949,0.8907020319997002,0.010171575743224134
J3,plasma_response,0.7941809698775723,0.8911683173663504,0.010560595841534279
J3,plasma_response,0.794686495362746,0.8914519030002381,0.012060274054621485
J3,plasma_response,0.7951925552751617,0.8917356981051963,0.01608975320097339
J3,plasma_response,0.7956074149922363,0.8919682813823798,0.010554347288732313
J3,plasma_response,0.7959979476580268,0.8921871707539998,0.010090451896973225
J3,plasma_response,0.7963887715086381,0.8924061695823478,0.010694787214288301
J3,plasma_response,0.7968915080621912,0.8926877998842547,0.011260533923660812
J3,plasma_response,0.7974651597230579,0.8930090479513956,0.010880776357519703
J3,plasma_response,0.7981564225448036,0.8933960054448439,0.010756287315730275
J3,plasma_response,0.799235074093926,0.8939994821552897,0.011433744602416834
J3,plasma_response,0.8012286767779236,0.8951137786772828,0.011407976913158837
J3,plasma_response,0.8054490941008836,0.8974681577086084,0.010069402028908473
J3,plasma_response,0.8127839230667862,0.9015452972905944,0.0055141660320241455
J3,plasma_response,0.8225120844269674,0.9069245196966325,0.0038984158577968944
J3,plasma_response,0.8333846897654696,0.9128990578182615,0.005267923185893577
J3,plasma_response,0.843357604447922,0.9183450356200125,0.008736891744591375
J3,plasma_response,0.8515907145832597,0.9228167285995956,0.006070885764671963
J3,plasma_response,0.8562510987817241,0.9253383698851594,0.009306229612484108
J3,plasma_response,0.8585007081901389,0.9265531329557625,0.012263539304936639
J3,plasma_response,0.8597760056887205,0.9272410720458409,0.011896344321879236
J3,plasma_response,0.8605557361539968,0.9276614340124294,0.012169224655163747
J3,plasma_response,0.8612596122721404,0.9280407384765716,0.01168214252260774
J3,plasma_response,0.8616898153681766,0.9282724898262237,0.012366320997048118
J3,plasma_response,0.8621165187819985,0.9285022987489038,0.010690721809979062
J3,plasma_response,0.8625435679859254,0.9287322369692598,0.01276598576453135
J3,plasma_response,0.8629795027617102,0.9289669007891025,0.014097796617265448
J3,plasma_response,0.8634167858869513,0.9292022308878467,0.01273210606676665
J3,plasma_response,0.8638544919966143,0.9294377289504737,0.013108047307008538
J3,plasma_response,0.8644522135266938,0.929759223415769,0.015229197988779539
J3,plasma_response,0.8652619503801813,0.9301945766237197,0.017731006471585074
J3,plasma_response,0.8664117780581291,0.9308124290414955,0.02403992804987396
J3,plasma_response,0.8683355056410028,0.9318452154950428,0.03808379905970414
J3,plasma_response,0.8720439236116179,0.9338329206081878,0.0678569363945259
J3,plasma_response,0.8800649151346207,0.9381177512096339,0.071557033539621
J3,plasma_response,0.8903449251423359,0.9435809054566205,0.037122694060834405
J3,plasma_response,0.9024485934873631,0.9499729435554273,0.024355063437908782
J3,plasma_response,0.9155754611491084,0.9568570745670998,0.019327488680636173
J3,plasma_response,0.9287086534110897,0.9636953115020793,0.022439903695236532
J3,plasma_response,0.941472249796077,0.9702949292849453,0.02332004535437683
J3,plasma_response,0.9518677402203145,0.9756370945286544,0.03851682273071081
J3,plasma_response,0.9599406442380223,0.9797656067846137,0.05315767621849336
J3,plasma_response,0.9634130667867792,0.9815360751326357,0.06565528247521808
J3,plasma_response,0.965342356432886,0.9825183746031857,0.07313529175816358
J3,plasma_response,0.9664223237696791,0.9830678123963164,0.09025912294929757
J3,plasma_response,0.9674145570056226,0.9835723445713704,0.07156968461310648
J3,plasma_response,0.9679162108730919,0.983827327773066,0.0845167505983108
J3,plasma_response,0.9684182618066598,0.9840824466510211,0.07306820469981674
J3,plasma_response,0.9689207644176998,0.9843377288399037,0.06310878530618362
J3,plasma_response,0.9693446541287077,0.9845530225075274,0.06592558966415628
J3,plasma_response,0.9697623137315462,0.9847651058661381,0.0637362389243843
J3,plasma_response,0.9701802583716131,0.9849772882516699,0.06188856887861673
J3,plasma_response,0.9707550908230589,0.9852690448923375,0.058194802792027746
J3,plasma_response,0.9713446746028922,0.9855681988593646,0.0512104495805165
J3,plasma_response,0.9722355805978384,0.986020071092794,0.04793399962289953
J3,plasma_response,0.9734889347228867,0.9866554285680927,0.04920545341329385
J3,plasma_response,0.975595953002087,0.9877226093403385,0.06432352022007388
J3,plasma_response,0.9801507376451575,0.9900256247416819,0.07939487020489237
J3,plasma_response,0.9884866870869876,0.9942266779195716,0.23155499156225182
