m,s_tor,tangential_current,rational_s_tor
4,4.2944355222680766e-05,0.04291864189071282,0.3367832353310154
4,0.00017176979397226936,0.002394965535011297,0.3367832353310154
4,0.0003864619665457989,0.0006446348604348545,0.3367832353310154
4,0.0006870164346594247,0.0001668818628919881,0.3367832353310154
4,0.0010733980386975206,5.463347211730656e-05,0.3367832353310154
4,0.0015455947684413502,5.4549957266757096e-05,0.3367832353310154
4,0.002103595899582695,3.143960562348836e-05,0.3367832353310154
4,0.002747400299743042,1.596535104224702e-05,0.3367832353310154
4,0.0034770757855094943,4.0444081527130615e-05,0.3367832353310154
4,0.0042927087149518435,1.533283274320935e-05,0.3367832353310154
4,0.005194413333782453,2.058503303791101e-05,0.3367832353310154
4,0.006182324233385497,1.4192276993284892e-05,0.3367832353310154
4,0.0072565635800214,1.6702627298765094e-05,0.3367832353310154
4,0.00841725324054319,1.5480145678379808e-05,0.3367832353310154
4,0.009664506269285944,1.7030958680221194e-05,0.3367832353310154
4,0.010998394966203287,1.9547865438574945e-05,0.3367832353310154
4,0.012419072582074258,2.0974438247782176e-05,0.3367832353310154
4,0.01392669054584782,2.2734499084685918e-05,0.3367832353310154
4,0.015521405547768636,2.0369613055237517e-05,0.3367832353310154
4,0.0172033857191583,2.0045663830265024e-05,0.3367832353310154
4,0.0189727021847418,1.7939179736147998e-05,0.3367832353310154
4,0.020829572710734538,1.6354779556718273e-05,0.3367832353310154
4,0.022774196115819472,2.4763311915482158e-05,0.3367832353310154
4,0.02480671847745201,2.922444893445614e-05,0.3367832353310154
4,0.026927227780715608,4.1426253132872634e-05,0.3367832353310154
4,0.02913574724234042,4.293536021362371e-05,0.3367832353310154
4,0.03143239652818393,5.500634825000886e-05,0.3367832353310154
4,0.03381726723966916,4.587194694847558e-05,0.3367832353310154
4,0.036290384299235645,5.588317859942484e-05,0.3367832353310154
4,0.03885180195414484,4.661859621757962e-05,0.3367832353310154
4,0.04150158555289751,6.351938854969649e-05,0.3367832353310154
4,0.04423978261118174,5.5043539328604415e-05,0.3367832353310154
4,0.04706645771619468,5.46435828042551e-05,0.3367832353310154
4,0.04998165788281512,5.875809684284173e-05,0.3367832353310154
4,0.05298546256304724,6.787897187374273e-05,0.3367832353310154
4,0.05607800422442588,7.342351856497229e-05,0.3367832353310154
4,0.05925928910152643,8.167149860118487e-05,0.3367832353310154
4,0.06252956210545951,9.211814811242304e-05,0.3367832353310154
4,0.06588902229588271,9.460051905558279e-05,0.3367832353310154
4,0.06933783681508719,9.460476559958504e-05,0.3367832353310154
4,0.0728761410254767,8.535556517726622e-05,0.3367832353310154
4,0.07650401932404576,9.133441080011338e-05,0.3367832353310154
4,0.08022157781192936,7.95674520685663e-05,0.3367832353310154
4,0.0840288968205672,7.322370802965266e-05,0.3367832353310154
4,0.08792603726000324,8.11462825395677e-05,0.3367832353310154
4,0.09191309235566952,8.182697123837516e-05,0.3367832353310154
4,0.09599000033775607,7.697823125625607e-05,0.3367832353310154
4,0.10015662617915198,7.5318476338267e-05,0.3367832353310154
4,0.10441333418471553,6.933120009061532e-05,0.3367832353310154
4,0.1087602020175796,5.316335788595262e-05,0.3367832353310154
4,0.11319730663948761,7.561245815012341e-05,0.3367832353310154
4,0.11772471458311304,5.267809558832847e-05,0.3367832353310154
4,0.12234179519920114,8.324365684833918e-05,0.3367832353310154
4,0.12704905220651588,0.00022413407883095158,0.3367832353310154
4,0.13184690732620769,0.00037758476086493603,0.3367832353310154
4,0.13673596546824132,0.0001363516385427985,0.3367832353310154
4,0.14171650447194542,0.0001323671467708867,0.3367832353310154
4,0.14678852599347908,0.00012422385221690685,0.3367832353310154
4,0.15195011179042323,0.00012875566111494955,0.3367832353310154
4,0.15720282979996672,0.00013133457375271546,0.3367832353310154
4,0.1625468506127396,0.0001814097283582564,0.3367832353310154
4,0.16798247131161337,0.00020233207491622944,0.3367832353310154
4,0.17351002423767498,0.0002002139000315467,0.3367832353310154
4,0.17912980593208874,0.0002272101168310896,0.3367832353310154
4,0.18484124893355594,0.00022611643340319967,0.3367832353310154
4,0.1906435999439426,0.0002561191691690019,0.3367832353310154
4,0.19653894116821566,0.00030818925193630466,0.3367832353310154
4,0.2025276381192934,0.00037394195336218935,0.3367832353310154
4,0.20861015970515095,0.0004334108780000424,0.3367832353310154
4,0.21478699225120562,0.0005081029684189254,0.3367832353310154
4,0.22105868785107977,0.0006248242903597085,0.3367832353310154
4,0.22742576480058438,0.0007476309382626225,0.3367832353310154
4,0.23388902073008344,0.0006670209670459572,0.3367832353310154
4,0.2404486273705157,0.0004290048365515247,0.3367832353310154
4,0.24710411945181507,0.0005235610304703918,0.3367832353310154
4,0.2538557426019184,0.0004644880092701704,0.3367832353310154
4,0.2607028176316855,0.00046575427588130253,0.3367832353310154
4,0.2676442059552339,0.00045357372125368343,0.3367832353310154
4,0.27467798979204894,0.00045421647591690855,0.3367832353310154
4,0.2818010423226586,0.00041421596919698943,0.3367832353310154
4,0.2890082891152869,0.0004563836169307795,0.3367832353310154
4,0.29629072097857284,0.0004973558356941972,0.3367832353310154
4,0.30363068519095227,0.0005419925757728636,0.3367832353310154
4,0.31099028582264837,0.0006022115741462531,0.3367832353310154
4,0.3182754370659802,0.0007960385730866214,0.3367832353310154
4,0.3252155562679019,0.001122474485251415,0.3367832353310154
4,0.33100678814997553,0.001711023298709979,0.3367832353310154
4,0.33410768925440515,0.0018452792977403654,0.3367832353310154
4,0.3353646279442493,0.0019274918362834966,0.3367832353310154
4,0.3359538770478608,0.002036246501293677,0.3367832353310154
4,0.3363570523532288,0.0020587769485055597,0.3367832353310154
4,0.33669416698071575,0.0019926298804251595,0.3367832353310154
4,0.3370307496287049,0.002137404361127896,0.3367832353310154
4,0.3374125728440744,0.001997255578771161,0.3367832353310154
4,0.33803713511106515,0.0020036038604261674,0.3367832353310154
4,0.33921557888919546,0.0020682985351144602,0.3367832353310154
4,0.3423569455740396,0.002097899513318743,0.3367832353310154
4,0.34808341319378705,0.001568546339887624,0.3367832353310154
4,0.3552642720955083,0.0006766553529247876,0.3367832353310154
4,0.36305793610632675,0.00027051820167575485,0.3367832353310154
4,0.3711537568180135,0.00016259502611746268,0.3367832353310154
4,0.3794450730561415,0.000168157210356579,0.3367832353310154
4,0.3878888906188352,0.00018592920325184752,0.3367832353310154
4,0.3964644576444929,0.00020284855819535758,0.3367832353310154
4,0.40515971372085685,0.0002118029378069122,0.3367832353310154
4,0.4139659109616991,0.00021919229730109574,0.3367832353310154
4,0.4228745470354246,0.00022445522378496745,0.3367832353310154
4,0.4318749451705691,0.0002502725069815118,0.3367832353310154
4,0.4409509104760028,0.0002757733470161307,0.3367832353310154
4,0.4500747707497486,0.00030410210471340564,0.3367832353310154
4,0.45914919120429176,0.00034204404634162786,0.3367832353310154
4,0.46800738264545017,0.0004187479454781552,0.3367832353310154
4,0.4761271354652817,0.0004732537697921232,0.3367832353310154
4,0.48238523426878677,0.000641501352578533,0.3367832353310154
4,0.48540723328466456,0.0006686640722314607,0.3367832353310154
4,0.48675820968245603,0.0006903461623282614,0.3367832353310154
4,0.4874476629859504,0.0006902378960348989,0.3367832353310154
4,0.48792283115845897,0.0007018478744773746,0.3367832353310154
4,0.48831252526898183,0.0007740955977622483,0.3367832353310154
4,0.4886683669111045,0.0005878616337293034,0.3367832353310154
4,0.4890576157191495,0.0007738665226741674,0.3367832353310154
4,0.48953550841490434,0.0006886744516848847,0.3367832353310154
4,0.49028497380660263,0.0006674687338665898,0.3367832353310154
4,0.49167488974308693,0.0006621283953080581,0.3367832353310154
4,0.49486089797572397,0.0005819391020677787,0.3367832353310154
4,0.5012161269753587,0.0003440575099865211,0.3367832353310154
4,0.5096408428434245,0.0002588740210295775,0.3367832353310154
4,0.518980286088116,0.0002312955569550205,0.3367832353310154
4,0.5287679326440193,0.00023470115858883727,0.3367832353310154
4,0.538814457516978,0.00023141011858810397,0.3367832353310154
4,0.5490357400407467,0.0002546150814140077,0.3367832353310154
4,0.5593387892459778,0.00027214756499034166,0.3367832353310154
4,0.5696597353771594,0.00029957098517590617,0.3367832353310154
4,0.5798744689327439,0.00033337056892140347,0.3367832353310154
4,0.5896898426477407,0.0004684711441242752,0.3367832353310154
4,0.598444932853079,0.0007844501826056411,0.3367832353310154
4,0.6045457764011423,0.0011494458438598644,0.3367832353310154
4,0.607264603541583,0.001301655195166472,0.3367832353310154
4,0.6085837140221827,0.0013331244383241849,0.3367832353310154
4,0.6094466311998917,0.0013561320500228215,0.3367832353310154
4,0.6099715902434248,0.001418696782136807,0.3367832353310154
4,0.6103921186009112,0.0013760076214045824,0.3367832353310154
4,0.6107731001732044,0.0012425255394007272,0.3367832353310154
4,0.6111626523151006,0.0013214023878745495,0.3367832353310154
4,0.6115920086074463,0.0013323107538716164,0.3367832353310154
4,0.6121561490768876,0.0013418106113943845,0.3367832353310154
4,0.6129891397191055,0.0013577058266595547,0.3367832353310154
4,0.6145534725689341,0.0013441958052491144,0.3367832353310154
4,0.6180525909340668,0.0012090968935380443,0.3367832353310154
4,0.6248653470479151,0.0006366087304660684,0.3367832353310154
4,0.6339862580126657,0.0002789669396943143,0.3367832353310154
4,0.6443209720651727,0.00022599577080408364,0.3367832353310154
4,0.6552433383598982,0.00022353531167821597,0.3367832353310154
4,0.6663417597530473,0.00023345597093103095,0.3367832353310154
4,0.6773710276192951,0.00027329803672834107,0.3367832353310154
4,0.688047829773765,0.00036658379526411045,0.3367832353310154
4,0.6978758915954021,0.0006822004326170043,0.3367832353310154
4,0.7046577646043548,0.0010086541649701832,0.3367832353310154
4,0.7078339714406493,0.001156754206189718,0.3367832353310154
4,0.709762221590704,0.0011987942498451404,0.3367832353310154
4,0.710657542440771,0.0012336625146882154,0.3367832353310154
4,0.7112641807590891,0.0012517521661446673,0.3367832353310154
4,0.7117364668176576,0.0012198187851229392,0.3367832353310154
4,0.7121605496102487,0.0012903943277831089,0.3367832353310154
4,0.7125464115661436,0.00121473661774556,0.3367832353310154
4,0.7129497960047939,0.0012060872039582335,0.3367832353310154
4,0.7134067533527156,0.001249427931138918,0.3367832353310154
4,0.7139910409170689,0.001256044295506558,0.3367832353310154
4,0.7147954392385885,0.0012385401013853049,0.3367832353310154
4,0.7161355196300384,0.0012450647144281132,0.3367832353310154
4,0.7189106540325502,0.0011020491247037921,0.3367832353310154
4,0.7247504147697801,0.0008229337813780522,0.3367832353310154
4,0.7337769518479527,0.00033409506326276934,0.3367832353310154
4,0.7445134909587583,0.00015718254582748663,0.3367832353310154
4,0.7556871156074723,0.0002309063806189692,0.3367832353310154
4,0.7670070514878989,0.0002819805327750126,0.3367832353310154
4,0.7772260495585382,0.0004989544216300951,0.3367832353310154
4,0.7849921974545211,0.0011895813505910927,0.3367832353310154
4,0.7900614569180684,0.0018595991826986095,0.3367832353310154
4,0.7921716063479649,0.0020802179095830943,0.3367832353310154
4,0.7933501098083949,0.002214436227952864,0.3367832353310154
4,0.7941809698775723,0.00231464770301849,0.3367832353310154
4,0.794686495362746,0.003813509055920283,0.3367832353310154
4,0.7951925552751617,0.005693378513784446,0.3367832353310154
4,0.7956074149922363,0.0023220395760313647,0.3367832353310154
4,0.7959979476580268,0.0024481329468700077,0.3367832353310154
4,0.7963887715086381,0.00234577261917429,0.3367832353310154
4,0.7968915080621912,0.002516977134152372,0.3367832353310154
4,0.7974651597230579,0.0024355212652351697,0.3367832353310154
4,0.7981564225448036,0.002318831201556533,0.3367832353310154
4,0.799235074093926,0.00246067293810947,0.3367832353310154
4,0.8012286767779236,0.0024581091153449875,0.3367832353310154
4,0.8054490941008836,0.0021106939395922433,0.3367832353310154
4,0.8127839230667862,0.0010555303146527926,0.3367832353310154
4,0.8225120844269674,0.0007774767124165094,0.3367832353310154
4,0.8333846897654696,0.0025888371637264396,0.3367832353310154
4,0.843357604447922,0.002278799210890628,0.3367832353310154
4,0.8515907145832597,0.0012844240154310919,0.3367832353310154
4,0.8562510987817241,0.002121194948479956,0.3367832353310154
4,0.8585007081901389,0.0027383582018690135,0.3367832353310154
4,0.8597760056887205,0.003109236579288322,0.3367832353310154
4,0.8605557361539968,0.0031830685009528034,0.3367832353310154
4,0.8612596122721404,0.00388470717331873,0.3367832353310154
4,0.8616898153681766,0.002006122766213998,0.3367832353310154
4,0.8621165187819985,0.002880153735955797,0.3367832353310154
4,0.8625435679859254,0.0032721212866527612,0.3367832353310154
4,0.8629795027617102,0.004029515206360649,0.3367832353310154
4,0.8634167858869513,0.0028233728260296945,0.3367832353310154
4,0.8638544919966143,0.0036035946457681207,0.3367832353310154
4,0.8644522135266938,0.004817814526655765,0.3367832353310154
4,0.8652619503801813,0.006388644169014583,0.3367832353310154
4,0.8664117780581291,0.009590410918669391,0.3367832353310154
4,0.8683355056410028,0.015446628574289351,0.3367832353310154
4,0.8720439236116179,0.028070441580061133,0.3367832353310154
4,0.8800649151346207,0.02783416205179022,0.3367832353310154
4,0.8903449251423359,0.01728731450119147,0.3367832353310154
4,0.9024485934873631,0.009013585947920875,0.3367832353310154
4,0.9155754611491084,0.005588105956058171,0.3367832353310154
4,0.9287086534110897,0.005953497412357292,0.3367832353310154
4,0.941472249796077,0.008570315196940112,0.3367832353310154
4,0.9518677402203145,0.012662694083575742,0.3367832353310154
4,0.9599406442380223,0.0184567025219285,0.3367832353310154
4,0.9634130667867792,0.02166816370990328,0.3367832353310154
4,0.965342356432886,0.02194843585510342,0.3367832353310154
4,0.9664223237696791,0.02776896174988757,0.3367832353310154
4,0.9674145570056226,0.023617989687947035,0.3367832353310154
4,0.9679162108730919,0.04263005837085698,0.3367832353310154
4,0.9684182618066598,0.014560806556233905,0.3367832353310154
4,0.9689207644176998,0.018905852673348707,0.3367832353310154
4,0.9693446541287077,0.025866596793450543,0.3367832353310154
4,0.9697623137315462,0.032949900029596704,0.3367832353310154
4,0.9701802583716131,0.018302633866896782,0.3367832353310154
4,0.9707550908230589,0.01747582162107369,0.3367832353310154
4,0.9713446746028922,0.019962521443973993,0.3367832353310154
4,0.9722355805978384,0.01794018284005252,0.3367832353310154
4,0.9734889347228867,0.012906027983695377,0.3367832353310154
4,0.975595953002087,0.012011867602325027,0.3367832353310154
4,0.9801507376451575,0.01988743412194249,0.3367832353310154
4,0.9884866870869876,0.08885592808055434,0.3367832353310154
5,4.2944355222680766e-05,0.27536636082597304,0.48848330397173
5,0.00017176979397226936,0.015361656520709878,0.48848330397173
5,0.0003864619665457989,0.004115358307827496,0.48848330397173
5,0.0006870164346594247,0.0011030012782981614,0.48848330397173
5,0.0010733980386975206,0.00028986485911401406,0.48848330397173
5,0.0015455947684413502,8.116630044166607e-05,0.48848330397173
5,0.002103595899582695,2.499932639894614e-05,0.48848330397173
5,0.002747400299743042,8.6235053891704e-06,0.48848330397173
5,0.0034770757855094943,1.9436569252411215e-05,0.48848330397173
5,0.0042927087149518435,2.2085003878685607e-05,0.48848330397173
5,0.005194413333782453,2.0687638755795307e-05,0.48848330397173
5,0.006182324233385497,2.1555645171373895e-05,0.48848330397173
5,0.0072565635800214,1.98640490800874e-05,0.48848330397173
5,0.00841725324054319,1.7972185014431865e-05,0.48848330397173
5,0.009664506269285944,2.0031945474859894e-05,0.48848330397173
5,0.010998394966203287,2.2660963611803388e-05,0.48848330397173
5,0.012419072582074258,2.4225631777029684e-05,0.48848330397173
5,0.01392669054584782,2.7547848397929298e-05,0.48848330397173
5,0.015521405547768636,2.461618290744832e-05,0.48848330397173
5,0.0172033857191583,2.551905737332324e-05,0.48848330397173
5,0.0189727021847418,2.4236170705485415e-05,0.48848330397173
5,0.020829572710734538,1.775368405476771e-05,0.48848330397173
5,0.022774196115819472,1.2459014978994303e-05,0.48848330397173
5,0.02480671847745201,1.1989683447556473e-05,0.48848330397173
5,0.026927227780715608,1.3793674627130445e-05,0.48848330397173
5,0.02913574724234042,1.5249361100687987e-05,0.48848330397173
5,0.03143239652818393,2.0788573000103188e-05,0.48848330397173
5,0.03381726723966916,1.4278318405400015e-05,0.48848330397173
5,0.036290384299235645,1.533056224301659e-05,0.48848330397173
5,0.03885180195414484,1.1428884552996354e-05,0.48848330397173
5,0.04150158555289751,2.020602754913442e-05,0.48848330397173
5,0.04423978261118174,1.5892896037041737e-05,0.48848330397173
5,0.04706645771619468,1.2195298772577832e-05,0.48848330397173
5,0.04998165788281512,9.759051566801233e-06,0.48848330397173
5,0.05298546256304724,9.468385089906833e-06,0.48848330397173
5,0.05607800422442588,7.990584920189295e-06,0.48848330397173
5,0.05925928910152643,8.052481552583069e-06,0.48848330397173
5,0.06252956210545951,8.631774830471706e-06,0.48848330397173
5,0.06588902229588271,9.161634706118883e-06,0.48848330397173
5,0.06933783681508719,1.2970543357430038e-05,0.48848330397173
5,0.0728761410254767,1.35802085507511e-05,0.48848330397173
5,0.07650401932404576,1.5938747843039786e-05,0.48848330397173
5,0.08022157781192936,1.3879350392085105e-05,0.48848330397173
5,0.0840288968205672,1.4973836916223312e-05,0.48848330397173
5,0.08792603726000324,1.2470568728609315e-05,0.48848330397173
5,0.09191309235566952,1.0534745711606435e-05,0.48848330397173
5,0.09599000033775607,1.0783910070562496e-05,0.48848330397173
5,0.10015662617915198,1.1212293094782504e-05,0.48848330397173
5,0.10441333418471553,1.144154450551767e-05,0.48848330397173
5,0.1087602020175796,1.3130496519475272e-05,0.48848330397173
5,0.11319730663948761,1.122206080127197e-05,0.48848330397173
5,0.11772471458311304,1.4680064328874269e-05,0.48848330397173
5,0.12234179519920114,1.2963881349711541e-05,0.48848330397173
5,0.12704905220651588,1.6646437876768115e-05,0.48848330397173
5,0.13184690732620769,2.9027851014850232e-05,0.48848330397173
5,0.13673596546824132,2.7991950769139854e-05,0.48848330397173
5,0.14171650447194542,2.0198966857140525e-05,0.48848330397173
5,0.14678852599347908,2.203201337449487e-05,0.48848330397173
5,0.15195011179042323,2.180266171990674e-05,0.48848330397173
5,0.15720282979996672,2.292056735167254e-05,0.48848330397173
5,0.1625468506127396,3.003684396489149e-05,0.48848330397173
5,0.16798247131161337,3.194235626030625e-05,0.48848330397173
5,0.17351002423767498,3.3153469679706815e-05,0.48848330397173
5,0.17912980593208874,3.680989578704915e-05,0.48848330397173
5,0.18484124893355594,3.75715021623799e-05,0.48848330397173
5,0.1906435999439426,4.1974380425546596e-05,0.48848330397173
5,0.19653894116821566,4.8281469316338105e-05,0.48848330397173
5,0.2025276381192934,5.700782201628671e-05,0.48848330397173
5,0.20861015970515095,6.303166222756461e-05,0.48848330397173
5,0.21478699225120562,7.18742438793709e-05,0.48848330397173
5,0.22105868785107977,8.234645549334857e-05,0.48848330397173
5,0.22742576480058438,9.273290763383691e-05,0.48848330397173
5,0.23388902073008344,9.153924293815022e-05,0.48848330397173
5,0.2404486273705157,3.053138055011004e-05,0.48848330397173
5,0.24710411945181507,4.242453502508057e-05,0.48848330397173
5,0.2538557426019184,4.323155364102842e-05,0.48848330397173
5,0.2607028176316855,4.905888639863342e-05,0.48848330397173
5,0.2676442059552339,5.295609294979617e-05,0.48848330397173
5,0.27467798979204894,6.96650264997475e-05,0.48848330397173
5,0.2818010423226586,7.191224335082208e-05,0.48848330397173
5,0.2890082891152869,9.573291951163476e-05,0.48848330397173
5,0.29629072097857284,0.00011559497283310844,0.48848330397173
5,0.30363068519095227,0.00016457775862936867,0.48848330397173
5,0.31099028582264837,0.0002573840356969542,0.48848330397173
5,0.3182754370659802,0.0006159368236199874,0.48848330397173
5,0.3252155562679019,0.001347580896802367,0.48848330397173
5,0.33100678814997553,0.002176057363621732,0.48848330397173
5,0.33410768925440515,0.002399324470993504,0.48848330397173
5,0.3353646279442493,0.002518566436602339,0.48848330397173
5,0.3359538770478608,0.0026364080176497213,0.48848330397173
5,0.3363570523532288,0.002697923271246986,0.48848330397173
5,0.33669416698071575,0.002643429683762857,0.48848330397173
5,0.3370307496287049,0.00277202009092129,0.48848330397173
5,0.3374125728440744,0.002666870045288741,0.48848330397173
5,0.33803713511106515,0.0027092949648225995,0.48848330397173
5,0.33921557888919546,0.002807205959296529,0.48848330397173
5,0.3423569455740396,0.0029902033656612763,0.48848330397173
5,0.34808341319378705,0.002614009150499141,0.48848330397173
5,0.3552642720955083,0.0013972880578624902,0.48848330397173
5,0.36305793610632675,0.0007331914250148797,0.48848330397173
5,0.3711537568180135,0.0004577278418889381,0.48848330397173
5,0.3794450730561415,0.0003672820189259628,0.48848330397173
5,0.3878888906188352,0.0003183362170551263,0.48848330397173
5,0.3964644576444929,0.0002805126366452923,0.48848330397173
5,0.40515971372085685,0.00029125859146078895,0.48848330397173
5,0.4139659109616991,0.00028315278565259724,0.48848330397173
5,0.4228745470354246,0.0002864398531255786,0.48848330397173
5,0.4318749451705691,0.0002891321274142046,0.48848330397173
5,0.4409509104760028,0.00032104192128520653,0.48848330397173
5,0.4500747707497486,0.00032291664888166836,0.48848330397173
5,0.45914919120429176,0.0003604051274554853,0.48848330397173
5,0.46800738264545017,0.0004437488329153681,0.48848330397173
5,0.4761271354652817,0.0006010221954366504,0.48848330397173
5,0.48238523426878677,0.0009393309563491953,0.48848330397173
5,0.48540723328466456,0.0009517895350365028,0.48848330397173
5,0.48675820968245603,0.0009843239655037933,0.48848330397173
5,0.4874476629859504,0.0010201401826391255,0.48848330397173
5,0.48792283115845897,0.001002888230931547,0.48848330397173
5,0.48831252526898183,0.0011078170304664777,0.48848330397173
5,0.4886683669111045,0.0008968068456779363,0.48848330397173
5,0.4890576157191495,0.0010768098845666389,0.48848330397173
5,0.48953550841490434,0.0009807314384755557,0.48848330397173
5,0.49028497380660263,0.0009561220439411597,0.48848330397173
5,0.49167488974308693,0.0009542567189346823,0.48848330397173
5,0.49486089797572397,0.0008508673352890267,0.48848330397173
5,0.5012161269753587,0.00044147150076765594,0.48848330397173
5,0.5096408428434245,0.0001870014920984038,0.48848330397173
5,0.518980286088116,0.00018342759492549673,0.48848330397173
5,0.5287679326440193,0.00020157434162205762,0.48848330397173
5,0.538814457516978,0.00021513215683896915,0.48848330397173
5,0.5490357400407467,0.00023013374185499298,0.48848330397173
5,0.5593387892459778,0.00024400270660227495,0.48848330397173
5,0.5696597353771594,0.00023982402119891225,0.48848330397173
5,0.5798744689327439,0.0002576852607814309,0.48848330397173
5,0.5896898426477407,0.0002818598879132833,0.48848330397173
5,0.598444932853079,0.00028895093484589883,0.48848330397173
5,0.6045457764011423,0.0002900892719203041,0.48848330397173
5,0.607264603541583,0.00032412570411346076,0.48848330397173
5,0.6085837140221827,0.00033597127305065306,0.48848330397173
5,0.6094466311998917,0.00037685938387869896,0.48848330397173
5,0.6099715902434248,0.00037987524155610905,0.48848330397173
5,0.6103921186009112,0.0003890462673511444,0.48848330397173
5,0.6107731001732044,0.0004869234246320968,0.48848330397173
5,0.6111626523151006,0.0004278567026761987,0.48848330397173
5,0.6115920086074463,0.0004517832021856603,0.48848330397173
5,0.6121561490768876,0.000435355508153642,0.48848330397173
5,0.6129891397191055,0.0004563447521921937,0.48848330397173
5,0.6145534725689341,0.0005069970308998276,0.48848330397173
5,0.6180525909340668,0.0006034110808966879,0.48848330397173
5,0.6248653470479151,0.0005769415723998108,0.48848330397173
5,0.6339862580126657,0.0004042429159608486,0.48848330397173
5,0.6443209720651727,0.0003394558931708246,0.48848330397173
5,0.6552433383598982,0.00028871437081927804,0.48848330397173
5,0.6663417597530473,0.0002696530669813817,0.48848330397173
5,0.6773710276192951,0.0003291684462174307,0.48848330397173
5,0.688047829773765,0.0004628439273709447,0.48848330397173
5,0.6978758915954021,0.0007457739380004524,0.48848330397173
5,0.7046577646043548,0.0009013086475131483,0.48848330397173
5,0.7078339714406493,0.0009308483289739882,0.48848330397173
5,0.709762221590704,0.0008960243209994664,0.48848330397173
5,0.710657542440771,0.0009074003177763353,0.48848330397173
5,0.7112641807590891,0.0008991052328423901,0.48848330397173
5,0.7117364668176576,0.000878073775065887,0.48848330397173
5,0.7121605496102487,0.0008982280687464623,0.48848330397173
5,0.7125464115661436,0.000865067536196708,0.48848330397173
5,0.7129497960047939,0.0008179157252240214,0.48848330397173
5,0.7134067533527156,0.0008386038562377299,0.48848330397173
5,0.7139910409170689,0.0008320225470372293,0.48848330397173
5,0.7147954392385885,0.0007951054483636688,0.48848330397173
5,0.7161355196300384,0.0007790863578122097,0.48848330397173
5,0.7189106540325502,0.0006656260767823721,0.48848330397173
5,0.7247504147697801,0.0005157069897529408,0.48848330397173
5,0.7337769518479527,0.00030301022604945025,0.48848330397173
5,0.7445134909587583,0.0002471404387876099,0.48848330397173
5,0.7556871156074723,0.0002965012755104083,0.48848330397173
5,0.7670070514878989,0.00034803849203209736,0.48848330397173
5,0.7772260495585382,0.000523806253157013,0.48848330397173
5,0.7849921974545211,0.0008505132012777772,0.48848330397173
5,0.7900614569180684,0.0010567952047115662,0.48848330397173
5,0.7921716063479649,0.0011141402535755599,0.48848330397173
5,0.7933501098083949,0.0011402833223572452,0.48848330397173
5,0.7941809698775723,0.001177922565676682,0.48848330397173
5,0.794686495362746,0.0023353233238339035,0.48848330397173
5,0.7951925552751617,0.004248343098797331,0.48848330397173
5,0.7956074149922363,0.0028766773846140067,0.48848330397173
5,0.7959979476580268,0.0011373554987442085,0.48848330397173
5,0.7963887715086381,0.001031896083707525,0.48848330397173
5,0.7968915080621912,0.0011319324125629315,0.48848330397173
5,0.7974651597230579,0.0013297595616734526,0.48848330397173
5,0.7981564225448036,0.0010448365944523345,0.48848330397173
5,0.799235074093926,0.0010492512502818913,0.48848330397173
5,0.8012286767779236,0.0010596193020606973,0.48848330397173
5,0.8054490941008836,0.0009349518234173659,0.48848330397173
5,0.8127839230667862,0.0004939026785080264,0.48848330397173
5,0.8225120844269674,0.000560881035082431,0.48848330397173
5,0.8333846897654696,0.0019291006442902748,0.48848330397173
5,0.843357604447922,0.002010307917934306,0.48848330397173
5,0.8515907145832597,0.0016486519373507835,0.48848330397173
5,0.8562510987817241,0.002604146417555187,0.48848330397173
5,0.8585007081901389,0.003743790330586379,0.48848330397173
5,0.8597760056887205,0.0027311535826318994,0.48848330397173
5,0.8605557361539968,0.004435715069826555,0.48848330397173
5,0.8612596122721404,0.002444746315104369,0.48848330397173
5,0.8616898153681766,0.0026476968901350886,0.48848330397173
5,0.8621165187819985,0.0025670662323411513,0.48848330397173
5,0.8625435679859254,0.0029626736128572943,0.48848330397173
5,0.8629795027617102,0.00350462124330088,0.48848330397173
5,0.8634167858869513,0.0025978087905115083,0.48848330397173
5,0.8638544919966143,0.0033457152002580918,0.48848330397173
5,0.8644522135266938,0.004683956173974337,0.48848330397173
5,0.8652619503801813,0.006318306798532666,0.48848330397173
5,0.8664117780581291,0.009830747282210846,0.48848330397173
5,0.8683355056410028,0.016651567175509526,0.48848330397173
5,0.8720439236116179,0.030192897051560467,0.48848330397173
5,0.8800649151346207,0.030431137256811337,0.48848330397173
5,0.8903449251423359,0.01887048618768933,0.48848330397173
5,0.9024485934873631,0.007564214896434619,0.48848330397173
5,0.9155754611491084,0.0046497318841429375,0.48848330397173
5,0.9287086534110897,0.005134363035818321,0.48848330397173
5,0.941472249796077,0.007097707461588416,0.48848330397173
5,0.9518677402203145,0.010298174984090967,0.48848330397173
5,0.9599406442380223,0.013886502276672113,0.48848330397173
5,0.9634130667867792,0.01651658193496869,0.48848330397173
5,0.965342356432886,0.01692520220238664,0.48848330397173
5,0.9664223237696791,0.02069605223883523,0.48848330397173
5,0.9674145570056226,0.01922961430944695,0.48848330397173
5,0.9679162108730919,0.03125286461211815,0.48848330397173
5,0.9684182618066598,0.013449895265759664,0.48848330397173
5,0.9689207644176998,0.015215490170253924,0.48848330397173
5,0.9693446541287077,0.02067226941384242,0.48848330397173
5,0.9697623137315462,0.02422929607719156,0.48848330397173
5,0.9701802583716131,0.016426449735617722,0.48848330397173
5,0.9707550908230589,0.01375525211428868,0.48848330397173
5,0.9713446746028922,0.016603600193438362,0.48848330397173
5,0.9722355805978384,0.01379258803003592,0.48848330397173
5,0.9734889347228867,0.013230961446890491,0.48848330397173
5,0.975595953002087,0.01454514273679474,0.48848330397173
5,0.9801507376451575,0.02332308209388318,0.48848330397173
5,0.9884866870869876,0.06987015715445809,0.48848330397173
6,4.2944355222680766e-05,0.017667663228775582,0.6107162200486045
6,0.00017176979397226936,0.0009846839980329222,0.6107162200486045
6,0.0003864619665457989,0.00026145905753352473,0.6107162200486045
6,0.0006870164346594247,7.046414552807328e-05,0.6107162200486045
6,0.0010733980386975206,2.3969393250085125e-05,0.6107162200486045
6,0.0015455947684413502,1.814305458958167e-05,0.6107162200486045
6,0.002103595899582695,9.196729911372515e-06,0.6107162200486045
6,0.002747400299743042,4.768255700453896e-06,0.6107162200486045
6,0.0034770757855094943,9.764532217476008e-06,0.6107162200486045
6,0.0042927087149518435,4.870967942179764e-06,0.6107162200486045
6,0.005194413333782453,3.916848393492076e-06,0.6107162200486045
6,0.006182324233385497,3.5172037965291705e-06,0.6107162200486045
6,0.0072565635800214,3.4289729932841053e-06,0.6107162200486045
6,0.00841725324054319,3.427538547184965e-06,0.6107162200486045
6,0.009664506269285944,4.025871020666913e-06,0.6107162200486045
6,0.010998394966203287,4.351397540838886e-06,0.6107162200486045
6,0.012419072582074258,4.813872492349768e-06,0.6107162200486045
6,0.01392669054584782,5.4520102893571235e-06,0.6107162200486045
6,0.015521405547768636,4.999221053760361e-06,0.6107162200486045
6,0.0172033857191583,5.161962433079933e-06,0.6107162200486045
6,0.0189727021847418,4.957251400786415e-06,0.6107162200486045
6,0.020829572710734538,4.752475318013752e-06,0.6107162200486045
6,0.022774196115819472,5.675792696781659e-06,0.6107162200486045
6,0.02480671847745201,7.216298935550625e-06,0.6107162200486045
6,0.026927227780715608,9.298278570409927e-06,0.6107162200486045
6,0.02913574724234042,9.68086754865794e-06,0.6107162200486045
6,0.03143239652818393,1.222922351243436e-05,0.6107162200486045
6,0.03381726723966916,1.1200997770695575e-05,0.6107162200486045
6,0.036290384299235645,1.1959928703020706e-05,0.6107162200486045
6,0.03885180195414484,1.0287020710902569e-05,0.6107162200486045
6,0.04150158555289751,1.4609103275972686e-05,0.6107162200486045
6,0.04423978261118174,1.263875835190627e-05,0.6107162200486045
6,0.04706645771619468,1.2447768673852627e-05,0.6107162200486045
6,0.04998165788281512,1.2559982008116408e-05,0.6107162200486045
6,0.05298546256304724,1.400335690210982e-05,0.6107162200486045
6,0.05607800422442588,1.43514230222695e-05,0.6107162200486045
6,0.05925928910152643,1.594448119897061e-05,0.6107162200486045
6,0.06252956210545951,1.78250716218696e-05,0.6107162200486045
6,0.06588902229588271,1.8463487989653527e-05,0.6107162200486045
6,0.06933783681508719,2.011171348176767e-05,0.6107162200486045
6,0.0728761410254767,1.8676317063579637e-05,0.6107162200486045
6,0.07650401932404576,2.1372834930450828e-05,0.6107162200486045
6,0.08022157781192936,1.955090206092948e-05,0.6107162200486045
6,0.0840288968205672,1.9424943649336073e-05,0.6107162200486045
6,0.08792603726000324,2.0397325021336625e-05,0.6107162200486045
6,0.09191309235566952,2.029115432058734e-05,0.6107162200486045
6,0.09599000033775607,1.99118325440453e-05,0.6107162200486045
6,0.10015662617915198,2.0007312111854997e-05,0.6107162200486045
6,0.10441333418471553,1.9303584572340856e-05,0.6107162200486045
6,0.1087602020175796,1.6756439599791576e-05,0.6107162200486045
6,0.11319730663948761,2.057634045814017e-05,0.6107162200486045
6,0.11772471458311304,1.687496057634803e-05,0.6107162200486045
6,0.12234179519920114,2.0916037830002905e-05,0.6107162200486045
6,0.12704905220651588,3.866937521405667e-05,0.6107162200486045
6,0.13184690732620769,6.20720112645051e-05,0.6107162200486045
6,0.13673596546824132,2.6838189771599154e-05,0.6107162200486045
6,0.14171650447194542,3.0305707373087272e-05,0.6107162200486045
6,0.14678852599347908,3.037399528203905e-05,0.6107162200486045
6,0.15195011179042323,3.1535414918494814e-05,0.6107162200486045
6,0.15720282979996672,3.2237519953695445e-05,0.6107162200486045
6,0.1625468506127396,3.722561831328214e-05,0.6107162200486045
6,0.16798247131161337,3.97475514366937e-05,0.6107162200486045
6,0.17351002423767498,4.0202122273384064e-05,0.6107162200486045
6,0.17912980593208874,4.370964861102975e-05,0.6107162200486045
6,0.18484124893355594,4.388840466117102e-05,0.6107162200486045
6,0.1906435999439426,4.68647805003365e-05,0.6107162200486045
6,0.19653894116821566,5.061788524305536e-05,0.6107162200486045
6,0.2025276381192934,5.5399098134243695e-05,0.6107162200486045
6,0.20861015970515095,5.917146855307904e-05,0.6107162200486045
6,0.21478699225120562,6.438603327822039e-05,0.6107162200486045
6,0.22105868785107977,7.165857617792878e-05,0.6107162200486045
6,0.22742576480058438,7.927207399862347e-05,0.6107162200486045
6,0.23388902073008344,7.65208105572179e-05,0.6107162200486045
6,0.2404486273705157,8.94005683196797e-05,0.6107162200486045
6,0.24710411945181507,0.00010338323260754651,0.6107162200486045
6,0.2538557426019184,9.111783944228744e-05,0.6107162200486045
6,0.2607028176316855,8.851342114554143e-05,0.6107162200486045
6,0.2676442059552339,8.475794698954111e-05,0.6107162200486045
6,0.27467798979204894,8.083690360401638e-05,0.6107162200486045
6,0.2818010423226586,7.116563909077912e-05,0.6107162200486045
6,0.2890082891152869,6.790544482192647e-05,0.6107162200486045
6,0.29629072097857284,7.341760715332086e-05,0.6107162200486045
6,0.30363068519095227,7.937185119495744e-05,0.6107162200486045
6,0.31099028582264837,9.044365448741658e-05,0.6107162200486045
6,0.3182754370659802,0.00013927304414035002,0.6107162200486045
6,0.3252155562679019,0.000251147644324992,0.6107162200486045
6,0.33100678814997553,0.0003897849374012433,0.6107162200486045
6,0.33410768925440515,0.00044852261241747375,0.6107162200486045
6,0.3353646279442493,0.00048148527381325297,0.6107162200486045
6,0.3359538770478608,0.0005064271896752141,0.6107162200486045
6,0.3363570523532288,0.0005442740695848917,0.6107162200486045
6,0.33669416698071575,0.0005643202035237209,0.6107162200486045
6,0.3370307496287049,0.0005467240744465999,0.6107162200486045
6,0.3374125728440744,0.0005460116780982062,0.6107162200486045
6,0.33803713511106515,0.0005308913013041234,0.6107162200486045
6,0.33921557888919546,0.0005712780003550488,0.6107162200486045
6,0.3423569455740396,0.000673205199018839,0.6107162200486045
6,0.34808341319378705,0.0007190835338319024,0.6107162200486045
6,0.3552642720955083,0.00047296409265938394,0.6107162200486045
6,0.36305793610632675,0.0002741737942181011,0.6107162200486045
6,0.3711537568180135,0.0001718716675922043,0.6107162200486045
6,0.3794450730561415,0.00013339280684506998,0.6107162200486045
6,0.3878888906188352,0.00011030581664045862,0.6107162200486045
6,0.3964644576444929,8.686100660334704e-05,0.6107162200486045
6,0.40515971372085685,9.548491773421285e-05,0.6107162200486045
6,0.4139659109616991,9.792687766758856e-05,0.6107162200486045
6,0.4228745470354246,0.00010601795372684073,0.6107162200486045
6,0.4318749451705691,0.00011212505663981129,0.6107162200486045
6,0.4409509104760028,0.00014606512599221784,0.6107162200486045
6,0.4500747707497486,0.00017044763903259445,0.6107162200486045
6,0.45914919120429176,0.0002574436922426043,0.6107162200486045
6,0.46800738264545017,0.000573364252273931,0.6107162200486045
6,0.4761271354652817,0.001573844448577044,0.6107162200486045
6,0.48238523426878677,0.0029665544373694056,0.6107162200486045
6,0.48540723328466456,0.0031862503303218825,0.6107162200486045
6,0.48675820968245603,0.003330656935168082,0.6107162200486045
6,0.4874476629859504,0.003446090504406212,0.6107162200486045
6,0.48792283115845897,0.003423775031282637,0.6107162200486045
6,0.48831252526898183,0.0035907116711541274,0.6107162200486045
6,0.4886683669111045,0.0033418407099642653,0.6107162200486045
6,0.4890576157191495,0.0035545178931103024,0.6107162200486045
6,0.48953550841490434,0.003455371787211374,0.6107162200486045
6,0.49028497380660263,0.003491046793689712,0.6107162200486045
6,0.49167488974308693,0.0035630056060459462,0.6107162200486045
6,0.49486089797572397,0.003504008767403612,0.6107162200486045
6,0.5012161269753587,0.0023919950068586006,0.6107162200486045
6,0.5096408428434245,0.0009572144525187244,0.6107162200486045
6,0.518980286088116,0.0004021600893792432,0.6107162200486045
6,0.5287679326440193,0.0002822879600969642,0.6107162200486045
6,0.538814457516978,0.0001442779562104956,0.6107162200486045
6,0.5490357400407467,0.0001468078831823875,0.6107162200486045
6,0.5593387892459778,0.00014955652475158977,0.6107162200486045
6,0.5696597353771594,0.00017830102762602377,0.6107162200486045
6,0.5798744689327439,0.00018468644543062922,0.6107162200486045
6,0.5896898426477407,0.00022677628803391203,0.6107162200486045
6,0.598444932853079,0.00023709397423226123,0.6107162200486045
6,0.6045457764011423,0.00017924615607414746,0.6107162200486045
6,0.607264603541583,0.00019233402820349654,0.6107162200486045
6,0.6085837140221827,0.00017624774108049068,0.6107162200486045
6,0.6094466311998917,0.0001834192738241984,0.6107162200486045
6,0.6099715902434248,0.000210118675026597,0.6107162200486045
6,0.6103921186009112,0.000252014635081125,0.6107162200486045
6,0.6107731001732044,0.00024819306303838464,0.6107162200486045
6,0.6111626523151006,0.00027494381968831786,0.6107162200486045
6,0.6115920086074463,0.0001575607301488142,0.6107162200486045
6,0.6121561490768876,0.00015883827391200545,0.6107162200486045
6,0.6129891397191055,0.00013511039860647595,0.6107162200486045
6,0.6145534725689341,0.00011468728175781753,0.6107162200486045
6,0.6180525909340668,8.11159196213702e-05,0.6107162200486045
6,0.6248653470479151,9.400299912482813e-05,0.6107162200486045
6,0.6339862580126657,0.00015657105296393276,0.6107162200486045
6,0.6443209720651727,0.0001878689615733164,0.6107162200486045
6,0.6552433383598982,0.00018870277198534401,0.6107162200486045
6,0.6663417597530473,0.00017492065034905714,0.6107162200486045
6,0.6773710276192951,0.0001230677934788909,0.6107162200486045
6,0.688047829773765,7.779948789525774e-05,0.6107162200486045
6,0.6978758915954021,0.0005662884548750729,0.6107162200486045
6,0.7046577646043548,0.0011849819596346388,0.6107162200486045
6,0.7078339714406493,0.001473594505489925,0.6107162200486045
6,0.709762221590704,0.0015721174879055754,0.6107162200486045
6,0.710657542440771,0.0016296493411099503,0.6107162200486045
6,0.7112641807590891,0.0017129961099962424,0.6107162200486045
6,0.7117364668176576,0.00163777716156346,0.6107162200486045
6,0.7121605496102487,0.0017262917019667604,0.6107162200486045
6,0.7125464115661436,0.0016935312340933414,0.6107162200486045
6,0.7129497960047939,0.0017350826527639666,0.6107162200486045
6,0.7134067533527156,0.0016841708981873735,0.6107162200486045
6,0.7139910409170689,0.0017244686339853558,0.6107162200486045
6,0.7147954392385885,0.0017442234379749654,0.6107162200486045
6,0.7161355196300384,0.0017703498132539482,0.6107162200486045
6,0.7189106540325502,0.001646055598878513,0.6107162200486045
6,0.7247504147697801,0.001301089730412093,0.6107162200486045
6,0.7337769518479527,0.0005467750205637694,0.6107162200486045
6,0.7445134909587583,0.00032268956827336806,0.6107162200486045
6,0.7556871156074723,0.00025907229279958737,0.6107162200486045
6,0.7670070514878989,0.0002659997887095174,0.6107162200486045
6,0.7772260495585382,0.0004416272990928705,0.6107162200486045
6,0.7849921974545211,0.0005359381733870725,0.6107162200486045
6,0.7900614569180684,0.00043609406311539116,0.6107162200486045
6,0.7921716063479649,0.0004214216371761737,0.6107162200486045
6,0.7933501098083949,0.00040845255257066746,0.6107162200486045
6,0.7941809698775723,0.00042930524439315854,0.6107162200486045
6,0.794686495362746,0.001626546146522131,0.6107162200486045
6,0.7951925552751617,0.0023554699252569056,0.6107162200486045
6,0.7956074149922363,0.002175607360021277,0.6107162200486045
6,0.7959979476580268,0.0003328023195015522,0.6107162200486045
6,0.7963887715086381,0.00042767248697199277,0.6107162200486045
6,0.7968915080621912,0.0006072996967746875,0.6107162200486045
6,0.7974651597230579,0.0006563435250858657,0.6107162200486045
6,0.7981564225448036,0.0005342053754209995,0.6107162200486045
6,0.799235074093926,0.0005975027312408157,0.6107162200486045
6,0.8012286767779236,0.0006488456558272717,0.6107162200486045
6,0.8054490941008836,0.0006809395990807336,0.6107162200486045
6,0.8127839230667862,0.00044071136609577857,0.6107162200486045
6,0.8225120844269674,0.0003347010899555288,0.6107162200486045
6,0.8333846897654696,0.0005020711867492907,0.6107162200486045
6,0.843357604447922,0.0010968417706481728,0.6107162200486045
6,0.8515907145832597,0.0022573353202077263,0.6107162200486045
6,0.8562510987817241,0.0037067856295931617,0.6107162200486045
6,0.8585007081901389,0.004573090450104121,0.6107162200486045
6,0.8597760056887205,0.003817274311448765,0.6107162200486045
6,0.8605557361539968,0.004244094628747888,0.6107162200486045
6,0.8612596122721404,0.001921232894075862,0.6107162200486045
6,0.8616898153681766,0.003320435578107716,0.6107162200486045
6,0.8621165187819985,0.0014602522405447035,0.6107162200486045
6,0.8625435679859254,0.0016841964126273923,0.6107162200486045
6,0.8629795027617102,0.0017955032624414795,0.6107162200486045
6,0.8634167858869513,0.0021908833669947126,0.6107162200486045
6,0.8638544919966143,0.0018424880684746194,0.6107162200486045
6,0.8644522135266938,0.0025941599685288716,0.6107162200486045
6,0.8652619503801813,0.0036037202558518618,0.6107162200486045
6,0.8664117780581291,0.005420410069063298,0.6107162200486045
6,0.8683355056410028,0.009656418680383043,0.6107162200486045
6,0.8720439236116179,0.017150801137944507,0.6107162200486045
6,0.8800649151346207,0.01808312384817059,0.6107162200486045
6,0.8903449251423359,0.011634828476090636,0.6107162200486045
6,0.9024485934873631,0.0034790200722514004,0.6107162200486045
6,0.9155754611491084,0.00380530306311847,0.6107162200486045
6,0.9287086534110897,0.004286823760843382,0.6107162200486045
6,0.941472249796077,0.004024443191722417,0.6107162200486045
6,0.9518677402203145,0.004977626026999379,0.6107162200486045
6,0.9599406442380223,0.005422067800367757,0.6107162200486045
6,0.9634130667867792,0.0052062423086477825,0.6107162200486045
6,0.965342356432886,0.00559873431417701,0.6107162200486045
6,0.9664223237696791,0.0049189251490949866,0.6107162200486045
6,0.9674145570056226,0.0046529573810786444,0.6107162200486045
6,0.9679162108730919,0.005730721201931218,0.6107162200486045
6,0.9684182618066598,0.006028784114912221,0.6107162200486045
6,0.9689207644176998,0.004920358489334178,0.6107162200486045
6,0.9693446541287077,0.004633592639858932,0.6107162200486045
6,0.9697623137315462,0.003560984628875808,0.6107162200486045
6,0.9701802583716131,0.005117690294542649,0.6107162200486045
6,0.9707550908230589,0.004355258034416304,0.6107162200486045
6,0.9713446746028922,0.004860069628462943,0.6107162200486045
6,0.9722355805978384,0.006039815931480404,0.6107162200486045
6,0.9734889347228867,0.005456497068426413,0.6107162200486045
6,0.975595953002087,0.008994654207569008,0.6107162200486045
6,0.9801507376451575,0.014670397070955818,0.6107162200486045
6,0.9884866870869876,0.027810844835710356,0.6107162200486045
7,4.2944355222680766e-05,0.07957030586287688,0.7124539831781631
7,0.00017176979397226936,0.004438736689747882,0.7124539831781631
7,0.0003864619665457989,0.0011890694325851691,0.7124539831781631
7,0.0006870164346594247,0.0003188277156692431,0.7124539831781631
7,0.0010733980386975206,8.40712550765424e-05,0.7124539831781631
7,0.0015455947684413502,2.323704125809931e-05,0.7124539831781631
7,0.002103595899582695,6.43401650223802e-06,0.7124539831781631
7,0.002747400299743042,1.844605566578958e-06,0.7124539831781631
7,0.0034770757855094943,3.968788366334628e-06,0.7124539831781631
7,0.0042927087149518435,3.6726306119240125e-06,0.7124539831781631
7,0.005194413333782453,3.5945163989683374e-06,0.7124539831781631
7,0.006182324233385497,3.6568503916932404e-06,0.7124539831781631
7,0.0072565635800214,3.3347254972800952e-06,0.7124539831781631
7,0.00841725324054319,3.0867137639694623e-06,0.7124539831781631
7,0.009664506269285944,3.2958634316878764e-06,0.7124539831781631
7,0.010998394966203287,3.948200122567957e-06,0.7124539831781631
7,0.012419072582074258,4.1682132377288784e-06,0.7124539831781631
7,0.01392669054584782,4.685131251935909e-06,0.7124539831781631
7,0.015521405547768636,4.264019701068991e-06,0.7124539831781631
7,0.0172033857191583,4.388152601275667e-06,0.7124539831781631
7,0.0189727021847418,4.203235618570144e-06,0.7124539831781631
7,0.020829572710734538,3.0153452360154816e-06,0.7124539831781631
7,0.022774196115819472,2.3427620860808164e-06,0.7124539831781631
7,0.02480671847745201,2.069375636611602e-06,0.7124539831781631
7,0.026927227780715608,2.2032559693630705e-06,0.7124539831781631
7,0.02913574724234042,2.6649506112006947e-06,0.7124539831781631
7,0.03143239652818393,3.2578141487775987e-06,0.7124539831781631
7,0.03381726723966916,2.211446040856004e-06,0.7124539831781631
7,0.036290384299235645,2.233748283548635e-06,0.7124539831781631
7,0.03885180195414484,2.3802571228735116e-06,0.7124539831781631
7,0.04150158555289751,2.9356860149708768e-06,0.7124539831781631
7,0.04423978261118174,2.4256420342470947e-06,0.7124539831781631
7,0.04706645771619468,1.7003627470838325e-06,0.7124539831781631
7,0.04998165788281512,1.6165710830116358e-06,0.7124539831781631
7,0.05298546256304724,1.2275377640696804e-06,0.7124539831781631
7,0.05607800422442588,2.03004267610128e-06,0.7124539831781631
7,0.05925928910152643,1.8930836122479934e-06,0.7124539831781631
7,0.06252956210545951,1.7833470650217854e-06,0.7124539831781631
7,0.06588902229588271,1.823273442958945e-06,0.7124539831781631
7,0.06933783681508719,1.3682463956215652e-06,0.7124539831781631
7,0.0728761410254767,1.3183325524806108e-06,0.7124539831781631
7,0.07650401932404576,1.201430684360694e-06,0.7124539831781631
7,0.08022157781192936,1.2539991885232586e-06,0.7124539831781631
7,0.0840288968205672,1.1658640622175212e-06,0.7124539831781631
7,0.08792603726000324,1.389096774410931e-06,0.7124539831781631
7,0.09191309235566952,1.4452838124855626e-06,0.7124539831781631
7,0.09599000033775607,1.5649210421191387e-06,0.7124539831781631
7,0.10015662617915198,1.7933545751024045e-06,0.7124539831781631
7,0.10441333418471553,1.91463309773905e-06,0.7124539831781631
7,0.1087602020175796,1.970631462981288e-06,0.7124539831781631
7,0.11319730663948761,2.6344886504881612e-06,0.7124539831781631
7,0.11772471458311304,2.161568441685573e-06,0.7124539831781631
7,0.12234179519920114,4.328208474414242e-06,0.7124539831781631
7,0.12704905220651588,8.465995873970519e-06,0.7124539831781631
7,0.13184690732620769,1.6188394152641245e-05,0.7124539831781631
7,0.13673596546824132,3.280735837801811e-06,0.7124539831781631
7,0.14171650447194542,3.1898858147057717e-06,0.7124539831781631
7,0.14678852599347908,2.1047605100432134e-06,0.7124539831781631
7,0.15195011179042323,3.3990298707632653e-06,0.7124539831781631
7,0.15720282979996672,7.204663019153261e-06,0.7124539831781631
7,0.1625468506127396,1.0704782953877453e-05,0.7124539831781631
7,0.16798247131161337,1.2231897067997212e-05,0.7124539831781631
7,0.17351002423767498,1.21939100512932e-05,0.7124539831781631
7,0.17912980593208874,1.4376273409052833e-05,0.7124539831781631
7,0.18484124893355594,1.4322702753581379e-05,0.7124539831781631
7,0.1906435999439426,1.6631848294860653e-05,0.7124539831781631
7,0.19653894116821566,1.9536480585167186e-05,0.7124539831781631
7,0.2025276381192934,2.3148472069311856e-05,0.7124539831781631
7,0.20861015970515095,2.6348255799200302e-05,0.7124539831781631
7,0.21478699225120562,3.018645744729925e-05,0.7124539831781631
7,0.22105868785107977,3.527344977016912e-05,0.7124539831781631
7,0.22742576480058438,3.842905660166177e-05,0.7124539831781631
7,0.23388902073008344,4.8244840941500274e-05,0.7124539831781631
7,0.2404486273705157,2.298064881638595e-05,0.7124539831781631
7,0.24710411945181507,3.453514438921977e-05,0.7124539831781631
7,0.2538557426019184,3.407721612337652e-05,0.7124539831781631
7,0.2607028176316855,3.583108007340987e-05,0.7124539831781631
7,0.2676442059552339,3.667394897447526e-05,0.7124539831781631
7,0.27467798979204894,4.3759761327190356e-05,0.7124539831781631
7,0.2818010423226586,4.2066636377053606e-05,0.7124539831781631
7,0.2890082891152869,4.722386606076293e-05,0.7124539831781631
7,0.29629072097857284,5.933956234070545e-05,0.7124539831781631
7,0.30363068519095227,7.668959039640486e-05,0.7124539831781631
7,0.31099028582264837,0.0001077006474926964,0.7124539831781631
7,0.3182754370659802,0.00021385537586342203,0.7124539831781631
7,0.3252155562679019,0.00040183977796404895,0.7124539831781631
7,0.33100678814997553,0.0005999773834614285,0.7124539831781631
7,0.33410768925440515,0.0006472024031597272,0.7124539831781631
7,0.3353646279442493,0.0006715974055490426,0.7124539831781631
7,0.3359538770478608,0.0006936438520971181,0.7124539831781631
7,0.3363570523532288,0.0006979403152488334,0.7124539831781631
7,0.33669416698071575,0.0006908410452748959,0.7124539831781631
7,0.3370307496287049,0.0007107758626667616,0.7124539831781631
7,0.3374125728440744,0.0006939593998003146,0.7124539831781631
7,0.33803713511106515,0.000708733819226054,0.7124539831781631
7,0.33921557888919546,0.0007240615798122651,0.7124539831781631
7,0.3423569455740396,0.0007508193395794901,0.7124539831781631
7,0.34808341319378705,0.0006157052441095008,0.7124539831781631
7,0.3552642720955083,0.0002901191814810861,0.7124539831781631
7,0.36305793610632675,0.00013679449002896633,0.7124539831781631
7,0.3711537568180135,8.255834855240962e-05,0.7124539831781631
7,0.3794450730561415,6.890983487810098e-05,0.7124539831781631
7,0.3878888906188352,6.094395248096212e-05,0.7124539831781631
7,0.3964644576444929,5.4824927900228776e-05,0.7124539831781631
7,0.40515971372085685,5.1698973500490884e-05,0.7124539831781631
7,0.4139659109616991,4.760136736745248e-05,0.7124539831781631
7,0.4228745470354246,4.436197830882444e-05,0.7124539831781631
7,0.4318749451705691,4.463666806345456e-05,0.7124539831781631
7,0.4409509104760028,3.5455022629842626e-05,0.7124539831781631
7,0.4500747707497486,4.3118792308230156e-05,0.7124539831781631
7,0.45914919120429176,7.242626455683469e-05,0.7124539831781631
7,0.46800738264545017,0.0002200642521814153,0.7124539831781631
7,0.4761271354652817,0.0007199511203077353,0.7124539831781631
7,0.48238523426878677,0.001453562496846828,0.7124539831781631
7,0.48540723328466456,0.0016160396728227603,0.7124539831781631
7,0.48675820968245603,0.0017164474562095786,0.7124539831781631
7,0.4874476629859504,0.0017873886572769189,0.7124539831781631
7,0.48792283115845897,0.001810660907262751,0.7124539831781631
7,0.48831252526898183,0.001838846149729171,0.7124539831781631
7,0.4886683669111045,0.001869828721586076,0.7124539831781631
7,0.4890576157191495,0.001839739757137121,0.7124539831781631
7,0.48953550841490434,0.0018507468935316837,0.7124539831781631
7,0.49028497380660263,0.0018886066988101403,0.7124539831781631
7,0.49167488974308693,0.001959281104001742,0.7124539831781631
7,0.49486089797572397,0.0020197024880706698,0.7124539831781631
7,0.5012161269753587,0.001551069918179901,0.7124539831781631
7,0.5096408428434245,0.0007383490348265505,0.7124539831781631
7,0.518980286088116,0.0003515778882637956,0.7124539831781631
7,0.5287679326440193,0.0002757222385165828,0.7124539831781631
7,0.538814457516978,0.00014284385753317896,0.7124539831781631
7,0.5490357400407467,0.00013368702614094912,0.7124539831781631
7,0.5593387892459778,0.00012469762322335988,0.7124539831781631
7,0.5696597353771594,0.00019682311169302004,0.7124539831781631
7,0.5798744689327439,0.00025241942140665635,0.7124539831781631
7,0.5896898426477407,0.0005622425603634213,0.7124539831781631
7,0.598444932853079,0.001437874320500535,0.7124539831781631
7,0.6045457764011423,0.0022466085585565077,0.7124539831781631
7,0.607264603541583,0.002542149764976572,0.7124539831781631
7,0.6085837140221827,0.0025949476831186344,0.7124539831781631
7,0.6094466311998917,0.0026651036306678173,0.7124539831781631
7,0.6099715902434248,0.0027461950730859395,0.7124539831781631
7,0.6103921186009112,0.002685528726645466,0.7124539831781631
7,0.6107731001732044,0.0026784798561938095,0.7124539831781631
7,0.6111626523151006,0.002620563449451728,0.7124539831781631
7,0.6115920086074463,0.002676174198778228,0.7124539831781631
7,0.6121561490768876,0.002649256609449716,0.7124539831781631
7,0.6129891397191055,0.002679482922208026,0.7124539831781631
7,0.6145534725689341,0.0026996017966618747,0.7124539831781631
7,0.6180525909340668,0.002523592134671434,0.7124539831781631
7,0.6248653470479151,0.0014251877671178901,0.7124539831781631
7,0.6339862580126657,0.000505827074205336,0.7124539831781631
7,0.6443209720651727,0.00022987228344960498,0.7124539831781631
7,0.6552433383598982,7.884496507121009e-05,0.7124539831781631
7,0.6663417597530473,5.5199821810624846e-05,0.7124539831781631
7,0.6773710276192951,0.00010256989207244311,0.7124539831781631
7,0.688047829773765,0.00016040413861983277,0.7124539831781631
7,0.6978758915954021,0.0002774816273079158,0.7124539831781631
7,0.7046577646043548,0.00038268771241067076,0.7124539831781631
7,0.7078339714406493,0.0004339832264561193,0.7124539831781631
7,0.709762221590704,0.00042701675956517503,0.7124539831781631
7,0.710657542440771,0.0004602737182051861,0.7124539831781631
7,0.7112641807590891,0.00044663554152210864,0.7124539831781631
7,0.7117364668176576,0.0004982696425907095,0.7124539831781631
7,0.7121605496102487,0.0004431838088505246,0.7124539831781631
7,0.7125464115661436,0.0005242925726022199,0.7124539831781631
7,0.7129497960047939,0.0004645557936796027,0.7124539831781631
7,0.7134067533527156,0.00045724893779675605,0.7124539831781631
7,0.7139910409170689,0.0004360488958712517,0.7124539831781631
7,0.7147954392385885,0.000441500528189803,0.7124539831781631
7,0.7161355196300384,0.0004497207506589839,0.7124539831781631
7,0.7189106540325502,0.00047670370313974953,0.7124539831781631
7,0.7247504147697801,0.0004752370461154221,0.7124539831781631
7,0.7337769518479527,0.00038052570262458985,0.7124539831781631
7,0.7445134909587583,0.0003034044887634175,0.7124539831781631
7,0.7556871156074723,0.0002457499059951964,0.7124539831781631
7,0.7670070514878989,0.00010305108413215426,0.7124539831781631
7,0.7772260495585382,0.0006239878957024632,0.7124539831781631
7,0.7849921974545211,0.0019567023982238144,0.7124539831781631
7,0.7900614569180684,0.003035252776350977,0.7124539831781631
7,0.7921716063479649,0.0033604076369480166,0.7124539831781631
7,0.7933501098083949,0.0035129926468150906,0.7124539831781631
7,0.7941809698775723,0.0036565453188750056,0.7124539831781631
7,0.794686495362746,0.0037761282382589973,0.7124539831781631
7,0.7951925552751617,0.007197154441920402,0.7124539831781631
7,0.7956074149922363,0.003210984414333412,0.7124539831781631
7,0.7959979476580268,0.0036970894263998536,0.7124539831781631
7,0.7963887715086381,0.003910156605621486,0.7124539831781631
7,0.7968915080621912,0.003791165416694118,0.7124539831781631
7,0.7974651597230579,0.004111182423251718,0.7124539831781631
7,0.7981564225448036,0.0037820217576105073,0.7124539831781631
7,0.799235074093926,0.0038045933676961055,0.7124539831781631
7,0.8012286767779236,0.0038016292372611703,0.7124539831781631
7,0.8054490941008836,0.0032407832398150542,0.7124539831781631
7,0.8127839230667862,0.0016629122381029628,0.7124539831781631
7,0.8225120844269674,0.0008771904090438296,0.7124539831781631
7,0.8333846897654696,0.0010475570497649367,0.7124539831781631
7,0.843357604447922,0.0012557743425480519,0.7124539831781631
7,0.8515907145832597,0.0020579886803861244,0.7124539831781631
7,0.8562510987817241,0.0028272896015282896,0.7124539831781631
7,0.8585007081901389,0.002890106514982306,0.7124539831781631
7,0.8597760056887205,0.0027452801993342758,0.7124539831781631
7,0.8605557361539968,0.001223732447255392,0.7124539831781631
7,0.8612596122721404,0.0016421696190086342,0.7124539831781631
7,0.8616898153681766,0.0008767276040200919,0.7124539831781631
7,0.8621165187819985,0.0009560643908065292,0.7124539831781631
7,0.8625435679859254,0.00216068604819591,0.7124539831781631
7,0.8629795027617102,0.002387044859009137,0.7124539831781631
7,0.8634167858869513,0.0012018833146119905,0.7124539831781631
7,0.8638544919966143,0.0017059855012508834,0.7124539831781631
7,0.8644522135266938,0.002368503619773239,0.7124539831781631
7,0.8652619503801813,0.0027291831811409265,0.7124539831781631
7,0.8664117780581291,0.004409414604782328,0.7124539831781631
7,0.8683355056410028,0.007359911039039341,0.7124539831781631
7,0.8720439236116179,0.01410870042620654,0.7124539831781631
7,0.8800649151346207,0.01437978633819968,0.7124539831781631
7,0.8903449251423359,0.007811864830305863,0.7124539831781631
7,0.9024485934873631,0.004948081315689304,0.7124539831781631
7,0.9155754611491084,0.004580509921740727,0.7124539831781631
7,0.9287086534110897,0.005314339313583587,0.7124539831781631
7,0.941472249796077,0.006192854128491052,0.7124539831781631
7,0.9518677402203145,0.008841150453715314,0.7124539831781631
7,0.9599406442380223,0.011620913186822986,0.7124539831781631
7,0.9634130667867792,0.01314838428571163,0.7124539831781631
7,0.965342356432886,0.013256673174625117,0.7124539831781631
7,0.9664223237696791,0.017205775383545674,0.7124539831781631
7,0.9674145570056226,0.015569153640604839,0.7124539831781631
7,0.9679162108730919,0.024349751726267993,0.7124539831781631
7,0.9684182618066598,0.008180586751803064,0.7124539831781631
7,0.9689207644176998,0.013565284863116478,0.7124539831781631
7,0.9693446541287077,0.016695272010701003,0.7124539831781631
7,0.9697623137315462,0.019360696875988986,0.7124539831781631
7,0.9701802583716131,0.013749439006228407,0.7124539831781631
7,0.9707550908230589,0.01413457459462526,0.7124539831781631
7,0.9713446746028922,0.014120814703663498,0.7124539831781631
7,0.9722355805978384,0.01361318541391191,0.7124539831781631
7,0.9734889347228867,0.01037616619913813,0.7124539831781631
7,0.975595953002087,0.008422333248572429,0.7124539831781631
7,0.9801507376451575,0.010846136823624918,0.7124539831781631
7,0.9884866870869876,0.04704856139291175,0.7124539831781631
8,4.2944355222680766e-05,0.020126561046033328,0.795914265857066
8,0.00017176979397226936,0.0011229496095350186,0.795914265857066
8,0.0003864619665457989,0.00030152483026741147,0.795914265857066
8,0.0006870164346594247,8.069431662035995e-05,0.795914265857066
8,0.0010733980386975206,2.0753610024449296e-05,0.795914265857066
8,0.0015455947684413502,4.928262000873324e-06,0.795914265857066
8,0.002103595899582695,1.6716386195047976e-06,0.795914265857066
8,0.002747400299743042,1.4124850111783766e-06,0.795914265857066
8,0.0034770757855094943,2.258743394994631e-06,0.795914265857066
8,0.0042927087149518435,1.3521690882708213e-06,0.795914265857066
8,0.005194413333782453,8.642648888336812e-07,0.795914265857066
8,0.006182324233385497,9.766685654979386e-07,0.795914265857066
8,0.0072565635800214,8.18042396174489e-07,0.795914265857066
8,0.00841725324054319,8.539614358896192e-07,0.795914265857066
8,0.009664506269285944,1.0426336918440413e-06,0.795914265857066
8,0.010998394966203287,1.0772793179570495e-06,0.795914265857066
8,0.012419072582074258,1.2398441287751082e-06,0.795914265857066
8,0.01392669054584782,1.4165744905990898e-06,0.795914265857066
8,0.015521405547768636,1.3471804490647064e-06,0.795914265857066
8,0.0172033857191583,1.4134220473479553e-06,0.795914265857066
8,0.0189727021847418,1.4525886889019869e-06,0.795914265857066
8,0.020829572710734538,1.4083932225390241e-06,0.795914265857066
8,0.022774196115819472,1.6075930613247486e-06,0.795914265857066
8,0.02480671847745201,1.9879074108159024e-06,0.795914265857066
8,0.026927227780715608,2.391284304461539e-06,0.795914265857066
8,0.02913574724234042,2.472101713149725e-06,0.795914265857066
8,0.03143239652818393,3.107958654051994e-06,0.795914265857066
8,0.03381726723966916,2.9058823213756237e-06,0.795914265857066
8,0.036290384299235645,2.9152029312678333e-06,0.795914265857066
8,0.03885180195414484,2.701907415545253e-06,0.795914265857066
8,0.04150158555289751,3.605757967981123e-06,0.795914265857066
8,0.04423978261118174,3.2046048620855146e-06,0.795914265857066
8,0.04706645771619468,3.167852098702864e-06,0.795914265857066
8,0.04998165788281512,3.0375526188977603e-06,0.795914265857066
8,0.05298546256304724,3.3352076344461083e-06,0.795914265857066
8,0.05607800422442588,3.303797965871446e-06,0.795914265857066
8,0.05925928910152643,3.6842524805955218e-06,0.795914265857066
8,0.06252956210545951,4.047510160295462e-06,0.795914265857066
8,0.06588902229588271,4.2539064275781175e-06,0.795914265857066
8,0.06933783681508719,4.759503819773125e-06,0.795914265857066
8,0.0728761410254767,4.670943291394708e-06,0.795914265857066
8,0.07650401932404576,5.358342513708187e-06,0.795914265857066
8,0.08022157781192936,4.973816663279228e-06,0.795914265857066
8,0.0840288968205672,5.159376051657638e-06,0.795914265857066
8,0.08792603726000324,5.272027980510825e-06,0.795914265857066
8,0.09191309235566952,5.136833990633974e-06,0.795914265857066
8,0.09599000033775607,5.167359752518248e-06,0.795914265857066
8,0.10015662617915198,5.247527172156064e-06,0.795914265857066
8,0.10441333418471553,5.159013798586009e-06,0.795914265857066
8,0.1087602020175796,4.766293182294392e-06,0.795914265857066
8,0.11319730663948761,5.439150146533406e-06,0.795914265857066
8,0.11772471458311304,4.799023650090627e-06,0.795914265857066
8,0.12234179519920114,5.014844398414474e-06,0.795914265857066
8,0.12704905220651588,8.198634599738432e-06,0.795914265857066
8,0.13184690732620769,1.1251858632001833e-05,0.795914265857066
8,0.13673596546824132,8.082689671378974e-06,0.795914265857066
8,0.14171650447194542,8.471121625247546e-06,0.795914265857066
8,0.14678852599347908,8.792122173008812e-06,0.795914265857066
8,0.15195011179042323,8.7318450984482e-06,0.795914265857066
8,0.15720282979996672,7.951039560034795e-06,0.795914265857066
8,0.1625468506127396,7.718120128349823e-06,0.795914265857066
8,0.16798247131161337,8.177157536501903e-06,0.795914265857066
8,0.17351002423767498,8.296128090966272e-06,0.795914265857066
8,0.17912980593208874,8.850490860091018e-06,0.795914265857066
8,0.18484124893355594,8.801611459549776e-06,0.795914265857066
8,0.1906435999439426,9.164379736737798e-06,0.795914265857066
8,0.19653894116821566,8.914982398374958e-06,0.795914265857066
8,0.2025276381192934,8.974320722632116e-06,0.795914265857066
8,0.20861015970515095,9.068693977689176e-06,0.795914265857066
8,0.21478699225120562,9.424634301867254e-06,0.795914265857066
8,0.22105868785107977,1.0253156933967127e-05,0.795914265857066
8,0.22742576480058438,1.2042278599791705e-05,0.795914265857066
8,0.23388902073008344,1.0686261403010646e-05,0.795914265857066
8,0.2404486273705157,2.1598966122562714e-05,0.795914265857066
8,0.24710411945181507,2.3683505957933844e-05,0.795914265857066
8,0.2538557426019184,2.2436542988796775e-05,0.795914265857066
8,0.2607028176316855,1.9697129629998513e-05,0.795914265857066
8,0.2676442059552339,1.8529297139478277e-05,0.795914265857066
8,0.27467798979204894,1.651413150434644e-05,0.795914265857066
8,0.2818010423226586,1.3825448129633969e-05,0.795914265857066
8,0.2890082891152869,9.404471371918547e-06,0.795914265857066
8,0.29629072097857284,1.1543731778799013e-05,0.795914265857066
8,0.30363068519095227,1.3606539824195351e-05,0.795914265857066
8,0.31099028582264837,2.5264947035164537e-05,0.795914265857066
8,0.3182754370659802,7.660007351663435e-05,0.795914265857066
8,0.3252155562679019,0.00018913853342862282,0.795914265857066
8,0.33100678814997553,0.00031631948923549366,0.795914265857066
8,0.33410768925440515,0.0003550129677657354,0.795914265857066
8,0.3353646279442493,0.00037424656491817973,0.795914265857066
8,0.3359538770478608,0.0003896663667192803,0.795914265857066
8,0.3363570523532288,0.000407316701628885,0.795914265857066
8,0.33669416698071575,0.0004111741119410409,0.795914265857066
8,0.3370307496287049,0.0004098137777273835,0.795914265857066
8,0.3374125728440744,0.0004064127232547713,0.795914265857066
8,0.33803713511106515,0.000409854676394054,0.795914265857066
8,0.33921557888919546,0.0004279073748938548,0.795914265857066
8,0.3423569455740396,0.00047020154631105776,0.795914265857066
8,0.34808341319378705,0.00044164802692280177,0.795914265857066
8,0.3552642720955083,0.0002552942366836382,0.795914265857066
8,0.36305793610632675,0.00013937837326205224,0.795914265857066
8,0.3711537568180135,8.703630763553648e-05,0.795914265857066
8,0.3794450730561415,6.964344941122297e-05,0.795914265857066
8,0.3878888906188352,6.041400124391593e-05,0.795914265857066
8,0.3964644576444929,5.2779049706348755e-05,0.795914265857066
8,0.40515971372085685,5.706367522308852e-05,0.795914265857066
8,0.4139659109616991,5.758011461588212e-05,0.795914265857066
8,0.4228745470354246,6.251465819033435e-05,0.795914265857066
8,0.4318749451705691,6.631925085941451e-05,0.795914265857066
8,0.4409509104760028,8.001504076025666e-05,0.795914265857066
8,0.4500747707497486,9.210142541572068e-05,0.795914265857066
8,0.45914919120429176,0.00012373246161229314,0.795914265857066
8,0.46800738264545017,0.00022536974298589227,0.795914265857066
8,0.4761271354652817,0.00048652908032984166,0.795914265857066
8,0.48238523426878677,0.0007844607289200738,0.795914265857066
8,0.48540723328466456,0.0008018796419479202,0.795914265857066
8,0.48675820968245603,0.0008191190507459187,0.795914265857066
8,0.4874476629859504,0.0008243897384739994,0.795914265857066
8,0.48792283115845897,0.000816357569268,0.795914265857066
8,0.48831252526898183,0.0008159793880436996,0.795914265857066
8,0.4886683669111045,0.0007844291611064546,0.795914265857066
8,0.4890576157191495,0.0008089806664440253,0.795914265857066
8,0.48953550841490434,0.0008027021754833916,0.795914265857066
8,0.49028497380660263,0.0008033760295484836,0.795914265857066
8,0.49167488974308693,0.0007959724199746174,0.795914265857066
8,0.49486089797572397,0.0007262989622535024,0.795914265857066
8,0.5012161269753587,0.0004131990212689219,0.795914265857066
8,0.5096408428434245,0.00010885824810434316,0.795914265857066
8,0.518980286088116,2.184055069453236e-05,0.795914265857066
8,0.5287679326440193,2.0733201249877263e-05,0.795914265857066
8,0.538814457516978,2.2333543689805973e-05,0.795914265857066
8,0.5490357400407467,1.4348290463389213e-05,0.795914265857066
8,0.5593387892459778,2.7651060433930094e-05,0.795914265857066
8,0.5696597353771594,6.243048056030133e-05,0.795914265857066
8,0.5798744689327439,0.00013920909531792855,0.795914265857066
8,0.5896898426477407,0.0004199238025550058,0.795914265857066
8,0.598444932853079,0.001283307652216665,0.795914265857066
8,0.6045457764011423,0.002168003083507678,0.795914265857066
8,0.607264603541583,0.002510715348536574,0.795914265857066
8,0.6085837140221827,0.002598690620941756,0.795914265857066
8,0.6094466311998917,0.0027037998741978697,0.795914265857066
8,0.6099715902434248,0.0027682702053183034,0.795914265857066
8,0.6103921186009112,0.0027751386144464225,0.795914265857066
8,0.6107731001732044,0.002806234278598952,0.795914265857066
8,0.6111626523151006,0.002839565146623408,0.795914265857066
8,0.6115920086074463,0.0027511972626344285,0.795914265857066
8,0.6121561490768876,0.0027902833988784487,0.795914265857066
8,0.6129891397191055,0.002817237447672069,0.795914265857066
8,0.6145534725689341,0.002883548307130427,0.795914265857066
8,0.6180525909340668,0.002834874099864908,0.795914265857066
8,0.6248653470479151,0.001815769450009532,0.795914265857066
8,0.6339862580126657,0.0007953053755346588,0.795914265857066
8,0.6443209720651727,0.0004837775094081783,0.795914265857066
8,0.6552433383598982,0.0002843317448179178,0.795914265857066
8,0.6663417597530473,0.00016696209416306335,0.795914265857066
8,0.6773710276192951,0.0002045137177404127,0.795914265857066
8,0.688047829773765,0.00040310069226354893,0.795914265857066
8,0.6978758915954021,0.0009831419721375494,0.795914265857066
8,0.7046577646043548,0.001511061373338953,0.795914265857066
8,0.7078339714406493,0.001735479452352644,0.795914265857066
8,0.709762221590704,0.0017446949723342023,0.795914265857066
8,0.710657542440771,0.0018043965875804658,0.795914265857066
8,0.7112641807590891,0.0018536302921267898,0.795914265857066
8,0.7117364668176576,0.0017917064828283963,0.795914265857066
8,0.7121605496102487,0.0018501785401957675,0.795914265857066
8,0.7125464115661436,0.0018373870797529005,0.795914265857066
8,0.7129497960047939,0.001800261013705563,0.795914265857066
8,0.7134067533527156,0.0017462508040827613,0.795914265857066
8,0.7139910409170689,0.001749725950552094,0.795914265857066
8,0.7147954392385885,0.0017278554143417726,0.795914265857066
8,0.7161355196300384,0.0017121524787908182,0.795914265857066
8,0.7189106540325502,0.00153666083236292,0.795914265857066
8,0.7247504147697801,0.001084403597239995,0.795914265857066
8,0.7337769518479527,0.0004244588706164794,0.795914265857066
8,0.7445134909587583,0.00017652250614883826,0.795914265857066
8,0.7556871156074723,0.00012337856771859823,0.795914265857066
8,0.7670070514878989,0.00012342593481279928,0.795914265857066
8,0.7772260495585382,0.0004661253314003962,0.795914265857066
8,0.7849921974545211,0.0013919152528011913,0.795914265857066
8,0.7900614569180684,0.002183365632408021,0.795914265857066
8,0.7921716063479649,0.002450478412036525,0.795914265857066
8,0.7933501098083949,0.0025724754605700086,0.795914265857066
8,0.7941809698775723,0.0027156166435785,0.795914265857066
8,0.794686495362746,0.0029169594409948806,0.795914265857066
8,0.7951925552751617,0.0034563441668731248,0.795914265857066
8,0.7956074149922363,0.0032247691063098174,0.795914265857066
8,0.7959979476580268,0.0026326369721444984,0.795914265857066
8,0.7963887715086381,0.0026935100496645135,0.795914265857066
8,0.7968915080621912,0.003023387913545228,0.795914265857066
8,0.7974651597230579,0.0025495348901037945,0.795914265857066
8,0.7981564225448036,0.0027804542719147597,0.795914265857066
8,0.799235074093926,0.0031165006118593474,0.795914265857066
8,0.8012286767779236,0.0031151380356296532,0.795914265857066
8,0.8054490941008836,0.0029028233786736984,0.795914265857066
8,0.8127839230667862,0.0018934419557021388,0.795914265857066
8,0.8225120844269674,0.0014332301331971122,0.795914265857066
8,0.8333846897654696,0.0020576763092990816,0.795914265857066
8,0.843357604447922,0.002124694990522041,0.795914265857066
8,0.8515907145832597,0.0025292142316669397,0.795914265857066
8,0.8562510987817241,0.002938892511574351,0.795914265857066
8,0.8585007081901389,0.0033916949615829554,0.795914265857066
8,0.8597760056887205,0.0033951481311592,0.795914265857066
8,0.8605557361539968,0.0019187355452894178,0.795914265857066
8,0.8612596122721404,0.0033745977947517722,0.795914265857066
8,0.8616898153681766,0.0016597775246019887,0.795914265857066
8,0.8621165187819985,0.002790845467195518,0.795914265857066
8,0.8625435679859254,0.002357135804109208,0.795914265857066
8,0.8629795027617102,0.002673923348675414,0.795914265857066
8,0.8634167858869513,0.0022838244907308586,0.795914265857066
8,0.8638544919966143,0.002602518311690987,0.795914265857066
8,0.8644522135266938,0.0033650078654946553,0.795914265857066
8,0.8652619503801813,0.0037843185168872574,0.795914265857066
8,0.8664117780581291,0.005653639399172623,0.795914265857066
8,0.8683355056410028,0.009608811395272877,0.795914265857066
8,0.8720439236116179,0.01685411106406431,0.795914265857066
8,0.8800649151346207,0.020056215788207866,0.795914265857066
8,0.8903449251423359,0.00887422309523932,0.795914265857066
8,0.9024485934873631,0.0048159218955565845,0.795914265857066
8,0.9155754611491084,0.0026038569056596223,0.795914265857066
8,0.9287086534110897,0.0029090487313700657,0.795914265857066
8,0.941472249796077,0.0032960079300991497,0.795914265857066
8,0.9518677402203145,0.005849187903935278,0.795914265857066
8,0.9599406442380223,0.0077510778408708325,0.795914265857066
8,0.9634130667867792,0.009844725951326915,0.795914265857066
8,0.965342356432886,0.010546738198690363,0.795914265857066
8,0.9664223237696791,0.013550600773310393,0.795914265857066
8,0.9674145570056226,0.00908894725062776,0.795914265857066
8,0.9679162108730919,0.008005379673851508,0.795914265857066
8,0.9684182618066598,0.010085459294187284,0.795914265857066
8,0.9689207644176998,0.00973152979213915,0.795914265857066
8,0.9693446541287077,0.007604211879871536,0.795914265857066
8,0.9697623137315462,0.008251415581336576,0.795914265857066
8,0.9701802583716131,0.009098768247002313,0.795914265857066
8,0.9707550908230589,0.008738100433005859,0.795914265857066
8,0.9713446746028922,0.007083312311845315,0.795914265857066
8,0.9722355805978384,0.007568235694736644,0.795914265857066
8,0.9734889347228867,0.014002588022562452,0.795914265857066
8,0.975595953002087,0.01906532357276771,0.795914265857066
8,0.9801507376451575,0.02046522529458796,0.795914265857066
8,0.9884866870869876,0.04998907542399453,0.795914265857066
9,4.2944355222680766e-05,0.005813267923875319,0.8625560844980562
9,0.00017176979397226936,0.00032434635202999656,0.8625560844980562
9,0.0003864619665457989,8.695637151138243e-05,0.8625560844980562
9,0.0006870164346594247,2.3242305582869558e-05,0.8625560844980562
9,0.0010733980386975206,6.448520539017976e-06,0.8625560844980562
9,0.0015455947684413502,1.617093184946638e-06,0.8625560844980562
9,0.002103595899582695,7.096761487124433e-07,0.8625560844980562
9,0.002747400299743042,8.94479280289893e-07,0.8625560844980562
9,0.0034770757855094943,8.545906188807381e-07,0.8625560844980562
9,0.0042927087149518435,9.265271807444774e-07,0.8625560844980562
9,0.005194413333782453,8.392298069047067e-07,0.8625560844980562
9,0.006182324233385497,8.171333155877591e-07,0.8625560844980562
9,0.0072565635800214,6.631880964804412e-07,0.8625560844980562
9,0.00841725324054319,6.209250582545907e-07,0.8625560844980562
9,0.009664506269285944,6.346828517147598e-07,0.8625560844980562
9,0.010998394966203287,8.357079467697825e-07,0.8625560844980562
9,0.012419072582074258,8.197569176409349e-07,0.8625560844980562
9,0.01392669054584782,9.284606136976709e-07,0.8625560844980562
9,0.015521405547768636,8.516862191019887e-07,0.8625560844980562
9,0.0172033857191583,8.59330851950258e-07,0.8625560844980562
9,0.0189727021847418,8.460378258459913e-07,0.8625560844980562
9,0.020829572710734538,5.832420534904945e-07,0.8625560844980562
9,0.022774196115819472,6.363609833902538e-07,0.8625560844980562
9,0.02480671847745201,4.571745434565353e-07,0.8625560844980562
9,0.026927227780715608,5.138631234396603e-07,0.8625560844980562
9,0.02913574724234042,6.883449428541145e-07,0.8625560844980562
9,0.03143239652818393,7.045208589285891e-07,0.8625560844980562
9,0.03381726723966916,4.871556095273522e-07,0.8625560844980562
9,0.036290384299235645,5.432072745036714e-07,0.8625560844980562
9,0.03885180195414484,6.47993884922416e-07,0.8625560844980562
9,0.04150158555289751,6.114673833586695e-07,0.8625560844980562
9,0.04423978261118174,6.247258888265194e-07,0.8625560844980562
9,0.04706645771619468,4.400474509771057e-07,0.8625560844980562
9,0.04998165788281512,5.224259969302793e-07,0.8625560844980562
9,0.05298546256304724,4.276387604039013e-07,0.8625560844980562
9,0.05607800422442588,7.55312254939241e-07,0.8625560844980562
9,0.05925928910152643,6.832979946907537e-07,0.8625560844980562
9,0.06252956210545951,7.144020330595645e-07,0.8625560844980562
9,0.06588902229588271,7.785950512994136e-07,0.8625560844980562
9,0.06933783681508719,5.560948680003803e-07,0.8625560844980562
9,0.0728761410254767,5.744240839222196e-07,0.8625560844980562
9,0.07650401932404576,4.729945015010847e-07,0.8625560844980562
9,0.08022157781192936,6.682806295358198e-07,0.8625560844980562
9,0.0840288968205672,4.648776735552077e-07,0.8625560844980562
9,0.08792603726000324,7.64134932918403e-07,0.8625560844980562
9,0.09191309235566952,7.790070865364923e-07,0.8625560844980562
9,0.09599000033775607,7.699469505750142e-07,0.8625560844980562
9,0.10015662617915198,8.326793217129175e-07,0.8625560844980562
9,0.10441333418471553,7.871687512347984e-07,0.8625560844980562
9,0.1087602020175796,5.525686807689214e-07,0.8625560844980562
9,0.11319730663948761,1.091599777320429e-06,0.8625560844980562
9,0.11772471458311304,5.210506525911899e-07,0.8625560844980562
9,0.12234179519920114,1.581325366410869e-06,0.8625560844980562
9,0.12704905220651588,3.520988408889695e-06,0.8625560844980562
9,0.13184690732620769,5.795442141894465e-06,0.8625560844980562
9,0.13673596546824132,6.611485922241268e-07,0.8625560844980562
9,0.14171650447194542,1.7649327152789858e-06,0.8625560844980562
9,0.14678852599347908,1.7929338877349227e-06,0.8625560844980562
9,0.15195011179042323,2.0254062619891078e-06,0.8625560844980562
9,0.15720282979996672,2.9400934409822393e-06,0.8625560844980562
9,0.1625468506127396,3.966896274865922e-06,0.8625560844980562
9,0.16798247131161337,4.4710096445703665e-06,0.8625560844980562
9,0.17351002423767498,4.580219935762892e-06,0.8625560844980562
9,0.17912980593208874,5.25703958078446e-06,0.8625560844980562
9,0.18484124893355594,5.5008638638675625e-06,0.8625560844980562
9,0.1906435999439426,5.998135424788055e-06,0.8625560844980562
9,0.19653894116821566,7.115005971522614e-06,0.8625560844980562
9,0.2025276381192934,8.022010384672979e-06,0.8625560844980562
9,0.20861015970515095,9.177055184350184e-06,0.8625560844980562
9,0.21478699225120562,1.0421429501477709e-05,0.8625560844980562
9,0.22105868785107977,1.2250266474385761e-05,0.8625560844980562
9,0.22742576480058438,1.3301394144433237e-05,0.8625560844980562
9,0.23388902073008344,1.7863303948414545e-05,0.8625560844980562
9,0.2404486273705157,1.328471265636834e-05,0.8625560844980562
9,0.24710411945181507,1.8483191425751876e-05,0.8625560844980562
9,0.2538557426019184,1.6799023937484207e-05,0.8625560844980562
9,0.2607028176316855,1.797446944995176e-05,0.8625560844980562
9,0.2676442059552339,1.7885574848278573e-05,0.8625560844980562
9,0.27467798979204894,1.9792098318836792e-05,0.8625560844980562
9,0.2818010423226586,1.7062334721499487e-05,0.8625560844980562
9,0.2890082891152869,1.9358414469759674e-05,0.8625560844980562
9,0.29629072097857284,2.3023020774682413e-05,0.8625560844980562
9,0.30363068519095227,2.8853299859822858e-05,0.8625560844980562
9,0.31099028582264837,3.731585087058272e-05,0.8625560844980562
9,0.3182754370659802,6.306328015115128e-05,0.8625560844980562
9,0.3252155562679019,9.51277905495675e-05,0.8625560844980562
9,0.33100678814997553,0.00012340597982320314,0.8625560844980562
9,0.33410768925440515,0.0001254508337955579,0.8625560844980562
9,0.3353646279442493,0.0001265157772324984,0.8625560844980562
9,0.3359538770478608,0.00012826436191979747,0.8625560844980562
9,0.3363570523532288,0.00012528590312924488,0.8625560844980562
9,0.33669416698071575,0.00012437235584601846,0.8625560844980562
9,0.3370307496287049,0.0001302757533432149,0.8625560844980562
9,0.3374125728440744,0.00012363586243233673,0.8625560844980562
9,0.33803713511106515,0.00013177996634667905,0.8625560844980562
9,0.33921557888919546,0.00013059537340017637,0.8625560844980562
9,0.3423569455740396,0.00012530561421104352,0.8625560844980562
9,0.34808341319378705,8.80054789558283e-05,0.8625560844980562
9,0.3552642720955083,3.081188793110775e-05,0.8625560844980562
9,0.36305793610632675,9.6473684570821e-06,0.8625560844980562
9,0.3711537568180135,2.7346732296793704e-06,0.8625560844980562
9,0.3794450730561415,1.8119598239186162e-06,0.8625560844980562
9,0.3878888906188352,2.6244456009869705e-06,0.8625560844980562
9,0.3964644576444929,6.02506913680946e-06,0.8625560844980562
9,0.40515971372085685,8.64823505728921e-06,0.8625560844980562
9,0.4139659109616991,1.1865590889635245e-05,0.8625560844980562
9,0.4228745470354246,1.5179364931870152e-05,0.8625560844980562
9,0.4318749451705691,1.9652801500189275e-05,0.8625560844980562
9,0.4409509104760028,2.7107300617995063e-05,0.8625560844980562
9,0.4500747707497486,3.9980103172529886e-05,0.8625560844980562
9,0.45914919120429176,7.24779234125628e-05,0.8625560844980562
9,0.46800738264545017,0.00018471887684939206,0.8625560844980562
9,0.4761271354652817,0.0005388204138206127,0.8625560844980562
9,0.48238523426878677,0.0010330630405588031,0.8625560844980562
9,0.48540723328466456,0.001124947830621739,0.8625560844980562
9,0.48675820968245603,0.0011809137150392821,0.8625560844980562
9,0.4874476629859504,0.001213195233193849,0.8625560844980562
9,0.48792283115845897,0.0012291930212908464,0.8625560844980562
9,0.48831252526898183,0.0012350845773678857,0.8625560844980562
9,0.4886683669111045,0.0012456386550796501,0.8625560844980562
9,0.4890576157191495,0.0012304902750160124,0.8625560844980562
9,0.48953550841490434,0.0012394269593354913,0.8625560844980562
9,0.49028497380660263,0.001261488070257143,0.8625560844980562
9,0.49167488974308693,0.001290106275293101,0.8625560844980562
9,0.49486089797572397,0.0012899785112265674,0.8625560844980562
9,0.5012161269753587,0.0009276850286266644,0.8625560844980562
9,0.5096408428434245,0.00039935698512674295,0.8625560844980562
9,0.518980286088116,0.00017915892197417085,0.8625560844980562
9,0.5287679326440193,0.000139462434389095,0.8625560844980562
9,0.538814457516978,7.964240132811119e-05,0.8625560844980562
9,0.5490357400407467,7.600387735367552e-05,0.8625560844980562
9,0.5593387892459778,7.176318070331735e-05,0.8625560844980562
9,0.5696597353771594,8.981835832450055e-05,0.8625560844980562
9,0.5798744689327439,0.00010091335162247095,0.8625560844980562
9,0.5896898426477407,0.00016193558236605782,0.8625560844980562
9,0.598444932853079,0.00026702661563962035,0.8625560844980562
9,0.6045457764011423,0.00026788246719734,0.8625560844980562
9,0.607264603541583,0.00023195956320949603,0.8625560844980562
9,0.6085837140221827,0.0002052986435010039,0.8625560844980562
9,0.6094466311998917,0.00018957946727301864,0.8625560844980562
9,0.6099715902434248,0.00015746078288214965,0.8625560844980562
9,0.6103921186009112,0.00014502299913634424,0.8625560844980562
9,0.6107731001732044,0.00014345973563753266,0.8625560844980562
9,0.6111626523151006,0.0001266459823248536,0.8625560844980562
9,0.6115920086074463,0.00012300917843200714,0.8625560844980562
9,0.6121561490768876,9.71458794590428e-05,0.8625560844980562
9,0.6129891397191055,8.27377734104459e-05,0.8625560844980562
9,0.6145534725689341,5.693501749704237e-05,0.8625560844980562
9,0.6180525909340668,0.00011762834990455858,0.8625560844980562
9,0.6248653470479151,0.0002414744091241688,0.8625560844980562
9,0.6339862580126657,0.00020148511429460725,0.8625560844980562
9,0.6443209720651727,0.00016970629039325308,0.8625560844980562
9,0.6552433383598982,0.0001254000563320625,0.8625560844980562
9,0.6663417597530473,7.788916246882556e-05,0.8625560844980562
9,0.6773710276192951,0.00014178678633149078,0.8625560844980562
9,0.688047829773765,0.00044162909999255387,0.8625560844980562
9,0.6978758915954021,0.00141594871789035,0.8625560844980562
9,0.7046577646043548,0.0024926377393778235,0.8625560844980562
9,0.7078339714406493,0.0029659594225031473,0.8625560844980562
9,0.709762221590704,0.0030896540348291303,0.8625560844980562
9,0.710657542440771,0.0031965091712167926,0.8625560844980562
9,0.7112641807590891,0.003283721783540522,0.8625560844980562
9,0.7117364668176576,0.00321172611475811,0.8625560844980562
9,0.7121605496102487,0.003291507235749282,0.8625560844980562
9,0.7125464115661436,0.0032682270481226693,0.8625560844980562
9,0.7129497960047939,0.003259460597491777,0.8625560844980562
9,0.7134067533527156,0.0032143374098570457,0.8625560844980562
9,0.7139910409170689,0.0032447711751402656,0.8625560844980562
9,0.7147954392385885,0.0032461345469188725,0.8625560844980562
9,0.7161355196300384,0.0032825764390564606,0.8625560844980562
9,0.7189106540325502,0.00300109931001155,0.8625560844980562
9,0.7247504147697801,0.0022880229571094436,0.8625560844980562
9,0.7337769518479527,0.0009090459175451285,0.8625560844980562
9,0.7445134909587583,0.00044397762256736135,0.8625560844980562
9,0.7556871156074723,0.0002572188134742608,0.8625560844980562
9,0.7670070514878989,0.00016082923940000386,0.8625560844980562
9,0.7772260495585382,0.0005187914487171482,0.8625560844980562
9,0.7849921974545211,0.0012554413138660403,0.8625560844980562
9,0.7900614569180684,0.001832170846520099,0.8625560844980562
9,0.7921716063479649,0.002019489783765156,0.8625560844980562
9,0.7933501098083949,0.0020801968501323632,0.8625560844980562
9,0.7941809698775723,0.002204082345604822,0.8625560844980562
9,0.794686495362746,0.0022805727442132572,0.8625560844980562
9,0.7951925552751617,0.0015124327352246192,0.8625560844980562
9,0.7956074149922363,0.001934730520316618,0.8625560844980562
9,0.7959979476580268,0.001679175149358078,0.8625560844980562
9,0.7963887715086381,0.0020242664217251715,0.8625560844980562
9,0.7968915080621912,0.002180688022156736,0.8625560844980562
9,0.7974651597230579,0.0021205827712794615,0.8625560844980562
9,0.7981564225448036,0.0021510709816961932,0.8625560844980562
9,0.799235074093926,0.002316479098276957,0.8625560844980562
9,0.8012286767779236,0.002351970660721389,0.8625560844980562
9,0.8054490941008836,0.0021913193939645894,0.8625560844980562
9,0.8127839230667862,0.0012886147724334596,0.8625560844980562
9,0.8225120844269674,0.0012602162628509923,0.8625560844980562
9,0.8333846897654696,0.0008962091004036108,0.8625560844980562
9,0.843357604447922,0.0031270169398739025,0.8625560844980562
9,0.8515907145832597,0.0006757375807793187,0.8625560844980562
9,0.8562510987817241,0.0013376074932576075,0.8625560844980562
9,0.8585007081901389,0.002038153570916729,0.8625560844980562
9,0.8597760056887205,0.0015736706846327456,0.8625560844980562
9,0.8605557361539968,0.004183047487912888,0.8625560844980562
9,0.8612596122721404,0.0018870095706302941,0.8625560844980562
9,0.8616898153681766,0.005386881988544178,0.8625560844980562
9,0.8621165187819985,0.00208913282303846,0.8625560844980562
9,0.8625435679859254,0.004471175736522017,0.8625560844980562
9,0.8629795027617102,0.004657380545231402,0.8625560844980562
9,0.8634167858869513,0.004742086164405009,0.8625560844980562
9,0.8638544919966143,0.003081505803183449,0.8625560844980562
9,0.8644522135266938,0.004269135277684672,0.8625560844980562
9,0.8652619503801813,0.004442265865553345,0.8625560844980562
9,0.8664117780581291,0.004008410755185605,0.8625560844980562
9,0.8683355056410028,0.003728950673275307,0.8625560844980562
9,0.8720439236116179,0.003954258777029627,0.8625560844980562
9,0.8800649151346207,0.00849202936023691,0.8625560844980562
9,0.8903449251423359,0.004800207428436322,0.8625560844980562
9,0.9024485934873631,0.0071199359452303644,0.8625560844980562
9,0.9155754611491084,0.006888854740521156,0.8625560844980562
9,0.9287086534110897,0.006449698825278966,0.8625560844980562
9,0.941472249796077,0.00600832994390969,0.8625560844980562
9,0.9518677402203145,0.00703109873203986,0.8625560844980562
9,0.9599406442380223,0.010325431887958227,0.8625560844980562
9,0.9634130667867792,0.012845241151050103,0.8625560844980562
9,0.965342356432886,0.015546937300721958,0.8625560844980562
9,0.9664223237696791,0.020226332824609054,0.8625560844980562
9,0.9674145570056226,0.00997655424804957,0.8625560844980562
9,0.9679162108730919,0.009045913754695467,0.8625560844980562
9,0.9684182618066598,0.019260305667830296,0.8625560844980562
9,0.9689207644176998,0.009056908620192055,0.8625560844980562
9,0.9693446541287077,0.007230687794082207,0.8625560844980562
9,0.9697623137315462,0.005588096168133019,0.8625560844980562
9,0.9701802583716131,0.007389696697037367,0.8625560844980562
9,0.9707550908230589,0.008369999832175831,0.8625560844980562
9,0.9713446746028922,0.0050657164886538705,0.8625560844980562
9,0.9722355805978384,0.005457983005346357,0.8625560844980562
9,0.9734889347228867,0.011103468901821671,0.8625560844980562
9,0.975595953002087,0.0164191567253097,0.8625560844980562
9,0.9801507376451575,0.01250526870494147,0.8625560844980562
9,0.9884866870869876,0.06719112864982775,0.8625560844980562
10,4.2944355222680766e-05,0.02068017585546594,0.9697045960106803
10,0.00017176979397226936,0.0011535030383763396,0.9697045960106803
10,0.0003864619665457989,0.0003088492412123115,0.9697045960106803
10,0.0006870164346594247,8.27863856454305e-05,0.9697045960106803
10,0.0010733980386975206,2.2515041479348145e-05,0.9697045960106803
10,0.0015455947684413502,6.71088234757294e-06,0.9697045960106803
10,0.002103595899582695,2.149011640486193e-06,0.9697045960106803
10,0.002747400299743042,8.679754160444063e-07,0.9697045960106803
10,0.0034770757855094943,6.992388490039401e-07,0.9697045960106803
10,0.0042927087149518435,4.6736159865407286e-07,0.9697045960106803
10,0.005194413333782453,2.617638276759694e-07,0.9697045960106803
10,0.006182324233385497,3.027070910812887e-07,0.9697045960106803
10,0.0072565635800214,2.3900732452080964e-07,0.9697045960106803
10,0.00841725324054319,2.439994267042264e-07,0.9697045960106803
10,0.009664506269285944,2.8007836343074785e-07,0.9697045960106803
10,0.010998394966203287,3.232380336443301e-07,0.9697045960106803
10,0.012419072582074258,3.5361879339808963e-07,0.9697045960106803
10,0.01392669054584782,4.264673129248222e-07,0.9697045960106803
10,0.015521405547768636,3.718169534687252e-07,0.9697045960106803
10,0.0172033857191583,3.97363253676751e-07,0.9697045960106803
10,0.0189727021847418,3.911216754412088e-07,0.9697045960106803
10,0.020829572710734538,3.7265597362323494e-07,0.9697045960106803
10,0.022774196115819472,3.954972091374953e-07,0.9697045960106803
10,0.02480671847745201,4.1544848100625457e-07,0.9697045960106803
10,0.026927227780715608,5.233494736813583e-07,0.9697045960106803
10,0.02913574724234042,5.923349848374135e-07,0.9697045960106803
10,0.03143239652818393,7.272499460794766e-07,0.9697045960106803
10,0.03381726723966916,6.122151770220659e-07,0.9697045960106803
10,0.036290384299235645,6.79078750171758e-07,0.9697045960106803
10,0.03885180195414484,5.860690409835329e-07,0.9697045960106803
10,0.04150158555289751,7.800238457151086e-07,0.9697045960106803
10,0.04423978261118174,7.756101471129319e-07,0.9697045960106803
10,0.04706645771619468,6.775374151295819e-07,0.9697045960106803
10,0.04998165788281512,6.804073338413829e-07,0.9697045960106803
10,0.05298546256304724,7.156998043157004e-07,0.9697045960106803
10,0.05607800422442588,7.648167996455873e-07,0.9697045960106803
10,0.05925928910152643,7.568192603109406e-07,0.9697045960106803
10,0.06252956210545951,8.918590218455466e-07,0.9697045960106803
10,0.06588902229588271,9.971412875236806e-07,0.9697045960106803
10,0.06933783681508719,1.1039502996915348e-06,0.9697045960106803
10,0.0728761410254767,1.150675541422912e-06,0.9697045960106803
10,0.07650401932404576,1.2308163356586702e-06,0.9697045960106803
10,0.08022157781192936,1.3127149910487984e-06,0.9697045960106803
10,0.0840288968205672,1.2904212822618802e-06,0.9697045960106803
10,0.08792603726000324,1.3086980658767315e-06,0.9697045960106803
10,0.09191309235566952,1.27525999219075e-06,0.9697045960106803
10,0.09599000033775607,1.2878087104431833e-06,0.9697045960106803
10,0.10015662617915198,1.3351153307826708e-06,0.9697045960106803
10,0.10441333418471553,1.3201062307847098e-06,0.9697045960106803
10,0.1087602020175796,1.2771361806117604e-06,0.9697045960106803
10,0.11319730663948761,1.4046062377715686e-06,0.9697045960106803
10,0.11772471458311304,1.2960081189758402e-06,0.9697045960106803
10,0.12234179519920114,1.270635416210492e-06,0.9697045960106803
10,0.12704905220651588,1.4402321996817895e-06,0.9697045960106803
10,0.13184690732620769,2.3095485408694276e-06,0.9697045960106803
10,0.13673596546824132,2.6624574840151753e-06,0.9697045960106803
10,0.14171650447194542,2.054408403624939e-06,0.9697045960106803
10,0.14678852599347908,2.5389277470456e-06,0.9697045960106803
10,0.15195011179042323,2.1836246664905067e-06,0.9697045960106803
10,0.15720282979996672,2.015875738391977e-06,0.9697045960106803
10,0.1625468506127396,1.3260461102221465e-06,0.9697045960106803
10,0.16798247131161337,1.5188682534671513e-06,0.9697045960106803
10,0.17351002423767498,1.5170289973768893e-06,0.9697045960106803
10,0.17912980593208874,1.5203957000586822e-06,0.9697045960106803
10,0.18484124893355594,1.6241347659114045e-06,0.9697045960106803
10,0.1906435999439426,1.3905777220303241e-06,0.9697045960106803
10,0.19653894116821566,1.2783753740683828e-06,0.9697045960106803
10,0.2025276381192934,8.689758562312804e-07,0.9697045960106803
10,0.20861015970515095,8.903305755008417e-07,0.9697045960106803
10,0.21478699225120562,1.2611759720594507e-06,0.9697045960106803
10,0.22105868785107977,1.9087581930307817e-06,0.9697045960106803
10,0.22742576480058438,3.600848193508107e-06,0.9697045960106803
10,0.23388902073008344,9.32734834465318e-07,0.9697045960106803
10,0.2404486273705157,5.153393837813069e-06,0.9697045960106803
10,0.24710411945181507,5.279198676249878e-06,0.9697045960106803
10,0.2538557426019184,5.280134912454792e-06,0.9697045960106803
10,0.2607028176316855,4.131065570228756e-06,0.9697045960106803
10,0.2676442059552339,3.97573210657127e-06,0.9697045960106803
10,0.27467798979204894,3.018756728903505e-06,0.9697045960106803
10,0.2818010423226586,1.7742269971563048e-06,0.9697045960106803
10,0.2890082891152869,2.349720939762075e-06,0.9697045960106803
10,0.29629072097857284,3.3984461663721116e-06,0.9697045960106803
10,0.30363068519095227,6.364250252501348e-06,0.9697045960106803
10,0.31099028582264837,1.304271519902128e-05,0.9697045960106803
10,0.3182754370659802,3.8457410882082794e-05,0.9697045960106803
10,0.3252155562679019,9.126016967235054e-05,0.9697045960106803
10,0.33100678814997553,0.00015005935929816706,0.9697045960106803
10,0.33410768925440515,0.00016586331036741025,0.9697045960106803
10,0.3353646279442493,0.00017332344343412288,0.9697045960106803
10,0.3359538770478608,0.00017822731849248929,0.9697045960106803
10,0.3363570523532288,0.00018425408102717432,0.9697045960106803
10,0.33669416698071575,0.00018584384317267948,0.9697045960106803
10,0.3370307496287049,0.00018289011008497814,0.9697045960106803
10,0.3374125728440744,0.00018496491649564625,0.9697045960106803
10,0.33803713511106515,0.00018531220927823228,0.9697045960106803
10,0.33921557888919546,0.00019129458125840087,0.9697045960106803
10,0.3423569455740396,0.0002065800909126364,0.9697045960106803
10,0.34808341319378705,0.00018416643421846184,0.9697045960106803
10,0.3552642720955083,9.91540818889604e-05,0.9697045960106803
10,0.36305793610632675,5.2798361825978174e-05,0.9697045960106803
10,0.3711537568180135,3.434073710327499e-05,0.9697045960106803
10,0.3794450730561415,2.9344512276354168e-05,0.9697045960106803
10,0.3878888906188352,2.6769798420042118e-05,0.9697045960106803
10,0.3964644576444929,2.452669466456863e-05,0.9697045960106803
10,0.40515971372085685,2.580800557525843e-05,0.9697045960106803
10,0.4139659109616991,2.587956092469159e-05,0.9697045960106803
10,0.4228745470354246,2.6984459033687585e-05,0.9697045960106803
10,0.4318749451705691,2.87455878306488e-05,0.9697045960106803
10,0.4409509104760028,3.207747676601657e-05,0.9697045960106803
10,0.4500747707497486,3.548036181385339e-05,0.9697045960106803
10,0.45914919120429176,4.057155596945661e-05,0.9697045960106803
10,0.46800738264545017,5.665858296203487e-05,0.9697045960106803
10,0.4761271354652817,7.736338816647139e-05,0.9697045960106803
10,0.48238523426878677,8.451957348547388e-05,0.9697045960106803
10,0.48540723328466456,9.134200467606206e-05,0.9697045960106803
10,0.48675820968245603,0.00010096728446144314,0.9697045960106803
10,0.4874476629859504,0.00010966614568027831,0.9697045960106803
10,0.48792283115845897,0.0001236847198290277,0.9697045960106803
10,0.48831252526898183,0.00011149160764732293,0.9697045960106803
10,0.4886683669111045,0.00016781623780045104,0.9697045960106803
10,0.4890576157191495,0.00010903308365051609,0.9697045960106803
10,0.48953550841490434,0.00012668309453021408,0.9697045960106803
10,0.49028497380660263,0.00013722167524281824,0.9697045960106803
10,0.49167488974308693,0.00015212691468241777,0.9697045960106803
10,0.49486089797572397,0.0001900324172542333,0.9697045960106803
10,0.5012161269753587,0.00020362454462376572,0.9697045960106803
10,0.5096408428434245,0.00012811266612754816,0.9697045960106803
10,0.518980286088116,6.578747192541472e-05,0.9697045960106803
10,0.5287679326440193,5.336621242095432e-05,0.9697045960106803
10,0.538814457516978,2.3083644296758878e-05,0.9697045960106803
10,0.5490357400407467,2.920779662103221e-05,0.9697045960106803
10,0.5593387892459778,4.5386714427969755e-05,0.9697045960106803
10,0.5696597353771594,8.372480035365099e-05,0.9697045960106803
10,0.5798744689327439,0.0001402197882696268,0.9697045960106803
10,0.5896898426477407,0.0003515111941950639,0.9697045960106803
10,0.598444932853079,0.0009610563709609561,0.9697045960106803
10,0.6045457764011423,0.0015468822329528754,0.9697045960106803
10,0.607264603541583,0.0017553333708644715,0.9697045960106803
10,0.6085837140221827,0.0018052007473787746,0.9697045960106803
10,0.6094466311998917,0.0018613647588136713,0.9697045960106803
10,0.6099715902434248,0.0018866392246095292,0.9697045960106803
10,0.6103921186009112,0.0018583676028323115,0.9697045960106803
10,0.6107731001732044,0.0018620594396985429,0.9697045960106803
10,0.6111626523151006,0.0018717595880384846,0.9697045960106803
10,0.6115920086074463,0.0018564926063962344,0.9697045960106803
10,0.6121561490768876,0.0018827145902114671,0.9697045960106803
10,0.6129891397191055,0.001899208696815225,0.9697045960106803
10,0.6145534725689341,0.0019207795185773545,0.9697045960106803
10,0.6180525909340668,0.0018304922275283332,0.9697045960106803
10,0.6248653470479151,0.001098094664046306,0.9697045960106803
10,0.6339862580126657,0.000440044016177538,0.9697045960106803
10,0.6443209720651727,0.0002530251611017008,0.9697045960106803
10,0.6552433383598982,0.00014671990604492573,0.9697045960106803
10,0.6663417597530473,9.77530622711473e-05,0.9697045960106803
10,0.6773710276192951,9.651065892038892e-05,0.9697045960106803
10,0.688047829773765,8.789768908438564e-05,0.9697045960106803
10,0.6978758915954021,0.000242540754612117,0.9697045960106803
10,0.7046577646043548,0.000589458480145574,0.9697045960106803
10,0.7078339714406493,0.0007746614459374145,0.9697045960106803
10,0.709762221590704,0.0008709794031659691,0.9697045960106803
10,0.710657542440771,0.0009254736249287018,0.9697045960106803
10,0.7112641807590891,0.0009633758828807934,0.9697045960106803
10,0.7117364668176576,0.0009709086441006224,0.9697045960106803
10,0.7121605496102487,0.0009951645347768933,0.9697045960106803
10,0.7125464115661436,0.0010099619432139982,0.9697045960106803
10,0.7129497960047939,0.001027746554876232,0.9697045960106803
10,0.7134067533527156,0.00103047955630747,0.9697045960106803
10,0.7139910409170689,0.001060443308141794,0.9697045960106803
10,0.7147954392385885,0.0010967844139567996,0.9697045960106803
10,0.7161355196300384,0.0011482788502969867,0.9697045960106803
10,0.7189106540325502,0.0011475666155913759,0.9697045960106803
10,0.7247504147697801,0.0010736197319560802,0.9697045960106803
10,0.7337769518479527,0.0005839008422070644,0.9697045960106803
10,0.7445134909587583,0.0003505091108480203,0.9697045960106803
10,0.7556871156074723,0.00030563996511493856,0.9697045960106803
10,0.7670070514878989,0.00019292804938929976,0.9697045960106803
10,0.7772260495585382,0.0007726829856933641,0.9697045960106803
10,0.7849921974545211,0.002113985353359205,0.9697045960106803
10,0.7900614569180684,0.0031272198571598276,0.9697045960106803
10,0.7921716063479649,0.003433930965484898,0.9697045960106803
10,0.7933501098083949,0.0035445632588692686,0.9697045960106803
10,0.7941809698775723,0.0037043548193864697,0.9697045960106803
10,0.794686495362746,0.0033349450636523956,0.9697045960106803
10,0.7951925552751617,0.006113557882907722,0.9697045960106803
10,0.7956074149922363,0.0026991619472884637,0.9697045960106803
10,0.7959979476580268,0.0036312419734845446,0.9697045960106803
10,0.7963887715086381,0.003837933310760929,0.9697045960106803
10,0.7968915080621912,0.0037210537172678074,0.9697045960106803
10,0.7974651597230579,0.004140530459207147,0.9697045960106803
10,0.7981564225448036,0.0037760696458936727,0.9697045960106803
10,0.799235074093926,0.003770024561279717,0.9697045960106803
10,0.8012286767779236,0.0037651788136229777,0.9697045960106803
10,0.8054490941008836,0.003200556472757178,0.9697045960106803
10,0.8127839230667862,0.0016971708908112763,0.9697045960106803
10,0.8225120844269674,0.0009347805008834242,0.9697045960106803
10,0.8333846897654696,0.0010471114876900512,0.9697045960106803
10,0.843357604447922,0.0016054615346842995,0.9697045960106803
10,0.8515907145832597,0.001174326745323899,0.9697045960106803
10,0.8562510987817241,0.0010528162178014755,0.9697045960106803
10,0.8585007081901389,0.0019372789727846661,0.9697045960106803
10,0.8597760056887205,0.002235375214926487,0.9697045960106803
10,0.8605557361539968,0.002545474989542276,0.9697045960106803
10,0.8612596122721404,0.0037583988826586706,0.9697045960106803
10,0.8616898153681766,0.002707513742828425,0.9697045960106803
10,0.8621165187819985,0.0026397221908552914,0.9697045960106803
10,0.8625435679859254,0.002684906056134532,0.9697045960106803
10,0.8629795027617102,0.0028046883300063548,0.9697045960106803
10,0.8634167858869513,0.0031863870513555302,0.9697045960106803
10,0.8638544919966143,0.003150814051066046,0.9697045960106803
10,0.8644522135266938,0.0030055501111677352,0.9697045960106803
10,0.8652619503801813,0.003261868404337251,0.9697045960106803
10,0.8664117780581291,0.0032685232021114406,0.9697045960106803
10,0.8683355056410028,0.003913112446386528,0.9697045960106803
10,0.8720439236116179,0.009180515785945332,0.9697045960106803
10,0.8800649151346207,0.009764678923386606,0.9697045960106803
10,0.8903449251423359,0.005557102077286326,0.9697045960106803
10,0.9024485934873631,0.007259733949573821,0.9697045960106803
10,0.9155754611491084,0.006477576959053635,0.9697045960106803
10,0.9287086534110897,0.008155152872657357,0.9697045960106803
10,0.941472249796077,0.008428009260812105,0.9697045960106803
10,0.9518677402203145,0.014070887627115981,0.9697045960106803
10,0.9599406442380223,0.017554918822394443,0.9697045960106803
10,0.9634130667867792,0.021118752281326123,0.9697045960106803
10,0.965342356432886,0.024271245534008855,0.9697045960106803
10,0.9664223237696791,0.03295116501222456,0.9697045960106803
10,0.9674145570056226,0.02208575782124808,0.9697045960106803
10,0.9679162108730919,0.030421451352981004,0.9697045960106803
10,0.9684182618066598,0.018932110569140147,0.9697045960106803
10,0.9689207644176998,0.020620361795591954,0.9697045960106803
10,0.9693446541287077,0.0172517495668917,0.9697045960106803
10,0.9697623137315462,0.020464934497328,0.9697045960106803
10,0.9701802583716131,0.014641292543335951,0.9697045960106803
10,0.9707550908230589,0.016377662686474347,0.9697045960106803
10,0.9713446746028922,0.011953985890858193,0.9697045960106803
10,0.9722355805978384,0.01231895764518373,0.9697045960106803
10,0.9734889347228867,0.00975268396568095,0.9697045960106803
10,0.975595953002087,0.015040092660942138,0.9697045960106803
10,0.9801507376451575,0.026892091413796428,0.9697045960106803
10,0.9884866870869876,0.08535292765876157,0.9697045960106803
