source,component,s_tor,rho_tor,dT_phi_ds_N_m,cumulative_T_phi_N_m
mars_native_staggered,total,2.1472177611340383e-05,0.004633808111191095,nan,nan
mars_native_staggered,total,0.00010735707459747507,0.01036132590923937,58514217.98032235,7538.119804404092
mars_native_staggered,total,0.00027911588025903415,0.016706761513202797,-2636926.528303308,6971.99231912588
mars_native_staggered,total,0.0005367392006026118,0.023167632606777323,815086.9703512654,7216.970349966152
mars_native_staggered,total,0.0008802072366784726,0.029668286716264435,-234711.48600570462,7126.282149517103
mars_native_staggered,total,0.0013094964035694355,0.03618696455312929,65677.73570580775,7157.294961534365
mars_native_staggered,total,0.0018245953340120225,0.04271528220686389,-18092.60100269662,7147.199269709571
mars_native_staggered,total,0.0024254980996628686,0.04924934618513091,4964.977973704663,7150.395744375742
mars_native_staggered,total,0.003112238042626268,0.05578743624353308,-1336.9791360188135,7149.4201834752075
mars_native_staggered,total,0.0038848922502306687,0.06232890381059712,374.6581220984296,7149.725766976874
mars_native_staggered,total,0.004743561024367148,0.06887351467993447,-87.94900476621758,7149.646462953055
mars_native_staggered,total,0.005688368783583975,0.07542127540411905,37.22478703535213,7149.6832377259025
mars_native_staggered,total,0.006719443906703449,0.0819722142356997,2.803306743949729,7149.686249148307
mars_native_staggered,total,0.007836908410282296,0.08852631478991033,11.924900082063411,7149.700090256535
mars_native_staggered,total,0.009040879754914567,0.09508354092541235,9.13925411300465,7149.711489218908
mars_native_staggered,total,0.010331450617744615,0.10164374362322855,9.516850903970253,7149.724183638759
mars_native_staggered,total,0.011708733774138773,0.10820690261780333,8.608380810666613,7149.736413372686
mars_native_staggered,total,0.013172881563961038,0.1147731744091843,8.043930077990762,7149.748540546171
mars_native_staggered,total,0.014724048046808227,0.12134268847692566,7.7456714321055085,7149.760892684604
mars_native_staggered,total,0.016362395633463468,0.12791558010447152,7.379953611134286,7149.773305620244
mars_native_staggered,total,0.01808804395195005,0.13449179882784695,6.814855516710082,7149.78536325632
mars_native_staggered,total,0.01990113744773817,0.14107139131566743,6.30455801352113,7149.797070004275
mars_native_staggered,total,0.021801884413277003,0.1476546118930154,7.267511023689749,7149.8112025763085
mars_native_staggered,total,0.02379045729663574,0.15424155502534245,7.667516889456428,7149.826786975845
mars_native_staggered,total,0.025866973129083808,0.1608321271670676,7.644612346999126,7149.842997447447
mars_native_staggered,total,0.028031487511528015,0.16742606580675548,7.3011879678865625,7149.859122263167
mars_native_staggered,total,0.030284071885262172,0.17402319352678874,8.970689208308563,7149.87972479013
mars_native_staggered,total,0.03262483188392654,0.1806234533052852,8.795262950509281,7149.9007003551405
mars_native_staggered,total,0.0350538257694524,0.1872266694930303,8.259563379872043,7149.92112722224
mars_native_staggered,total,0.03757109312669024,0.1938326420567244,7.265745138267638,7149.939737830114
mars_native_staggered,total,0.040176693753521175,0.2004412476351142,7.945441738737385,7149.960791531318
mars_native_staggered,total,0.04287068408203963,0.20705237038498167,10.325388162201895,7149.989064478809
mars_native_staggered,total,0.04565312016368821,0.21366590781799563,7.48345536696192,7150.010217775794
mars_native_staggered,total,0.0485240577995049,0.22028176910381145,7.105198121138692,7150.030930850541
mars_native_staggered,total,0.05148356022293118,0.2268998903105314,7.768332142042016,7150.054265402987
mars_native_staggered,total,0.054531733393736556,0.23352030617001288,7.65438560866569,7150.077936909374
mars_native_staggered,total,0.05766864666297616,0.24014297129621795,6.27793810016803,7150.0979088189115
mars_native_staggered,total,0.06089442560349297,0.24676795902931356,5.925278826270333,7150.117286098298
mars_native_staggered,total,0.06420929220067112,0.25339552521832565,5.6071560255131425,7150.136123115747
mars_native_staggered,total,0.06761342955548495,0.2600258247857027,5.149799449220617,7150.153883818859
mars_native_staggered,total,0.07110698892028194,0.26665893744684793,4.977153859792461,7150.171494503317
mars_native_staggered,total,0.07469008017476123,0.27329485940054055,4.591670425457025,7150.188152524808
mars_native_staggered,total,0.07836279856798756,0.2799335609890096,3.321915409981572,7150.2005019396365
mars_native_staggered,total,0.08212523731624828,0.28657501167451477,3.3197977320917014,7150.213141468646
mars_native_staggered,total,0.08597746704028522,0.2932191450780205,2.13852549301623,7150.221475602826
mars_native_staggered,total,0.08991956480783639,0.2998659113801307,0.1360409612649111,7150.222018005634
mars_native_staggered,total,0.0939515463467128,0.3065151649538939,0.25438648333828867,7150.223055115918
mars_native_staggered,total,0.09807331325845403,0.3131665902653954,-0.6424953932612194,7150.22037807801
mars_native_staggered,total,0.10228498018193376,0.3198202310391476,-1.9871025897046435,7150.211919562508
mars_native_staggered,total,0.10658676810114756,0.326476290258799,-0.5735111766306947,7150.209426585223
mars_native_staggered,total,0.1109787543285336,0.33313473899990315,-3.1027112415529094,7150.195659530833
mars_native_staggered,total,0.11546101061130032,0.3397955423652587,-2.0872785300700474,7150.186209569435
mars_native_staggered,total,0.1200332548911571,0.34645815748969905,-4.959892978538302,7150.163309343706
mars_native_staggered,total,0.12469542370285852,0.35312239195901823,5.6293625317320775,7150.18980819993
mars_native_staggered,total,0.1294479797663618,0.3597887988339295,-16.9916744048148,7150.108284607894
mars_native_staggered,total,0.13429143639722452,0.3664579599315923,-4.384179232183697,7150.0868501007235
mars_native_staggered,total,0.13922623497009337,0.37313031901748933,6.871670878574599,7150.1210747255545
mars_native_staggered,total,0.14425251523271226,0.3798058915192236,-11.812530767639121,7150.061161315277
mars_native_staggered,total,0.14936931889195115,0.38648327116700815,0.8932788817892966,7150.065772050866
mars_native_staggered,total,0.154576470795195,0.39316214313587594,-2.827121628614705,7150.0509219781725
mars_native_staggered,total,0.15987484020635317,0.39984351965031667,-2.3492899719130556,7150.038367323667
mars_native_staggered,total,0.16526466096217649,0.40652756482454727,-5.229983820190048,7150.00993911536
mars_native_staggered,total,0.17074624777464417,0.4132145299655424,-0.37560904441805987,7150.007862916487
mars_native_staggered,total,0.17631991508488187,0.41990464999197363,-2.033707442150049,7149.996433924632
mars_native_staggered,total,0.18198552743282234,0.42659761770645455,-2.2432756229712423,7149.983621583774
mars_native_staggered,total,0.18774242443874928,0.43329253909887405,0.6181495409497252,7149.987208304387
mars_native_staggered,total,0.1935912705560791,0.43999008006553864,-0.13861408197689154,7149.986391127076
mars_native_staggered,total,0.19953328964375452,0.4466914926923889,-1.4004996739761704,7149.978003958949
mars_native_staggered,total,0.2055688989122222,0.4533970653987762,-1.2120505488501814,7149.970631635322
mars_native_staggered,total,0.2116985759781783,0.4601071353263045,-0.37687329273613795,7149.968303752102
mars_native_staggered,total,0.2179228400511427,0.46682206465755527,0.4295106411100933,7149.9709975120995
mars_native_staggered,total,0.22424222632583207,0.4735422117676861,-4.367710232132225,7149.943187964958
mars_native_staggered,total,0.23065739276533392,0.4802680426234229,-14.819418223716012,7149.847406272253
mars_native_staggered,total,0.23716882405029957,0.4869998193534568,-1.5875526889531892,7149.836992551092
mars_native_staggered,total,0.24377637341116537,0.49373715012257824,4.57248959644767,7149.867424719393
mars_native_staggered,total,0.2504799310268667,0.5004797009138999,-2.7721012618814056,7149.848708536339
mars_native_staggered,total,0.25727928011680196,0.5072270498670215,-0.5006397674339997,7149.845280618288
mars_native_staggered,total,0.2641735117934597,0.5139781238471728,-1.1149749642340396,7149.83754114409
mars_native_staggered,total,0.2711610978736414,0.5207313106330763,1.1591858924539917,7149.845694607085
mars_native_staggered,total,0.27823951605735375,0.5274841382045092,4.282271999868873,7149.87619745549
mars_native_staggered,total,0.28540466571897277,0.5342327823327325,-1.0768647164137866,7149.868436225716
mars_native_staggered,total,0.2926495050469299,0.540970891127175,-3.445343142061719,7149.843345749038
mars_native_staggered,total,0.2999607030847625,0.5476866833188136,1.5932070160034388,7149.855039831518
mars_native_staggered,total,0.3073104855068003,0.5543559195199419,2.2425875953299403,7149.871544380601
mars_native_staggered,total,0.3146328614443143,0.5609214396368838,11.635294887985134,7149.956309263621
mars_native_staggered,total,0.3217454966669411,0.5672261424396279,28.113434915709398,7150.151419853111
mars_native_staggered,total,0.3281111722089387,0.5728098918567475,30.003259937961733,7150.32517568863
mars_native_staggered,total,0.33255723870219034,0.5766777598470313,19.868223141643238,7150.386785083713
mars_native_staggered,total,0.33473615859932726,0.5785638759889242,13.798324510748554,7150.404128731646
mars_native_staggered,total,0.33565925249605505,0.5793610726447326,2.566614100405424,7150.405641106704
mars_native_staggered,total,0.3361554647005448,0.5797891553837005,8.77014335606972,7150.409177011929
mars_native_staggered,total,0.3365256096669723,0.5801082740893913,54.75335403607992,7150.427635168479
mars_native_staggered,total,0.3368624583047103,0.5803985340304628,15.838365210335212,7150.432966087382
mars_native_staggered,total,0.33722166123638964,0.5807078966540662,-12.009375208915834,7150.428380629125
mars_native_staggered,total,0.3377248539775698,0.5811409932000752,20.403347334334274,7150.44112378999
mars_native_staggered,total,0.33862635700013033,0.5819161082150333,1.7947064271988173,7150.443238750613
mars_native_staggered,total,0.34078626223161756,0.5837690144497373,-15.737230685050475,7150.393802338427
mars_native_staggered,total,0.34522017938391336,0.5875544054671987,-42.89666740169898,7150.148155961556
mars_native_staggered,total,0.3516738426446477,0.5930209462107116,-59.430578616554214,7149.721393362062
mars_native_staggered,total,0.3591611041009175,0.5993005123482855,-43.83060389034894,7149.3797923619495
mars_native_staggered,total,0.36710584646217015,0.605892603075966,-27.86718437692483,7149.154184633494
mars_native_staggered,total,0.3752994149370775,0.6126168581887683,-21.775779333881182,7148.973634760705
mars_native_staggered,total,0.3836669818374884,0.6194085742363342,-17.203756620677648,7148.828369378407
mars_native_staggered,total,0.392176674131664,0.6262401090090478,-10.255070284095485,7148.740426335833
mars_native_staggered,total,0.4008120856826749,0.6330972166126423,-4.936317591548627,7148.6975037903
mars_native_staggered,total,0.409562812341278,0.6399709464821649,-2.56393930836461,7148.674925235037
mars_native_staggered,total,0.41842022899856185,0.646854101786919,-0.8902903108974841,7148.666993962657
mars_native_staggered,total,0.42737474610299686,0.6537390504650895,0.7287809345000746,7148.673553281221
mars_native_staggered,total,0.436412927823286,0.6606155673485798,0.7703445072025806,7148.680544901242
mars_native_staggered,total,0.4455128406128757,0.6674674828131149,-0.06547588213210326,7148.679947508442
mars_native_staggered,total,0.45461198097702016,0.6742491979802573,-0.3577281118754653,7148.676701333146
mars_native_staggered,total,0.46357828692487096,0.6808658362150879,2.0239455109310436,7148.694629829949
mars_native_staggered,total,0.47206725905536595,0.6870715094190458,23.495756670959455,7148.885409566432
mars_native_staggered,total,0.47925618486703425,0.6922833125729915,40.754123444203124,7149.140452897596
mars_native_staggered,total,0.48389623377672564,0.6956265045099458,32.53386761326568,7149.2387702135065
mars_native_staggered,total,0.4860827214835603,0.6971963292241005,22.790147895663992,7149.269559165416
mars_native_staggered,total,0.4871029363342032,0.6979276010691963,17.357683232777397,7149.281526477462
mars_native_staggered,total,0.4876852470722047,0.6983446477722907,17.256274790786318,7149.289726110019
mars_native_staggered,total,0.48811767821372043,0.6986541907222202,-33.54077572104217,7149.276655467258
mars_native_staggered,total,0.48849044609004316,0.6989209154761669,50.07648212186396,7149.294474764888
mars_native_staggered,total,0.488862991315127,0.6991873792590417,50.991767812857,7149.31432324973
mars_native_staggered,total,0.48929656206702693,0.6994973638742514,-49.590417728889605,7149.290624351317
mars_native_staggered,total,0.4899102411107535,0.6999358835713122,-8.763049322469172,7149.284056749124
mars_native_staggered,total,0.4909799317748448,0.700699601665967,-10.681821501462995,7149.269209915188
mars_native_staggered,total,0.49326789385940545,0.7023303310119857,-30.705185585217,7149.171382941129
mars_native_staggered,total,0.4980385124755413,0.70571843710898,-55.06404964545294,7148.821438295985
mars_native_staggered,total,0.5054284849093915,0.7109349371844034,-46.67723111430325,7148.428195886339
mars_native_staggered,total,0.5143105644657702,0.7171544913515986,-21.053793995078614,7148.2315651722365
mars_native_staggered,total,0.5238741093660677,0.7237914819656748,-13.855781522648657,7148.095949679937
mars_native_staggered,total,0.5337911950804987,0.7306101525988389,-11.426219128715797,7147.981155885256
mars_native_staggered,total,0.5439250987788624,0.737512778722418,-7.410227348596543,7147.90541385796
mars_native_staggered,total,0.5541872646433623,0.7444375491895625,-3.9442522212067055,7147.864776033248
mars_native_staggered,total,0.5644992623115686,0.7513316593299982,-3.2020335071752144,7147.83172801791
mars_native_staggered,total,0.5747671021549516,0.7581339605603693,-5.967292299443028,7147.770773717023
mars_native_staggered,total,0.5847821557902423,0.7647105045638135,-10.354876486668443,7147.669136734534
mars_native_staggered,total,0.5940673877504099,0.7707576712238483,3.325110769830838,7147.698248379266
mars_native_staggered,total,0.6014953546271107,0.775561315839767,30.82842322680711,7147.886327766207
mars_native_staggered,total,0.6059051899713626,0.77839911997083,36.50291232228716,7147.9855728749335
mars_native_staggered,total,0.6079241587818829,0.7796949139130528,24.08501919994971,7148.017343676185
mars_native_staggered,total,0.6090151726110372,0.7803942417849052,30.534645655173662,7148.043692546436
mars_native_staggered,total,0.6097091107216583,0.7808387226064409,2.874912431750189,7148.045201757717
mars_native_staggered,total,0.610181854422168,0.7811413792791725,-8.927683349867237,7148.041447413702
mars_native_staggered,total,0.6105826093870579,0.78139785601642,35.19777855543578,7148.054857118717
mars_native_staggered,total,0.6109678762441525,0.7816443412730323,8.382838193620502,7148.058122671291
mars_native_staggered,total,0.6113773304612735,0.7819062158988592,-28.824347742071843,7148.0457467562155
mars_native_staggered,total,0.611874078842167,0.7822238035512388,-12.927619752760057,7148.03845376274
mars_native_staggered,total,0.6125726443979966,0.7826702015523503,-8.559121253443253,7148.03132409483
mars_native_staggered,total,0.6137713061440198,0.7834355788091448,-20.274815307809103,7147.99960753522
mars_native_staggered,total,0.6163030317515005,0.785049700179231,-37.72452058994582,7147.867604972408
mars_native_staggered,total,0.621458968990991,0.788326689254519,-42.8179359966026,7147.575896817165
mars_native_staggered,total,0.6294258025302903,0.7933636004571235,-18.25025340543237,7147.4094378807695
mars_native_staggered,total,0.6391536150389192,0.7994708343891722,-0.871601812913547,7147.400430125265
mars_native_staggered,total,0.6497821552125355,0.8060906619062992,-2.368015915358335,7147.374565788046
mars_native_staggered,total,0.6607925490564728,0.8128914743411157,-5.776446398290237,7147.310456351763
mars_native_staggered,total,0.6718563936861712,0.8196684657141393,-9.304895357066053,7147.207830168402
mars_native_staggered,total,0.6827094286965301,0.8262623243840482,-19.295618784385372,7147.001814664193
mars_native_staggered,total,0.6929618606845835,0.8324433077901363,-36.94709769968946,7146.63869630387
mars_native_staggered,total,0.7012668280998784,0.8374167589079397,-16.474523068368963,7146.526968180538
mars_native_staggered,total,0.7062458680225021,0.8403843573166401,18.199078419383493,7146.584772217828
mars_native_staggered,total,0.7087980965156766,0.8419014767273405,25.575854456669802,7146.634088863022
mars_native_staggered,total,0.7102098820157374,0.8427395101784046,15.795140054516057,7146.648230581242
mars_native_staggered,total,0.7109608615999301,0.8431849510041851,9.117225680578082,7146.653761439697
mars_native_staggered,total,0.7115003237883734,0.8435047858716471,14.31830523778612,7146.660523775643
mars_native_staggered,total,0.7119485082139532,0.8437704120280309,-6.7811984889394425,7146.6576479860505
mars_native_staggered,total,0.7123534805881961,0.8440103557351628,-9.958628866641318,7146.653805330038
mars_native_staggered,total,0.7127481037854688,0.8442441020140258,8.922047639332147,7146.6574043452165
mars_native_staggered,total,0.7131782746787547,0.8444988304780267,-16.093590623373593,7146.650050260727
mars_native_staggered,total,0.7136988971348923,0.8448070176879997,-13.771811643962398,7146.642003562445
mars_native_staggered,total,0.7143932400778287,0.845217865451168,4.035596813149072,7146.645249789748
mars_native_staggered,total,0.7154654794343134,0.8458519252412406,-7.126815614923349,7146.635699283889
mars_native_staggered,total,0.7175230868312943,0.8470673449208712,-18.606928165552542,7146.584062557412
mars_native_staggered,total,0.7218305344011651,0.8496061054401416,-7.614409926714769,7146.539596225285
mars_native_staggered,total,0.7292636833088664,0.8539693690694452,21.358080578805716,7146.732385731549
mars_native_staggered,total,0.7391452214033555,0.8597355531809509,29.170997727215283,7147.045581289548
mars_native_staggered,total,0.7501003032831153,0.8660833119758834,9.591368053978305,7147.152751636051
mars_native_staggered,total,0.7613470835476857,0.8725520520563147,-16.173550576010058,7146.969668080572
mars_native_staggered,total,0.7721165505232186,0.8787016277003352,-52.68625182962402,7146.431267374775
mars_native_staggered,total,0.7811091235065297,0.8838037811112429,-71.41715683461163,7145.876631172488
mars_native_staggered,total,0.7875268271862947,0.8874270827433062,-27.79106185620176,7145.735751069171
mars_native_staggered,total,0.7911165316330167,0.8894473180762403,17.201326108996515,7145.772048437653
mars_native_staggered,total,0.79276085807818,0.8903711911771293,30.116607694729908,7145.807540964038
mars_native_staggered,total,0.7937655398429836,0.8909352051877755,12.386918245987236,7145.817832759789
mars_native_staggered,total,0.7944337326201591,0.8913101214617498,103.30424340594705,7145.870055687557
mars_native_staggered,total,0.794939525318954,0.8915938118442467,-65.0336203090922,7145.83714477936
mars_native_staggered,total,0.795399985133699,0.8918519973256207,-155.34521278687376,7145.772698308334
mars_native_staggered,total,0.7958026813251315,0.8920777327818084,96.45325398186718,7145.810366454735
mars_native_staggered,total,0.7961933595833324,0.8922966768868594,75.99435402226618,7145.840066860799
mars_native_staggered,total,0.7966401397854146,0.8925469958413476,19.172969357948915,7145.849705813335
mars_native_staggered,total,0.7971783338926246,0.892848438366011,-19.44677590626892,7145.838550138038
mars_native_staggered,total,0.7978107911339307,0.8932025476530677,-89.60344133913027,7145.77661061034
mars_native_staggered,total,0.7986957483193649,0.8936977947378884,-30.38141518159025,7145.74383964979
mars_native_staggered,total,0.8002318754359248,0.8945568039179652,14.883701914200307,7145.773511837874
mars_native_staggered,total,0.8033388854394037,0.8962917412535963,19.76459035661336,7145.856926657397
mars_native_staggered,total,0.8091165085838349,0.8995090375220445,92.29019289976803,7146.533859437547
mars_native_staggered,total,0.8176480037468767,0.9042389085561828,106.6337645164198,7147.571209905206
mars_native_staggered,total,0.8279483870962185,0.9099166923934402,323.46852607573794,7151.088155528655
mars_native_staggered,total,0.8383711471066958,0.9156260956890077,-37.29505201021032,7150.71621515688
mars_native_staggered,total,0.8474741595155908,0.9205835972444821,-225.43925548716498,7148.860148937626
mars_native_staggered,total,0.853920906682492,0.9240784093801196,29.225000434081,7148.996348667849
mars_native_staggered,total,0.8573759034859315,0.9259459506288321,-31.59703226308067,7148.925267686792
mars_native_staggered,total,0.8591383569394297,0.9268971663239832,-189.23758314371034,7148.683933470371
mars_native_staggered,total,0.8601658709213587,0.9274512768449665,278.6268619466901,7148.901187323075
mars_native_staggered,total,0.8609076742130686,0.9278511056269042,37.281350992344194,7148.927428775691
mars_native_staggered,total,0.8614747138201585,0.9281566213846446,-127.87048131062856,7148.8724184987395
mars_native_staggered,total,0.8619031670750875,0.9283874013982997,2.1907286252418343,7148.873353290122
mars_native_staggered,total,0.8623300433839619,0.9286172749760592,-225.5614789083223,7148.777027440118
mars_native_staggered,total,0.8627615353738178,0.9288495762898413,146.88224007629108,7148.841058516513
mars_native_staggered,total,0.8631981443243307,0.9290845732893915,139.28227901304135,7148.90196430677
mars_native_staggered,total,0.8636356389417827,0.9293199873788268,-100.9221816898208,7148.857790051245
mars_native_staggered,total,0.8641533527616541,0.929598490081419,-184.23175622835407,7148.747670764023
mars_native_staggered,total,0.8648570819534376,0.9299769254951639,136.28829233290176,7148.858028417023
mars_native_staggered,total,0.8658368642191552,0.9305035541141985,213.40809463089906,7149.103410950927
mars_native_staggered,total,0.8673736418495659,0.9313289654303499,196.84710150858504,7149.482091149708
mars_native_staggered,total,0.8701897146263103,0.9328395974798188,332.52711551210274,7150.71524068059
mars_native_staggered,total,0.8760544193731192,0.935977787863109,-688.884440497585,7145.18970442303
mars_native_staggered,total,0.8852049201384783,0.9408532936321572,-260.499827810132,7142.511763586133
mars_native_staggered,total,0.8963967593148494,0.9467823188647163,531.7245103605551,7148.947580710459
mars_native_staggered,total,0.9090120273182357,0.9534212223976535,-72.6734034417913,7147.99360656095
mars_native_staggered,total,0.922142057280099,0.9602822799990111,-0.6170595200840966,7147.985502599636
mars_native_staggered,total,0.9350904516035834,0.967000750570331,122.77763752023063,7149.552586810047
mars_native_staggered,total,0.9466699950081958,0.9729696783601203,-16.94312794297233,7149.376454685759
mars_native_staggered,total,0.9559041922291684,0.9777035298234166,-262.9513893639387,7147.253673358101
mars_native_staggered,total,0.9616768555124007,0.9806512405092855,-562.5719216060971,7145.3001859322185
mars_native_staggered,total,0.9643777116098327,0.982027347689377,-1373.578005368405,7142.650156108341
mars_native_staggered,total,0.9658823401012826,0.9827931318956612,-202.16906993534406,7142.431820116301
mars_native_staggered,total,0.9669184403876508,0.9833201108426751,-1259.2467378222025,7141.182353650781
mars_native_staggered,total,0.9676653839393572,0.9836998444339398,-6195.607802823693,7138.074303035171
mars_native_staggered,total,0.9681672363398759,0.9839548954804157,-1180.315558011567,7137.481724507367
mars_native_staggered,total,0.9686695131121799,0.984210096022277,1764.8434690425956,7138.368562958638
mars_native_staggered,total,0.9691327092732038,0.9844453815591822,-3138.8541936439583,7137.038034961598
mars_native_staggered,total,0.969553483930127,0.9846590698968486,-3681.11016655079,7135.5005839514315
mars_native_staggered,total,0.9699712860515797,0.9848712027730223,-4354.1473979550665,7133.680791384395
mars_native_staggered,total,0.970467674597336,0.9851231773729293,-1450.865504556603,7132.846786809692
mars_native_staggered,total,0.9710498827129755,0.9854186332280183,90.09203591550065,7132.89990361276
mars_native_staggered,total,0.9717901276003653,0.9857941608674528,-1280.3436383999742,7131.759237789718
mars_native_staggered,total,0.9728622576603625,0.9863378009892769,-452.06425907922596,7131.192641185814
mars_native_staggered,total,0.9745424438624868,0.9871891631609855,-951.1764652490441,7129.188494986789
mars_native_staggered,total,0.9778733453236222,0.9888747874850599,-976.6989550490904,7124.739841585429
mars_native_staggered,total,0.9843187123660726,0.9921283749425135,-2913.6227771186263,7100.452029422803
mars_native_staggered,total,0.9942433435434939,0.9971175174188316,nan,nan
mars_native_staggered,vacuum,2.1472177611340383e-05,0.004633808111191095,nan,nan
mars_native_staggered,vacuum,0.00010735707459747507,0.01036132590923937,-0.036681495469059265,-4.725509747792606e-06
mars_native_staggered,vacuum,0.00027911588025903415,0.016706761513202797,0.002217314286024713,-4.249469726447636e-06
mars_native_staggered,vacuum,0.0005367392006026118,0.023167632606777323,-0.0003743515962016407,-4.361982771331507e-06
mars_native_staggered,vacuum,0.0008802072366784726,0.029668286716264435,0.00040631255191252825,-4.2049910757827325e-06
mars_native_staggered,vacuum,0.0013094964035694355,0.03618696455312929,0.0003191271770419059,-4.054300266411164e-06
mars_native_staggered,vacuum,0.0018245953340120225,0.04271528220686389,0.0005379932263222304,-3.7540994375769783e-06
mars_native_staggered,vacuum,0.0024254980996628686,0.04924934618513091,0.0008111180693673361,-3.2318980554687215e-06
mars_native_staggered,vacuum,0.003112238042626268,0.05578743624353308,-1.7043209545210067e-05,-3.244334067672642e-06
mars_native_staggered,vacuum,0.0038848922502306687,0.06232890381059712,-0.0014892846124911114,-4.459043638932181e-06
mars_native_staggered,vacuum,0.004743561024367148,0.06887351467993447,-0.000382155197075142,-4.803634745244959e-06
mars_native_staggered,vacuum,0.005688368783583975,0.07542127540411905,-0.00026651569144206164,-5.066928501735813e-06
mars_native_staggered,vacuum,0.006719443906703449,0.0819722142356997,-0.0001395429207004834,-5.216830997696766e-06
mars_native_staggered,vacuum,0.007836908410282296,0.08852631478991033,0.00018475873522356975,-5.002383444031686e-06
mars_native_staggered,vacuum,0.009040879754914567,0.09508354092541235,-8.737267675994363e-05,-5.111359279749888e-06
mars_native_staggered,vacuum,0.010331450617744615,0.10164374362322855,0.0004238606551728675,-4.54597634274682e-06
mars_native_staggered,vacuum,0.011708733774138773,0.10820690261780333,-0.00020734849430553457,-4.840551707291242e-06
mars_native_staggered,vacuum,0.013172881563961038,0.1147731744091843,0.00017104411939385718,-4.582682520295234e-06
mars_native_staggered,vacuum,0.014724048046808227,0.12134268847692566,0.000194928738175861,-4.271826737220693e-06
mars_native_staggered,vacuum,0.016362395633463468,0.12791558010447152,-0.0002546621718175964,-4.700163460620918e-06
mars_native_staggered,vacuum,0.01808804395195005,0.13449179882784695,0.00017322098781946536,-4.393680714687299e-06
mars_native_staggered,vacuum,0.01990113744773817,0.14107139131566743,7.5417207327325475e-06,-4.379676715743419e-06
mars_native_staggered,vacuum,0.021801884413277003,0.1476546118930154,-0.0005080569152732307,-5.3676560842989965e-06
mars_native_staggered,vacuum,0.02379045729663574,0.15424155502534245,3.12207138383657e-05,-5.3041992852763875e-06
mars_native_staggered,vacuum,0.025866973129083808,0.1608321271670676,0.00037812512258849756,-4.50238144502979e-06
mars_native_staggered,vacuum,0.028031487511528015,0.16742606580675548,-0.000521115520988771,-5.653275214888243e-06
mars_native_staggered,vacuum,0.030284071885262172,0.17402319352678874,-6.455142694049454e-05,-5.8015272034713086e-06
mars_native_staggered,vacuum,0.03262483188392654,0.1806234533052852,-3.6553895207797364e-05,-5.8887035175430845e-06
mars_native_staggered,vacuum,0.0350538257694524,0.1872266694930303,0.00038980258817558177,-4.924676086862883e-06
mars_native_staggered,vacuum,0.03757109312669024,0.1938326420567244,7.341269979864687e-05,-4.73663550150408e-06
mars_native_staggered,vacuum,0.040176693753521175,0.2004412476351142,-0.0006959283800076232,-6.5806951087547995e-06
mars_native_staggered,vacuum,0.04287068408203963,0.20705237038498167,0.0005780217373520634,-4.99795768791304e-06
mars_native_staggered,vacuum,0.04565312016368821,0.21366590781799563,0.0007075481630933652,-2.9979489096993917e-06
mars_native_staggered,vacuum,0.0485240577995049,0.22028176910381145,0.0004252514459618449,-1.7582558235758387e-06
mars_native_staggered,vacuum,0.05148356022293118,0.2268998903105314,-0.0005576528062463271,-3.4333359329231314e-06
mars_native_staggered,vacuum,0.054531733393736556,0.23352030617001288,-2.8455783888309398e-05,-3.5213366301049154e-06
mars_native_staggered,vacuum,0.05766864666297616,0.24014297129621795,-0.0002239623428685409,-4.233824644512613e-06
mars_native_staggered,vacuum,0.06089442560349297,0.24676795902931356,-0.0006558224974003464,-6.378543253132939e-06
mars_native_staggered,vacuum,0.06420929220067112,0.25339552521832565,-2.739771998954661e-05,-6.470584802746183e-06
mars_native_staggered,vacuum,0.06761342955548495,0.2600258247857027,0.00040310335264473446,-5.080356107405019e-06
mars_native_staggered,vacuum,0.07110698892028194,0.26665893744684793,0.00023307103479494354,-4.2556798836702315e-06
mars_native_staggered,vacuum,0.07469008017476123,0.27329485940054055,-0.000612449666303189,-6.477572737017433e-06
mars_native_staggered,vacuum,0.07836279856798756,0.2799335609890096,-0.0003892566550533573,-7.924657118976221e-06
mars_native_staggered,vacuum,0.08212523731624828,0.28657501167451477,0.00038446618225925427,-6.4608717150821404e-06
mars_native_staggered,vacuum,0.08597746704028522,0.2932191450780205,0.0007403980357451224,-3.575436588700816e-06
mars_native_staggered,vacuum,0.08991956480783639,0.2998659113801307,-0.0006250503350504489,-6.067546712111626e-06
mars_native_staggered,vacuum,0.0939515463467128,0.3065151649538939,4.1617227331092723e-05,-5.897877105813184e-06
mars_native_staggered,vacuum,0.09807331325845403,0.3131665902653954,-2.075861728355613e-05,-5.9843704970184965e-06
mars_native_staggered,vacuum,0.10228498018193376,0.3198202310391476,-0.00019588703903732915,-6.818204424274834e-06
mars_native_staggered,vacuum,0.10658676810114756,0.326476290258799,0.0005329836833375291,-4.5013947957335175e-06
mars_native_staggered,vacuum,0.1109787543285336,0.33313473899990315,-0.0005970294244820687,-7.150476814517983e-06
mars_native_staggered,vacuum,0.11546101061130032,0.3397955423652587,0.00038063944798125,-5.427166754070475e-06
mars_native_staggered,vacuum,0.1200332548911571,0.34645815748969905,0.0004809335648612419,-3.2066577141234824e-06
mars_native_staggered,vacuum,0.12469542370285852,0.35312239195901823,0.00019095222195148956,-2.307796529280014e-06
mars_native_staggered,vacuum,0.1294479797663618,0.3597887988339295,-0.0005060504929403051,-4.735753477656217e-06
mars_native_staggered,vacuum,0.13429143639722452,0.3664579599315923,0.0004778838347972374,-2.3993516241945263e-06
mars_native_staggered,vacuum,0.13922623497009337,0.37313031901748933,8.771533443903423e-05,-1.962481979797967e-06
mars_native_staggered,vacuum,0.14425251523271226,0.3798058915192236,-0.0013077465474101006,-8.595400612973335e-06
mars_native_staggered,vacuum,0.14936931889195115,0.38648327116700815,0.0005752138244153673,-5.626385106665051e-06
mars_native_staggered,vacuum,0.154576470795195,0.39316214313587594,-7.637259508785562e-07,-5.630396743721587e-06
mars_native_staggered,vacuum,0.15987484020635317,0.39984351965031667,0.000355487087562614,-3.7306663491149614e-06
mars_native_staggered,vacuum,0.16526466096217649,0.40652756482454727,0.0005840056995143124,-5.562328805747116e-07
mars_native_staggered,vacuum,0.17074624777464417,0.4132145299655424,-0.0006750921308958644,-4.287840364069313e-06
mars_native_staggered,vacuum,0.17631991508488187,0.41990464999197363,-0.000377501202305867,-6.409314710407012e-06
mars_native_staggered,vacuum,0.18198552743282234,0.42659761770645455,0.0006480326884787997,-2.7081129470727987e-06
mars_native_staggered,vacuum,0.18774242443874928,0.43329253909887405,-8.654660587863079e-05,-3.210286733138207e-06
mars_native_staggered,vacuum,0.1935912705560791,0.43999008006553864,-0.0007372063045171408,-7.556369450952114e-06
mars_native_staggered,vacuum,0.19953328964375452,0.4466914926923889,0.00037747016512679784,-5.295815023934452e-06
mars_native_staggered,vacuum,0.2055688989122222,0.4533970653987762,0.00082788172421113,-2.602065658832746e-07
mars_native_staggered,vacuum,0.2116985759781783,0.4601071353263045,0.0002533311423743879,1.3045774792640533e-06
mars_native_staggered,vacuum,0.2179228400511427,0.46682206465755527,0.0003864105829837708,3.7280270323081713e-06
mars_native_staggered,vacuum,0.22424222632583207,0.4735422117676861,-0.0004659688636400359,7.611674214388405e-07
mars_native_staggered,vacuum,0.23065739276533392,0.4802680426234229,-0.00021455282962329494,-6.255424268147226e-07
mars_native_staggered,vacuum,0.23716882405029957,0.4869998193534568,0.00030062693948524385,1.3464520417255097e-06
mars_native_staggered,vacuum,0.24377637341116537,0.49373715012257824,0.0006998313956585586,6.004174353775732e-06
mars_native_staggered,vacuum,0.2504799310268667,0.5004797009138999,-0.0009013235714867102,-8.122273720775512e-08
mars_native_staggered,vacuum,0.25727928011680196,0.5072270498670215,-0.0015686370337861047,-1.0821798202012545e-05
mars_native_staggered,vacuum,0.2641735117934597,0.5139781238471728,0.0012503462807787241,-2.1426591282229363e-06
mars_native_staggered,vacuum,0.2711610978736414,0.5207313106330763,0.0006095405542145461,2.144717369894609e-06
mars_native_staggered,vacuum,0.27823951605735375,0.5274841382045092,-0.0003054831205128598,-3.125494473306049e-08
mars_native_staggered,vacuum,0.28540466571897277,0.5342327823327325,-0.0006089721145267707,-4.4202672639562005e-06
mars_native_staggered,vacuum,0.2926495050469299,0.540970891127175,-0.000623973425639851,-8.96431122067952e-06
mars_native_staggered,vacuum,0.2999607030847625,0.5476866833188136,0.0005691066780426361,-4.787088570820432e-06
mars_native_staggered,vacuum,0.3073104855068003,0.5543559195199419,0.00016743618172010218,-3.554825142064384e-06
mars_native_staggered,vacuum,0.3146328614443143,0.5609214396368838,0.0010731123247644727,4.2629604449282394e-06
mars_native_staggered,vacuum,0.3217454966669411,0.5672261424396279,0.0008499088245015333,1.0161428997734004e-05
mars_native_staggered,vacuum,0.3281111722089387,0.5728098918567475,-0.0025077513829763662,-4.361540763673001e-06
mars_native_staggered,vacuum,0.33255723870219034,0.5766777598470313,0.0032464898183426063,5.705503099545106e-06
mars_native_staggered,vacuum,0.33473615859932726,0.5785638759889242,0.004383447760397789,1.1215228184499851e-05
mars_native_staggered,vacuum,0.33565925249605505,0.5793610726447326,-0.05755593426344565,-2.2699554487755997e-05
mars_native_staggered,vacuum,0.3361554647005448,0.5797891553837005,-0.04386644528243855,-4.0385421959913666e-05
mars_native_staggered,vacuum,0.3365256096669723,0.5801082740893913,0.10522408881303706,-4.912842457055773e-06
mars_native_staggered,vacuum,0.3368624583047103,0.5803985340304628,0.031211083207367953,5.592266575489405e-06
mars_native_staggered,vacuum,0.33722166123638964,0.5807078966540662,-0.0076235353600522335,2.6814237918311565e-06
mars_native_staggered,vacuum,0.3377248539775698,0.5811409932000752,0.028885112441384156,2.0721975100504993e-05
mars_native_staggered,vacuum,0.33862635700013033,0.5819161082150333,-0.032582845154008735,-1.7675076045019968e-05
mars_native_staggered,vacuum,0.34078626223161756,0.5837690144497373,-0.007439818062770985,-4.104627264871056e-05
mars_native_staggered,vacuum,0.34522017938391336,0.5875544054671987,0.002352097147844994,-2.7577064493075912e-05
mars_native_staggered,vacuum,0.3516738426446477,0.5930209462107116,0.0014974008338902386,-1.6824440385590347e-05
mars_native_staggered,vacuum,0.3591611041009175,0.5993005123482855,-0.001374787865408735,-2.7539075094736305e-05
mars_native_staggered,vacuum,0.36710584646217015,0.605892603075966,0.0005590994019569646,-2.3012706576481443e-05
mars_native_staggered,vacuum,0.3752994149370775,0.6126168581887683,0.0009066105392219779,-1.5495711890972265e-05
mars_native_staggered,vacuum,0.3836669818374884,0.6194085742363342,-0.0014934711974573065,-2.8106310217439442e-05
mars_native_staggered,vacuum,0.392176674131664,0.6262401090090478,-0.0004606282927565081,-3.2056459015887155e-05
mars_native_staggered,vacuum,0.4008120856826749,0.6330972166126423,-0.0005748815545442583,-3.705520134622767e-05
mars_native_staggered,vacuum,0.409562812341278,0.6399709464821649,5.431934505613724e-05,-3.657685447966996e-05
mars_native_staggered,vacuum,0.41842022899856185,0.646854101786919,-0.0006147128047632232,-4.2053107147164587e-05
mars_native_staggered,vacuum,0.42737474610299686,0.6537390504650895,0.0017884124139955877,-2.5956683391369376e-05
mars_native_staggered,vacuum,0.436412927823286,0.6606155673485798,0.0011972345044268182,-1.5090624566723468e-05
mars_native_staggered,vacuum,0.4455128406128757,0.6674674828131149,-0.0006445427311853113,-2.097134238651674e-05
mars_native_staggered,vacuum,0.45461198097702016,0.6742491979802573,1.7644457994291352e-05,-2.0811229155984015e-05
mars_native_staggered,vacuum,0.46357828692487096,0.6808658362150879,-0.0018253203776027972,-3.698026650223714e-05
mars_native_staggered,vacuum,0.47206725905536595,0.6870715094190458,0.0012066598812735874,-2.718248652868836e-05
mars_native_staggered,vacuum,0.47925618486703425,0.6922833125729915,-0.0010321752333775137,-3.3641941121695764e-05
mars_native_staggered,vacuum,0.48389623377672564,0.6956265045099458,0.001579695973252706,-2.886810144513997e-05
mars_native_staggered,vacuum,0.4860827214835603,0.6971963292241005,0.009530959616472606,-1.5991999954981837e-05
mars_native_staggered,vacuum,0.4871029363342032,0.6979276010691963,-0.0019503835367195048,-1.733669832745409e-05
mars_native_staggered,vacuum,0.4876852470722047,0.6983446477722907,0.005821719174583287,-1.4570402666409139e-05
mars_native_staggered,vacuum,0.48811767821372043,0.6986541907222202,-0.17999620260058158,-8.471386273633611e-05
mars_native_staggered,vacuum,0.48849044609004316,0.6989209154761669,0.11142148297110574,-4.5065459268156264e-05
mars_native_staggered,vacuum,0.488862991315127,0.6991873792590417,0.1733762513759695,2.2421039923255085e-05
mars_native_staggered,vacuum,0.48929656206702693,0.6994973638742514,-0.1260564849865041,-3.7820433504322656e-05
mars_native_staggered,vacuum,0.4899102411107535,0.6999358835713122,0.007653008327601398,-3.20847686204066e-05
mars_native_staggered,vacuum,0.4909799317748448,0.700699601665967,-0.0019125341317491758,-3.474303028919494e-05
mars_native_staggered,vacuum,0.49326789385940545,0.7023303310119857,-0.004093782946761573,-4.778585646020643e-05
mars_native_staggered,vacuum,0.4980385124755413,0.70571843710898,0.0011840584154377538,-4.026089408115491e-05
mars_native_staggered,vacuum,0.5054284849093915,0.7109349371844034,0.0015933773551215006,-2.6837142593646066e-05
mars_native_staggered,vacuum,0.5143105644657702,0.7171544913515986,0.0022000385656119484,-6.290007273980794e-06
mars_native_staggered,vacuum,0.5238741093660677,0.7237914819656748,-0.0001465515341362894,-7.724401892332201e-06
mars_native_staggered,vacuum,0.5337911950804987,0.7306101525988389,-0.002398392223462229,-3.1819909020456084e-05
mars_native_staggered,vacuum,0.5439250987788624,0.737512778722418,-0.0010214205157007068,-4.226013668700658e-05
mars_native_staggered,vacuum,0.5541872646433623,0.7444375491895625,-0.00019109968464308557,-4.422904614098843e-05
mars_native_staggered,vacuum,0.5644992623115686,0.7513316593299982,0.000801696633676371,-3.595477837126496e-05
mars_native_staggered,vacuum,0.5747671021549516,0.7581339605603693,0.0006471240820868249,-2.9344578295345888e-05
mars_native_staggered,vacuum,0.5847821557902423,0.7647105045638135,-0.0018724519349523187,-4.772339380027188e-05
mars_native_staggered,vacuum,0.5940673877504099,0.7707576712238483,0.0007527653104172618,-4.113286560411929e-05
mars_native_staggered,vacuum,0.6014953546271107,0.775561315839767,0.003659976709813813,-1.8803920307989805e-05
mars_native_staggered,vacuum,0.6059051899713626,0.77839911997083,0.0037339768467528865,-8.651882715260896e-06
mars_native_staggered,vacuum,0.6079241587818829,0.7796949139130528,-0.01642065303108973,-3.031253822686323e-05
mars_native_staggered,vacuum,0.6090151726110372,0.7803942417849052,0.01051997375190039,-2.123467216730024e-05
mars_native_staggered,vacuum,0.6097091107216583,0.7808387226064409,-0.011912642365437112,-2.748832150941215e-05
mars_native_staggered,vacuum,0.610181854422168,0.7811413792791725,-0.08463713908838577,-6.308063859259943e-05
mars_native_staggered,vacuum,0.6105826093870579,0.78139785601642,0.0513018151738666,-4.3535592386166646e-05
mars_native_staggered,vacuum,0.6109678762441525,0.7816443412730323,0.10597047415701583,-2.254567200547688e-06
mars_native_staggered,vacuum,0.6113773304612735,0.7819062158988592,-0.04455296927430995,-2.1383664901159553e-05
mars_native_staggered,vacuum,0.611874078842167,0.7822238035512388,-0.02994471215631607,-3.82766888743086e-05
mars_native_staggered,vacuum,0.6125726443979966,0.7826702015523503,0.02804045055452508,-1.4919255958816385e-05
mars_native_staggered,vacuum,0.6137713061440198,0.7834355788091448,-0.0021926315096954013,-1.8349261457002174e-05
mars_native_staggered,vacuum,0.6163030317515005,0.785049700179231,-0.004421473962073838,-3.3820522198650896e-05
mars_native_staggered,vacuum,0.621458968990991,0.788326689254519,-3.757682399734054e-05,-3.4076523936077775e-05
mars_native_staggered,vacuum,0.6294258025302903,0.7933636004571235,0.00041464132458137614,-3.0294617332264767e-05
mars_native_staggered,vacuum,0.6391536150389192,0.7994708343891722,-0.00041626612157368665,-3.459660866847492e-05
mars_native_staggered,vacuum,0.6497821552125355,0.8060906619062992,0.0013390085904155986,-1.997146637217163e-05
mars_native_staggered,vacuum,0.6607925490564728,0.8128914743411157,0.00025117181663822044,-1.7183855709037884e-05
mars_native_staggered,vacuum,0.6718563936861712,0.8196684657141393,-0.0006461176101180329,-2.431005990412953e-05
mars_native_staggered,vacuum,0.6827094286965301,0.8262623243840482,0.0007750899261629689,-1.6034578110564854e-05
mars_native_staggered,vacuum,0.6929618606845835,0.8324433077901363,-0.00208143472157458,-3.6491047231901814e-05
mars_native_staggered,vacuum,0.7012668280998784,0.8374167589079397,-0.00032561392540480025,-3.869931952394377e-05
mars_native_staggered,vacuum,0.7062458680225021,0.8403843573166401,-0.0004503546814174548,-4.012973914181912e-05
mars_native_staggered,vacuum,0.7087980965156766,0.8419014767273405,0.00013140148599132326,-3.987636420673894e-05
mars_native_staggered,vacuum,0.7102098820157374,0.8427395101784046,-0.027684992326402702,-6.466331507051048e-05
mars_native_staggered,vacuum,0.7109608615999301,0.8431849510041851,-0.01604341259716641,-7.43958639085405e-05
mars_native_staggered,vacuum,0.7115003237883734,0.8435047858716471,0.04331796894854576,-5.3937391088642776e-05
mars_native_staggered,vacuum,0.7119485082139532,0.8437704120280309,0.008684497248356293,-5.025444524331015e-05
mars_native_staggered,vacuum,0.7123534805881961,0.8440103557351628,-0.010473710155299762,-5.429585152931103e-05
mars_native_staggered,vacuum,0.7127481037854688,0.8442441020140258,0.05402676895498057,-3.250229366231732e-05
mars_native_staggered,vacuum,0.7131782746787547,0.8444988304780267,-0.021512430819028008,-4.233255699672998e-05
mars_native_staggered,vacuum,0.7136988971348923,0.8448070176879997,-0.04226392172111877,-6.702684087917878e-05
mars_native_staggered,vacuum,0.7143932400778287,0.845217865451168,0.0342879936100435,-3.9445636370985956e-05
mars_native_staggered,vacuum,0.7154654794343134,0.8458519252412406,0.011489910322806387,-2.404823284787476e-05
mars_native_staggered,vacuum,0.7175230868312943,0.8470673449208712,-0.004141886688512051,-3.554252508847006e-05
mars_native_staggered,vacuum,0.7218305344011651,0.8496061054401416,-0.0012921270675187385,-4.308823800487802e-05
mars_native_staggered,vacuum,0.7292636833088664,0.8539693690694452,0.00027937344629870456,-4.056646323320591e-05
mars_native_staggered,vacuum,0.7391452214033555,0.8597355531809509,-0.0010995914920257244,-5.2372270293249215e-05
mars_native_staggered,vacuum,0.7501003032831153,0.8660833119758834,0.00327788847527193,-1.5746374830215343e-05
mars_native_staggered,vacuum,0.7613470835476857,0.8725520520563147,0.0011316206865823251,-2.9365012171390077e-06
mars_native_staggered,vacuum,0.7721165505232186,0.8787016277003352,-0.0024140527268277094,-2.760570137501293e-05
mars_native_staggered,vacuum,0.7811091235065297,0.8838037811112429,-0.001882737169166712,-4.222731668002569e-05
mars_native_staggered,vacuum,0.7875268271862947,0.8874270827433062,0.0038124907571258845,-2.2900811829778672e-05
mars_native_staggered,vacuum,0.7911165316330167,0.8894473180762403,0.000165811449314962,-2.255092489453639e-05
mars_native_staggered,vacuum,0.79276085807818,0.8903711911771293,-0.02093876915444054,-4.722733680019003e-05
mars_native_staggered,vacuum,0.7937655398429836,0.8909352051877755,0.005372768321298369,-4.276331814108236e-05
mars_native_staggered,vacuum,0.7944337326201591,0.8913101214617498,-0.014553485531331256,-5.012047597527842e-05
mars_native_staggered,vacuum,0.794939525318954,0.8915938118442467,-0.027469055597818613,-6.402146384525255e-05
mars_native_staggered,vacuum,0.795399985133699,0.8918519973256207,-0.013428962178489266,-6.959259929522551e-05
mars_native_staggered,vacuum,0.7958026813251315,0.8920777327818084,0.08477081625258184,-3.6486826442870006e-05
mars_native_staggered,vacuum,0.7961933595833324,0.8922966768868594,0.07635639182521639,-6.644927370954646e-06
mars_native_staggered,vacuum,0.7966401397854146,0.8925469958413476,-0.09538192349891941,-5.4596906862071735e-05
mars_native_staggered,vacuum,0.7971783338926246,0.892848438366011,0.009030458890481163,-4.941656912115923e-05
mars_native_staggered,vacuum,0.7978107911339307,0.8932025476530677,0.058130921873533276,-9.232824036181944e-06
mars_native_staggered,vacuum,0.7986957483193649,0.8936977947378884,-0.02250711260873471,-3.3510155917867196e-05
mars_native_staggered,vacuum,0.8002318754359248,0.8945568039179652,-0.007829640828898287,-4.9119348889096163e-05
mars_native_staggered,vacuum,0.8033388854394037,0.8962917412535963,0.0013165766695580796,-4.3562845905888305e-05
mars_native_staggered,vacuum,0.8091165085838349,0.8995090375220445,0.0015441388752999122,-3.223685135596234e-05
mars_native_staggered,vacuum,0.8176480037468767,0.9042389085561828,-0.0001899889410100259,-3.408509443075783e-05
mars_native_staggered,vacuum,0.8279483870962185,0.9099166923934402,-0.004204171626578444,-7.979539330187413e-05
mars_native_staggered,vacuum,0.8383711471066958,0.9156260956890077,0.004028234827944542,-3.962215104190023e-05
mars_native_staggered,vacuum,0.8474741595155908,0.9205835972444821,0.0009093221514858981,-3.213560162021452e-05
mars_native_staggered,vacuum,0.853920906682492,0.9240784093801196,-0.002806031878685727,-4.521278824802878e-05
mars_native_staggered,vacuum,0.8573759034859315,0.9259459506288321,0.008133645971294814,-2.6915261746288932e-05
mars_native_staggered,vacuum,0.8591383569394297,0.9268971663239832,0.008988747397376942,-1.545193467503249e-05
mars_native_staggered,vacuum,0.8601658709213587,0.9274512768449665,-0.01906694447289423,-3.0319012160280665e-05
mars_native_staggered,vacuum,0.8609076742130686,0.9278511056269042,-0.03137576659047125,-5.240366495176117e-05
mars_native_staggered,vacuum,0.8614747138201585,0.9281566213846446,0.013753201731455889,-4.648699498647922e-05
mars_native_staggered,vacuum,0.8619031670750875,0.9283874013982997,0.03693484019154412,-3.072677258778126e-05
mars_native_staggered,vacuum,0.8623300433839619,0.9286172749760592,0.03936295566971121,-1.39168537048217e-05
mars_native_staggered,vacuum,0.8627615353738178,0.9288495762898413,-0.04312457920362244,-3.271635747076894e-05
mars_native_staggered,vacuum,0.8631981443243307,0.9290845732893915,0.03934754970914456,-1.5510337963376627e-05
mars_native_staggered,vacuum,0.8636356389417827,0.9293199873788268,0.05699886459631325,9.438413314289112e-06
mars_native_staggered,vacuum,0.8641533527616541,0.929598490081419,-0.06303488184929999,-2.8238892713049956e-05
mars_native_staggered,vacuum,0.8648570819534376,0.9299769254951639,0.007438199908267229,-2.2215908123718578e-05
mars_native_staggered,vacuum,0.8658368642191552,0.9305035541141985,0.0177622448513473,-1.792387371153623e-06
mars_native_staggered,vacuum,0.8673736418495659,0.9313289654303499,-0.006940324345278778,-1.5143680748256507e-05
mars_native_staggered,vacuum,0.8701897146263103,0.9328395974798188,-0.010018882192736138,-5.229788351727434e-05
mars_native_staggered,vacuum,0.8760544193731192,0.935977787863109,0.000977636144778378,-4.445627228742579e-05
mars_native_staggered,vacuum,0.8852049201384783,0.9408532936321572,-0.0007134744522395886,-5.179079679669786e-05
mars_native_staggered,vacuum,0.8963967593148494,0.9467823188647163,-0.0021786597975804204,-7.816057242325533e-05
mars_native_staggered,vacuum,0.9090120273182357,0.9534212223976535,0.0032047435842907867,-3.609232750244284e-05
mars_native_staggered,vacuum,0.922142057280099,0.9602822799990111,0.001039525247911448,-2.2440042560438035e-05
mars_native_staggered,vacuum,0.9350904516035834,0.967000750570331,0.00043880349436058836,-1.6839331866097407e-05
mars_native_staggered,vacuum,0.9466699950081958,0.9729696783601203,-0.0012294933108589789,-2.9620517805795967e-05
mars_native_staggered,vacuum,0.9559041922291684,0.9777035298234166,0.0006122162680432494,-2.4678154635803562e-05
mars_native_staggered,vacuum,0.9616768555124007,0.9806512405092855,-0.002710977599384475,-3.4091814381081074e-05
mars_native_staggered,vacuum,0.9643777116098327,0.982027347689377,-0.0004145061154686134,-3.489151673790263e-05
mars_native_staggered,vacuum,0.9658823401012826,0.9827931318956612,0.021751656360622196,-1.1400438347283807e-05
mars_native_staggered,vacuum,0.9669184403876508,0.9833201108426751,-0.01134168589148529,-2.265403604044758e-05
mars_native_staggered,vacuum,0.9676653839393572,0.9836998444339398,0.022066294325291728,-1.1584394151450135e-05
mars_native_staggered,vacuum,0.9681672363398759,0.9839548954804157,-0.0509583862142831,-3.716809952344566e-05
mars_native_staggered,vacuum,0.9686695131121799,0.984210096022277,0.08595798481787516,6.026012287274333e-06
mars_native_staggered,vacuum,0.9691327092732038,0.9844453815591822,0.0625573691731798,3.25434374275099e-05
mars_native_staggered,vacuum,0.969553483930127,0.9846590698968486,-0.06657496276747817,4.737764919059674e-06
mars_native_staggered,vacuum,0.9699712860515797,0.9848712027730223,-0.012119301998948138,-3.274323927533403e-07
mars_native_staggered,vacuum,0.970467674597336,0.9851231773729293,-0.05366408150994534,-3.117528792169919e-05
mars_native_staggered,vacuum,0.9710498827129755,0.9854186332280183,0.028638943759610416,-1.4290231209474391e-05
mars_native_staggered,vacuum,0.9717901276003653,0.9857941608674528,0.006356431867937267,-8.627247951861792e-06
mars_native_staggered,vacuum,0.9728622576603625,0.9863378009892769,6.080340396420649e-05,-8.55103975468628e-06
mars_native_staggered,vacuum,0.9745424438624868,0.9871891631609855,0.0016824421240125699,-5.00610344569514e-06
mars_native_staggered,vacuum,0.9778733453236222,0.9888747874850599,-0.0020450906248965497,-1.4321050817661325e-05
mars_native_staggered,vacuum,0.9843187123660726,0.9921283749425135,0.008307205449221203,5.492739380994244e-05
mars_native_staggered,vacuum,0.9942433435434939,0.9971175174188316,nan,nan
mars_native_staggered,plasma_response,2.1472177611340383e-05,0.004633808111191095,nan,nan
mars_native_staggered,plasma_response,0.00010735707459747507,0.01036132590923937,8040923.789775462,1035.8755351698285
mars_native_staggered,plasma_response,0.00027911588025903415,0.016706761513202797,-360818.4007419354,958.4106488100359
mars_native_staggered,plasma_response,0.0005367392006026118,0.023167632606777323,112514.39086096655,992.2273517103823
mars_native_staggered,plasma_response,0.0008802072366784726,0.029668286716264435,-32629.790586486473,979.6198008841485
mars_native_staggered,plasma_response,0.0013094964035694355,0.03618696455312929,9142.99193596349,983.9370917763847
mars_native_staggered,plasma_response,0.0018245953340120225,0.04271528220686389,-2552.6491290589524,982.5127106749628
mars_native_staggered,plasma_response,0.0024254980996628686,0.04924934618513091,652.9518352424434,982.9330839395847
mars_native_staggered,plasma_response,0.003112238042626268,0.05578743624353308,-238.10547556720212,982.7593442110365
mars_native_staggered,plasma_response,0.0038848922502306687,0.06232890381059712,2.4836943018310684,982.7613699938958
mars_native_staggered,plasma_response,0.004743561024367148,0.06887351467993447,-53.79641181099169,982.7128615208893
mars_native_staggered,plasma_response,0.005688368783583975,0.07542127540411905,-28.036396204801264,982.685164059493
mars_native_staggered,plasma_response,0.006719443906703449,0.0819722142356997,-27.26000963511507,982.6558802845533
mars_native_staggered,plasma_response,0.007836908410282296,0.08852631478991033,-22.406553295273316,982.6298732298155
mars_native_staggered,plasma_response,0.009040879754914567,0.09508354092541235,-20.0753183639182,982.6048342281831
mars_native_staggered,plasma_response,0.010331450617744615,0.10164374362322855,-18.974223688374305,982.5795247256724
mars_native_staggered,plasma_response,0.011708733774138773,0.10820690261780333,-19.83501324594254,982.5513455663433
mars_native_staggered,plasma_response,0.013172881563961038,0.1147731744091843,-18.71760319593286,982.5231265715264
mars_native_staggered,plasma_response,0.014724048046808227,0.12134268847692566,-17.239958215559643,982.4956337515275
mars_native_staggered,plasma_response,0.016362395633463468,0.12791558010447152,-16.91400397657217,982.4671847322202
mars_native_staggered,plasma_response,0.01808804395195005,0.13449179882784695,-16.36267675236248,982.4382339788212
mars_native_staggered,plasma_response,0.01990113744773817,0.14107139131566743,-17.287890015245463,982.4061326053953
mars_native_staggered,plasma_response,0.021801884413277003,0.1476546118930154,-19.36107989566604,982.3684825962825
mars_native_staggered,plasma_response,0.02379045729663574,0.15424155502534245,-18.63726709088734,982.3306019341607
mars_native_staggered,plasma_response,0.025866973129083808,0.1608321271670676,-20.7469043228379,982.2866079305302
mars_native_staggered,plasma_response,0.028031487511528015,0.16742606580675548,-22.81798673716421,982.2362139627461
mars_native_staggered,plasma_response,0.030284071885262172,0.17402319352678874,-24.250435350597293,982.1805192177168
mars_native_staggered,plasma_response,0.03262483188392654,0.1806234533052852,-24.101322118460374,982.1230406804884
mars_native_staggered,plasma_response,0.0350538257694524,0.1872266694930303,-26.94514741950305,982.0564021767327
mars_native_staggered,plasma_response,0.03757109312669024,0.1938326420567244,-28.35769867453078,981.9837662666952
mars_native_staggered,plasma_response,0.040176693753521175,0.2004412476351142,-29.01682149320655,981.9068779690145
mars_native_staggered,plasma_response,0.04287068408203963,0.20705237038498167,-29.96401890768179,981.8248305805871
mars_native_staggered,plasma_response,0.04565312016368821,0.21366590781799563,-27.550186451420256,981.7469551544065
mars_native_staggered,plasma_response,0.0485240577995049,0.22028176910381145,-29.53584268606754,981.6608522608867
mars_native_staggered,plasma_response,0.05148356022293118,0.2268998903105314,-33.44036361096401,981.5604039401634
mars_native_staggered,plasma_response,0.054531733393736556,0.23352030617001288,-35.66215184407695,981.4501172498511
mars_native_staggered,plasma_response,0.05766864666297616,0.24014297129621795,-35.9813702196742,981.3356502609139
mars_native_staggered,plasma_response,0.06089442560349297,0.24676795902931356,-38.3437060842162,981.210255874036
mars_native_staggered,plasma_response,0.06420929220067112,0.25339552521832565,-39.448483923426146,981.0777302627226
mars_native_staggered,plasma_response,0.06761342955548495,0.2600258247857027,-37.60508698440429,980.9480372927349
mars_native_staggered,plasma_response,0.07110698892028194,0.26665893744684793,-35.41419449181086,980.8227310992569
mars_native_staggered,plasma_response,0.07469008017476123,0.27329485940054055,-33.4203930694237,980.7014859805107
mars_native_staggered,plasma_response,0.07836279856798756,0.2799335609890096,-29.813408320741807,980.5906528913551
mars_native_staggered,plasma_response,0.08212523731624828,0.28657501167451477,-26.616075959336317,980.4893169994198
mars_native_staggered,plasma_response,0.08597746704028522,0.2932191450780205,-24.05181043367707,980.395583716337
mars_native_staggered,plasma_response,0.08991956480783639,0.2998659113801307,-23.671604012308308,980.3012037269372
mars_native_staggered,plasma_response,0.0939515463467128,0.3065151649538939,-23.7377558948594,980.2044270804525
mars_native_staggered,plasma_response,0.09807331325845403,0.3131665902653954,-20.08083922594763,980.1207577368168
mars_native_staggered,plasma_response,0.10228498018193376,0.3198202310391476,-16.205101715737094,980.0517773506125
mars_native_staggered,plasma_response,0.10658676810114756,0.326476290258799,-17.021982935158885,979.9777850405401
mars_native_staggered,plasma_response,0.1109787543285336,0.33313473899990315,-12.129471563360406,979.923965306205
mars_native_staggered,plasma_response,0.11546101061130032,0.3397955423652587,-13.40331967170676,979.8632830102523
mars_native_staggered,plasma_response,0.1200332548911571,0.34645815748969905,-9.878846038196762,979.8176715817
mars_native_staggered,plasma_response,0.12469542370285852,0.35312239195901823,-32.34711424381682,979.6654054015094
mars_native_staggered,plasma_response,0.1294479797663618,0.3597887988339295,-51.064106143638405,979.4204072184157
mars_native_staggered,plasma_response,0.13429143639722452,0.3664579599315923,-27.895114824155698,979.2840263801617
mars_native_staggered,plasma_response,0.13922623497009337,0.37313031901748933,-1.3772865663635288,979.2771667506986
mars_native_staggered,plasma_response,0.14425251523271226,0.3798058915192236,2.3926980796408626,979.289302566853
mars_native_staggered,plasma_response,0.14936931889195115,0.38648327116700815,-6.4458619551162055,979.2560316973364
mars_native_staggered,plasma_response,0.154576470795195,0.39316214313587594,-11.998768681880879,979.1930055489887
mars_native_staggered,plasma_response,0.15987484020635317,0.39984351965031667,-25.52045293721613,979.0566237173408
mars_native_staggered,plasma_response,0.16526466096217649,0.40652756482454727,-26.58615157099281,978.9121114815581
mars_native_staggered,plasma_response,0.17074624777464417,0.4132145299655424,-31.69346993487919,978.7369241490825
mars_native_staggered,plasma_response,0.17631991508488187,0.41990464999197363,-29.845330019281384,978.5691999097764
mars_native_staggered,plasma_response,0.18198552743282234,0.42659761770645455,-28.028760345759387,978.4091152426598
mars_native_staggered,plasma_response,0.18774242443874928,0.43329253909887405,-32.24424588036847,978.2220228099967
mars_native_staggered,plasma_response,0.1935912705560791,0.43999008006553864,-33.627161414694676,978.0237792190534
mars_native_staggered,plasma_response,0.19953328964375452,0.4466914926923889,-37.71011625875081,977.7979447607898
mars_native_staggered,plasma_response,0.2055688989122222,0.4533970653987762,-41.03501852519976,977.5483483748343
mars_native_staggered,plasma_response,0.2116985759781783,0.4601071353263045,-45.92686279799718,977.2646658339654
mars_native_staggered,plasma_response,0.2179228400511427,0.46682206465755527,-54.547686441449585,976.9225593489273
mars_native_staggered,plasma_response,0.22424222632583207,0.4735422117676861,-56.46456846030653,976.5630450966199
mars_native_staggered,plasma_response,0.23065739276533392,0.4802680426234229,-42.46933840436263,976.288554893356
mars_native_staggered,plasma_response,0.23716882405029957,0.4869998193534568,-20.85762597753189,976.1517370714902
mars_native_staggered,plasma_response,0.24377637341116537,0.49373715012257824,-1.4177713976258604,976.1423011051802
mars_native_staggered,plasma_response,0.2504799310268667,0.5004797009138999,-0.5206105197114664,976.1387861391431
mars_native_staggered,plasma_response,0.25727928011680196,0.5072270498670215,-2.3538326124439695,976.1226692706382
mars_native_staggered,plasma_response,0.2641735117934597,0.5139781238471728,3.860838995412731,976.1494688533601
mars_native_staggered,plasma_response,0.2711610978736414,0.5207313106330763,1.6137776090979707,976.1608198162231
mars_native_staggered,plasma_response,0.27823951605735375,0.5274841382045092,-2.618041250223123,976.1421713708705
mars_native_staggered,plasma_response,0.28540466571897277,0.5342327823327325,0.6105930547926207,976.1465720657063
mars_native_staggered,plasma_response,0.2926495050469299,0.540970891127175,3.6832156606853688,976.1733948327931
mars_native_staggered,plasma_response,0.2999607030847625,0.5476866833188136,5.064782454265114,976.2105701547508
mars_native_staggered,plasma_response,0.3073104855068003,0.5543559195199419,3.6822216699068107,976.2376698356787
mars_native_staggered,plasma_response,0.3146328614443143,0.5609214396368838,-10.770843335495975,976.1592026129614
mars_native_staggered,plasma_response,0.3217454966669411,0.5672261424396279,-45.29252717665988,975.8448670753991
mars_native_staggered,plasma_response,0.3281111722089387,0.5728098918567475,-144.9439540629691,975.0054630275158
mars_native_staggered,plasma_response,0.33255723870219034,0.5766777598470313,-270.1597689623502,974.167724301568
mars_native_staggered,plasma_response,0.33473615859932726,0.5785638759889242,-341.41197092781374,973.7385903861328
mars_native_staggered,plasma_response,0.33565925249605505,0.5793610726447326,-369.9818178395117,973.5205789316184
mars_native_staggered,plasma_response,0.3361554647005448,0.5797891553837005,-392.10162781352244,973.3624932380893
mars_native_staggered,plasma_response,0.3365256096669723,0.5801082740893913,-399.2922184179604,973.2278859906189
mars_native_staggered,plasma_response,0.3368624583047103,0.5803985340304628,-413.49896178446,973.0887094151208
mars_native_staggered,plasma_response,0.33722166123638964,0.5807078966540662,-419.54968533962784,972.9285156052572
mars_native_staggered,plasma_response,0.3377248539775698,0.5811409932000752,-410.3917319570733,972.6722004147919
mars_native_staggered,plasma_response,0.33862635700013033,0.5819161082150333,-421.8353291895483,972.1750911957129
mars_native_staggered,plasma_response,0.34078626223161756,0.5837690144497373,-423.5589595957894,970.8445371909714
mars_native_staggered,plasma_response,0.34522017938391336,0.5875544054671987,-262.19646973574754,969.3430775970176
mars_native_staggered,plasma_response,0.3516738426446477,0.5930209462107116,15.703048393055012,969.455838971855
mars_native_staggered,plasma_response,0.3591611041009175,0.5993005123482855,119.16310296716071,970.3845561588676
mars_native_staggered,plasma_response,0.36710584646217015,0.605892603075966,81.20399669339719,971.0419691571697
mars_native_staggered,plasma_response,0.3752994149370775,0.6126168581887683,51.128902188286034,971.465895054121
mars_native_staggered,plasma_response,0.3836669818374884,0.6194085742363342,34.40578011883068,971.7564111845466
mars_native_staggered,plasma_response,0.392176674131664,0.6262401090090478,17.647944877708692,971.9077523187104
mars_native_staggered,plasma_response,0.4008120856826749,0.6330972166126423,6.450676167866144,971.9638425998558
mars_native_staggered,plasma_response,0.409562812341278,0.6399709464821649,2.5384647592206826,971.9861968212143
mars_native_staggered,plasma_response,0.41842022899856185,0.646854101786919,0.8673709565493636,971.9939239134071
mars_native_staggered,plasma_response,0.42737474610299686,0.6537390504650895,0.39777611224660675,971.9975040567859
mars_native_staggered,plasma_response,0.436412927823286,0.6606155673485798,3.981226806598176,972.0336375331557
mars_native_staggered,plasma_response,0.4455128406128757,0.6674674828131149,4.508390850836174,972.0747714613382
mars_native_staggered,plasma_response,0.45461198097702016,0.6742491979802573,-1.6224688012468014,972.0600484972613
mars_native_staggered,plasma_response,0.46357828692487096,0.6808658362150879,-22.151284271933687,971.863828180513
mars_native_staggered,plasma_response,0.47206725905536595,0.6870715094190458,-70.53957794820217,971.2910642435584
mars_native_staggered,plasma_response,0.47925618486703425,0.6922833125729915,-148.49106160582224,970.3617925085917
mars_native_staggered,plasma_response,0.48389623377672564,0.6956265045099458,-218.34322672832596,969.7019594922951
mars_native_staggered,plasma_response,0.4860827214835603,0.6971963292241005,-255.93923766945034,969.356191622935
mars_native_staggered,plasma_response,0.4871029363342032,0.6979276010691963,-278.9301770396491,969.1638822909307
mars_native_staggered,plasma_response,0.4876852470722047,0.6983446477722907,-291.1762944572024,969.0255245832157
mars_native_staggered,plasma_response,0.48811767821372043,0.6986541907222202,-316.6962092004064,968.9021099356653
mars_native_staggered,plasma_response,0.48849044609004316,0.6989209154761669,-287.6933540448489,968.7997366601342
mars_native_staggered,plasma_response,0.488862991315127,0.6991873792590417,-293.06943973696326,968.6856597300422
mars_native_staggered,plasma_response,0.48929656206702693,0.6994973638742514,-332.55047329111255,968.5267362878866
mars_native_staggered,plasma_response,0.4899102411107535,0.6999358835713122,-309.12605452249335,968.2950570083498
mars_native_staggered,plasma_response,0.4909799317748448,0.700699601665967,-309.56683865770515,967.8647851258924
mars_native_staggered,plasma_response,0.49326789385940545,0.7023303310119857,-294.5552246730154,966.9263297551179
mars_native_staggered,plasma_response,0.4980385124755413,0.70571843710898,-133.68057185446685,966.0767591081806
mars_native_staggered,plasma_response,0.5054284849093915,0.7109349371844034,49.87443385497461,966.4969370424893
mars_native_staggered,plasma_response,0.5143105644657702,0.7171544913515986,72.39248829899857,967.1730425782998
mars_native_staggered,plasma_response,0.5238741093660677,0.7237914819656748,50.44188669259384,967.6667499368599
mars_native_staggered,plasma_response,0.5337911950804987,0.7306101525988389,38.07149793222566,968.0492361877868
mars_native_staggered,plasma_response,0.5439250987788624,0.737512778722418,22.891914340779298,968.2832209117738
mars_native_staggered,plasma_response,0.5541872646433623,0.7444375491895625,13.370700375048461,968.4209798956464
mars_native_staggered,plasma_response,0.5644992623115686,0.7513316593299982,9.166794064918578,968.515589883386
mars_native_staggered,plasma_response,0.5747671021549516,0.7581339605603693,3.2063111029066182,968.5483414969985
mars_native_staggered,plasma_response,0.5847821557902423,0.7647105045638135,-21.646124646333206,968.3358766941134
mars_native_staggered,plasma_response,0.5940673877504099,0.7707576712238483,-88.53576569970326,967.5607380790137
mars_native_staggered,plasma_response,0.6014953546271107,0.775561315839767,-163.86982633361814,966.560993906304
mars_native_staggered,plasma_response,0.6059051899713626,0.77839911997083,-204.58882549538052,966.0047522549163
mars_native_staggered,plasma_response,0.6079241587818829,0.7796949139130528,-224.01970657895552,965.7092455121071
mars_native_staggered,plasma_response,0.6090151726110372,0.7803942417849052,-234.1764360860411,965.5071706427938
mars_native_staggered,plasma_response,0.6097091107216583,0.7808387226064409,-248.21341957519195,965.3768687634615
mars_native_staggered,plasma_response,0.610181854422168,0.7811413792791725,-260.0346116247569,965.2675168353453
mars_native_staggered,plasma_response,0.6105826093870579,0.78139785601642,-253.69659158296068,965.1708631089986
mars_native_staggered,plasma_response,0.6109678762441525,0.7816443412730323,-264.57486631134464,965.067797403135
mars_native_staggered,plasma_response,0.6113773304612735,0.7819062158988592,-249.64603320077657,964.9606103079211
mars_native_staggered,plasma_response,0.611874078842167,0.7822238035512388,-233.16658070191676,964.829071603626
mars_native_staggered,plasma_response,0.6125726443979966,0.7826702015523503,-250.92705745585477,964.6200517128859
mars_native_staggered,plasma_response,0.6137713061440198,0.7834355788091448,-246.74099529176488,964.2340666685516
mars_native_staggered,plasma_response,0.6163030317515005,0.785049700179231,-213.41092722651044,963.4873165737733
mars_native_staggered,plasma_response,0.621458968990991,0.788326689254519,-71.06321919572572,963.0031801927279
mars_native_staggered,plasma_response,0.6294258025302903,0.7933636004571235,57.38069156181474,963.526544371559
mars_native_staggered,plasma_response,0.6391536150389192,0.7994708343891722,70.01451383811657,964.2501243516012
mars_native_staggered,plasma_response,0.6497821552125355,0.8060906619062992,56.765374208980425,964.8701365615689
mars_native_staggered,plasma_response,0.6607925490564728,0.8128914743411157,40.51814886103925,965.319824051699
mars_native_staggered,plasma_response,0.6718563936861712,0.8196684657141393,31.32394998024716,965.6653042866601
mars_native_staggered,plasma_response,0.6827094286965301,0.8262623243840482,19.855586583369515,965.8772984562717
mars_native_staggered,plasma_response,0.6929618606845835,0.8324433077901363,-56.29715783053313,965.3240065087307
mars_native_staggered,plasma_response,0.7012668280998784,0.8374167589079397,-158.20346587694456,964.2510906935771
mars_native_staggered,plasma_response,0.7062458680225021,0.8403843573166401,-219.43407504511953,963.5541226843028
mars_native_staggered,plasma_response,0.7087980965156766,0.8419014767273405,-243.7687168400353,963.0840756194774
mars_native_staggered,plasma_response,0.7102098820157374,0.8427395101784046,-251.84026871229347,962.8585977760129
mars_native_staggered,plasma_response,0.7109608615999301,0.8431849510041851,-259.97596420903614,962.700886394282
mars_native_staggered,plasma_response,0.7115003237883734,0.8435047858716471,-264.08520097295866,962.5761626355882
mars_native_staggered,plasma_response,0.7119485082139532,0.8437704120280309,-266.0600989213213,962.4633311258406
mars_native_staggered,plasma_response,0.7123534805881961,0.8440103557351628,-269.658869845054,962.3592800268977
mars_native_staggered,plasma_response,0.7127481037854688,0.8442441020140258,-259.50230506114025,962.2546008352422
mars_native_staggered,plasma_response,0.7131782746787547,0.8444988304780267,-244.67047134299574,962.1427968655426
mars_native_staggered,plasma_response,0.7136988971348923,0.8448070176879997,-241.65580872399474,962.0016003816514
mars_native_staggered,plasma_response,0.7143932400778287,0.845217865451168,-231.6125368926083,961.8152916457321
mars_native_staggered,plasma_response,0.7154654794343134,0.8458519252412406,-215.53816510070357,961.5264531770716
mars_native_staggered,plasma_response,0.7175230868312943,0.8470673449208712,-172.52167223255375,961.0476823492802
mars_native_staggered,plasma_response,0.7218305344011651,0.8496061054401416,-36.69019238655212,960.8334204043398
mars_native_staggered,plasma_response,0.7292636833088664,0.8539693690694452,85.3001348652409,961.603385234474
mars_native_staggered,plasma_response,0.7391452214033555,0.8597355531809509,92.17307732003437,962.5930050840839
mars_native_staggered,plasma_response,0.7501003032831153,0.8660833119758834,75.17731245725446,963.4330081555803
mars_native_staggered,plasma_response,0.7613470835476857,0.8725520520563147,52.323112885279535,964.025302438506
mars_native_staggered,plasma_response,0.7721165505232186,0.8787016277003352,-17.43555570531952,963.8471285283928
mars_native_staggered,plasma_response,0.7811091235065297,0.8838037811112429,-162.65344402812562,962.5839378262793
mars_native_staggered,plasma_response,0.7875268271862947,0.8874270827433062,-312.7487590199212,960.998533219905
mars_native_staggered,plasma_response,0.7911165316330167,0.8894473180762403,-391.5483005075965,960.1723077968119
mars_native_staggered,plasma_response,0.79276085807818,0.8903711911771293,-412.97806622024257,959.6856117166897
mars_native_staggered,plasma_response,0.7937655398429836,0.8909352051877755,-437.61350247825334,959.3220161317477
mars_native_staggered,plasma_response,0.7944337326201591,0.8913101214617498,-622.2136689316308,959.0074712648792
mars_native_staggered,plasma_response,0.794939525318954,0.8915938118442467,-161.5531765107087,958.9257156785237
mars_native_staggered,plasma_response,0.795399985133699,0.8918519973256207,-350.61661420116786,958.7802589691546
mars_native_staggered,plasma_response,0.7958026813251315,0.8920777327818084,-795.5877422232908,958.4695559673139
mars_native_staggered,plasma_response,0.7961933595833324,0.8922966768868594,-428.38671539296195,958.3021322216533
mars_native_staggered,plasma_response,0.7966401397854146,0.8925469958413476,-453.15690301032726,958.0743136820151
mars_native_staggered,plasma_response,0.7971783338926246,0.892848438366011,-327.84173689388655,957.8862467251446
mars_native_staggered,plasma_response,0.7978107911339307,0.8932025476530677,-238.24556095465402,957.7215564264106
mars_native_staggered,plasma_response,0.7986957483193649,0.8936977947378884,-344.7914636089077,957.3496465800647
mars_native_staggered,plasma_response,0.8002318754359248,0.8945568039179652,-321.5169378519701,956.7086695498123
mars_native_staggered,plasma_response,0.8033388854394037,0.8962917412535963,-88.7728283680268,956.3340111671597
mars_native_staggered,plasma_response,0.8091165085838349,0.8995090375220445,187.50707830899512,957.7093435164522
mars_native_staggered,plasma_response,0.8176480037468767,0.9042389085561828,300.12764248557727,960.6290336512027
mars_native_staggered,plasma_response,0.8279483870962185,0.9099166923934402,312.1042044271693,964.0224194904265
mars_native_staggered,plasma_response,0.8383711471066958,0.9156260956890077,337.3988471191731,967.3872694067038
mars_native_staggered,plasma_response,0.8474741595155908,0.9205835972444821,334.88842611696714,970.1444427019748
mars_native_staggered,plasma_response,0.853920906682492,0.9240784093801196,251.67455905648347,971.317342840157
mars_native_staggered,plasma_response,0.8573759034859315,0.9259459506288321,235.74567528573996,971.8476785292729
mars_native_staggered,plasma_response,0.8591383569394297,0.9268971663239832,83.32578069761534,971.9539436889639
mars_native_staggered,plasma_response,0.8601658709213587,0.9274512768449665,149.67673300517566,972.0706511976312
mars_native_staggered,plasma_response,0.8609076742130686,0.9278511056269042,67.15233873827806,972.1179181251465
mars_native_staggered,plasma_response,0.8614747138201585,0.9281566213846446,11.727891497642675,972.1229635003788
mars_native_staggered,plasma_response,0.8619031670750875,0.9283874013982997,-4.42968891158879,972.121073336998
mars_native_staggered,plasma_response,0.8623300433839619,0.9286172749760592,-97.40742848195136,972.0794755722083
mars_native_staggered,plasma_response,0.8627615353738178,0.9288495762898413,105.64993756351443,972.1255320540516
mars_native_staggered,plasma_response,0.8631981443243307,0.9290845732893915,160.05051871703452,972.1955194450727
mars_native_staggered,plasma_response,0.8636356389417827,0.9293199873788268,3.55216024761341,972.1970742473156
mars_native_staggered,plasma_response,0.8641533527616541,0.929598490081419,6.627250681997091,972.2010354977335
mars_native_staggered,plasma_response,0.8648570819534376,0.9299769254951639,259.35776163970297,972.4110470355712
mars_native_staggered,plasma_response,0.8658368642191552,0.9305035541141985,292.65236754034333,972.747546827786
mars_native_staggered,plasma_response,0.8673736418495659,0.9313289654303499,489.06094793318306,973.6883668630314
mars_native_staggered,plasma_response,0.8701897146263103,0.9328395974798188,860.1006899192729,976.8779797180665
mars_native_staggered,plasma_response,0.8760544193731192,0.935977787863109,947.811172571777,984.4803650986721
mars_native_staggered,plasma_response,0.8852049201384783,0.9408532936321572,1476.0685368002155,999.6543644290518
mars_native_staggered,plasma_response,0.8963967593148494,0.9467823188647163,1978.3287104133972,1023.5993990173409
mars_native_staggered,plasma_response,0.9090120273182357,0.9534212223976535,1947.9470341003414,1049.1698419460654
mars_native_staggered,plasma_response,0.922142057280099,0.9602822799990111,2341.2997527566963,1079.9185817419484
mars_native_staggered,plasma_response,0.9350904516035834,0.967000750570331,3072.6408554333634,1119.1365294567222
mars_native_staggered,plasma_response,0.9466699950081958,0.9729696783601203,4194.71873604554,1162.7426879096531
mars_native_staggered,plasma_response,0.9559041922291684,0.9777035298234166,5481.346293066098,1206.9930704213941
mars_native_staggered,plasma_response,0.9616768555124007,0.9806512405092855,6028.98773582942,1227.928263381467
mars_native_staggered,plasma_response,0.9643777116098327,0.982027347689377,5420.046829961432,1238.3851036119258
mars_native_staggered,plasma_response,0.9658823401012826,0.9827931318956612,7744.088719713148,1246.7484664824435
mars_native_staggered,plasma_response,0.9669184403876508,0.9833201108426751,5172.674133395816,1251.8809656763044
mars_native_staggered,plasma_response,0.9676653839393572,0.9836998444339398,-2040.7363482939847,1250.8572223946976
mars_native_staggered,plasma_response,0.9681672363398759,0.9839548954804157,3595.796464481846,1252.662495366611
mars_native_staggered,plasma_response,0.9686695131121799,0.984210096022277,7208.6913462697985,1256.284881590293
mars_native_staggered,plasma_response,0.9691327092732038,0.9844453815591822,953.0980571092032,1256.6888900502834
mars_native_staggered,plasma_response,0.969553483930127,0.9846590698968486,-422.63660158790134,1256.5123718151192
mars_native_staggered,plasma_response,0.9699712860515797,0.9848712027730223,-991.9952709361722,1256.0977727086597
mars_native_staggered,plasma_response,0.970467674597336,0.9851231773729293,2441.571119036045,1257.5012670203944
mars_native_staggered,plasma_response,0.9710498827129755,0.9854186332280183,4873.163345218044,1260.374405085213
mars_native_staggered,plasma_response,0.9717901276003653,0.9857941608674528,3019.1546268077527,1263.0641880419057
mars_native_staggered,plasma_response,0.9728622576603625,0.9863378009892769,3368.3360818665537,1267.2859059646619
mars_native_staggered,plasma_response,0.9745424438624868,0.9871891631609855,1501.6442155686639,1270.4498977757205
mars_native_staggered,plasma_response,0.9778733453236222,0.9888747874850599,1512.7329681537135,1277.3400706681334
mars_native_staggered,plasma_response,0.9843187123660726,0.9921283749425135,1790.3443694351274,1292.26429081521
mars_native_staggered,plasma_response,0.9942433435434939,0.9971175174188316,nan,nan
neo_rt_boozer_collocated,total,0.0003864619665457989,0.01965863592790199,-1331.286886737726,0.0
neo_rt_boozer_collocated,total,0.0006870164346594247,0.026210998352970548,-523.9095129393545,-0.27879378357562923
neo_rt_boozer_collocated,total,0.0010733980386975206,0.03276275383263014,-157.48860095524796,-0.410433631693194
neo_rt_boozer_collocated,total,0.0015455947684413502,0.039314053065555965,67.64601603229364,-0.4316453190893697
neo_rt_boozer_collocated,total,0.002103595899582695,0.045864974649319226,205.969666763863,-0.3553063888402363
neo_rt_boozer_collocated,total,0.002747400299743042,0.0524156493782443,218.6700721454597,-0.21861392264385485
neo_rt_boozer_collocated,total,0.0034770757855094943,0.058966734567122626,204.32819600756216,-0.06428818924739274
neo_rt_boozer_collocated,total,0.0042927087149518435,0.06551876612812427,320.61346515707817,0.1497916631936316
neo_rt_boozer_collocated,total,0.005194413333782453,0.07207227853885607,361.7609650933093,0.4574417509579717
neo_rt_boozer_collocated,total,0.006182324233385497,0.0786277573976614,351.1908602128373,0.8096081905138854
neo_rt_boozer_collocated,total,0.0072565635800214,0.0851854657792126,364.85537915152,1.1942107126818169
neo_rt_boozer_collocated,total,0.00841725324054319,0.0917455897607247,354.3147057831281,1.6115773535519289
neo_rt_boozer_collocated,total,0.009664506269285944,0.09830822076147011,341.12933756992066,2.045274698248527
neo_rt_boozer_collocated,total,0.010998394966203287,0.10487323283947762,329.32235771797224,2.4924286673353224
neo_rt_boozer_collocated,total,0.012419072582074258,0.11144089277313897,314.9292548831787,2.9500655898409383
neo_rt_boozer_collocated,total,0.01392669054584782,0.11801140006731477,308.77559328287896,3.4202199064348435
neo_rt_boozer_collocated,total,0.015521405547768636,0.12458493306884519,283.0240127854789,3.8920957613988634
neo_rt_boozer_collocated,total,0.0172033857191583,0.13116167778416948,250.9972093351436,4.341202314752945
neo_rt_boozer_collocated,total,0.0189727021847418,0.13774143234605118,220.92609436983616,4.758693150621836
neo_rt_boozer_collocated,total,0.020829572710734538,0.14432453953065133,171.80711987450024,5.123320515676186
neo_rt_boozer_collocated,total,0.022774196115819472,0.15091121931725113,117.67903826661535,5.404791294960852
neo_rt_boozer_collocated,total,0.02480671847745201,0.15750148722298468,83.17355591765843,5.608909989496572
neo_rt_boozer_collocated,total,0.026927227780715608,0.16409517902947549,61.45965202474317,5.762258020997933
neo_rt_boozer_collocated,total,0.02913574724234042,0.17069196595721903,48.40209022537315,5.883573918921629
neo_rt_boozer_collocated,total,0.03143239652818393,0.17729183999322679,49.69330976868346,5.996219284092071
neo_rt_boozer_collocated,total,0.03381726723966916,0.18389471781339767,59.14099211494536,6.125997153575675
neo_rt_boozer_collocated,total,0.036290384299235645,0.19050035249110603,67.33977823326666,6.282398029003312
neo_rt_boozer_collocated,total,0.03885180195414484,0.19710860446501274,67.5964314628213,6.455212023904357
neo_rt_boozer_collocated,total,0.04150158555289751,0.2037193794239947,66.2902791068868,6.632597428783637
neo_rt_boozer_collocated,total,0.04423978261118174,0.21033255242872356,65.26227275628189,6.812705834044393
neo_rt_boozer_collocated,total,0.04706645771619468,0.2169480530361927,63.68129973357685,6.99494662719865
neo_rt_boozer_collocated,total,0.04998165788281512,0.223565779766974,71.820954975941,7.192454724951966
neo_rt_boozer_collocated,total,0.05298546256304724,0.23018571320359402,76.58265084228289,7.415342447812018
neo_rt_boozer_collocated,total,0.05607800422442588,0.23680794797562407,72.7494498975341,7.646250319271556
neo_rt_boozer_collocated,total,0.05925928910152643,0.24343230907487698,61.402550894221854,7.859638184947353
neo_rt_boozer_collocated,total,0.06252956210545951,0.2500591172212273,47.30729963004674,8.03739362966291
neo_rt_boozer_collocated,total,0.06588902229588271,0.25668857063742184,31.326604456294984,8.16947736486072
neo_rt_boozer_collocated,total,0.06933783681508719,0.26332078690275706,11.21866801041073,8.242842741564063
neo_rt_boozer_collocated,total,0.0728761410254767,0.26995581309813776,-8.034899273811009,8.248475312726871
neo_rt_boozer_collocated,total,0.07650401932404576,0.27659359957172863,-25.664046481134786,8.18734747573236
neo_rt_boozer_collocated,total,0.08022157781192936,0.28323413955935706,-38.411659725123236,8.068244882995254
neo_rt_boozer_collocated,total,0.0840288968205672,0.2898773823887735,-46.10671517911166,7.9073506753192175
neo_rt_boozer_collocated,total,0.08792603726000324,0.2965232491053665,-56.15105638165334,7.708094226921183
neo_rt_boozer_collocated,total,0.09191309235566952,0.30317172090363165,-64.09400431337666,7.468382385934773
neo_rt_boozer_collocated,total,0.09599000033775607,0.30982253039079655,-68.7742156613958,7.197536632644383
neo_rt_boozer_collocated,total,0.10015662617915198,0.3164753168560733,-74.22265732930425,6.899629399523452
neo_rt_boozer_collocated,total,0.10441333418471553,0.32313052190208763,-80.71324396740528,6.569870953823998
neo_rt_boozer_collocated,total,0.1087602020175796,0.32978811685319953,-87.28844600304029,6.204730382824332
neo_rt_boozer_collocated,total,0.11319730663948761,0.3364480742098067,-92.28404701674042,5.806339413451526
neo_rt_boozer_collocated,total,0.11772471458311304,0.3431103533604211,-95.17122421949107,5.381996171416839
neo_rt_boozer_collocated,total,0.12234179519920114,0.3497739201244157,-59.357916934421546,5.025259420295603
neo_rt_boozer_collocated,total,0.12704905220651588,0.3564394088853194,-66.16902217074426,4.729815638440821
neo_rt_boozer_collocated,total,0.13184690732620769,0.3631072945097739,-75.41296903951347,4.390170697748674
neo_rt_boozer_collocated,total,0.13673596546824132,0.3697782652729083,-46.44902824883899,4.092275502725124
neo_rt_boozer_collocated,total,0.14171650447194542,0.37645252618616526,-95.84274301451809,3.7379306443834777
neo_rt_boozer_collocated,total,0.14678852599347908,0.38312990746413816,-104.33674579405876,3.2302733066801235
neo_rt_boozer_collocated,total,0.15195011179042323,0.389807788262912,-59.80174686558007,2.8066658504582174
neo_rt_boozer_collocated,total,0.15720282979996672,0.3964881206290634,-43.581555310658736,2.535144183844614
neo_rt_boozer_collocated,total,0.1625468506127396,0.4031709942601769,-16.204125722604154,2.3753962219708353
neo_rt_boozer_collocated,total,0.16798247131161337,0.40985664727025395,5.287885042329397,2.345727950073041
neo_rt_boozer_collocated,total,0.17351002423767498,0.416545344755736,10.516680659313193,2.3894082367676646
neo_rt_boozer_collocated,total,0.17912980593208874,0.42323729270007476,8.59386758157272,2.4431067913548357
neo_rt_boozer_collocated,total,0.18484124893355594,0.4299316793788938,14.256776080306388,2.5083618657656657
neo_rt_boozer_collocated,total,0.1906435999439426,0.43662752998859633,25.359974201369678,2.623297011278225
neo_rt_boozer_collocated,total,0.19653894116821566,0.4433271265873719,37.133803998262415,2.8075080847186595
neo_rt_boozer_collocated,total,0.2025276381192934,0.45003070797368194,45.02837805430815,3.053530289294721
neo_rt_boozer_collocated,total,0.20861015970515095,0.45673861201473975,47.01592269181814,3.33346101236646
neo_rt_boozer_collocated,total,0.21478699225120562,0.4634511756929802,34.064908919896475,3.5838723721466685
neo_rt_boozer_collocated,total,0.22105868785107977,0.470168786555509,3.3895710923665447,3.7013239208909106
neo_rt_boozer_collocated,total,0.22742576480058438,0.4768917747252351,-59.15543583092039,3.5237911449178916
neo_rt_boozer_collocated,total,0.23388902073008344,0.48362074059130616,-139.443120888146,2.8819944952656606
neo_rt_boozer_collocated,total,0.2404486273705157,0.49035561317325177,-206.0793920781265,1.7487486100294594
neo_rt_boozer_collocated,total,0.24710411945181507,0.4970956844027265,-256.2284537063937,0.21030550665873737
neo_rt_boozer_collocated,total,0.2538557426019184,0.5038409894023296,-263.7063694394836,-1.544896487589556
neo_rt_boozer_collocated,total,0.2607028176316855,0.5105906556447009,-222.81358958685624,-3.210515819055841
neo_rt_boozer_collocated,total,0.2676442059552339,0.5173434120149148,-176.21548610768158,-4.595423702447029
neo_rt_boozer_collocated,total,0.27467798979204894,0.5240973094684316,-114.96798836401916,-5.619484510590373
neo_rt_boozer_collocated,total,0.2818010423226586,0.5308493593503326,-68.43961659739742,-6.272695512917113
neo_rt_boozer_collocated,total,0.2890082891152869,0.5375949117274892,-48.24826775631138,-6.693194703040538
neo_rt_boozer_collocated,total,0.29629072097857284,0.5443259326713847,-1.6881041809156745,-6.875023816106817
neo_rt_boozer_collocated,total,0.30363068519095227,0.5510269369014116,79.29718940654011,-6.590199862051024
neo_rt_boozer_collocated,total,0.31099028582264837,0.5576650301235038,287.4941151996001,-5.24048110351103
neo_rt_boozer_collocated,total,0.3182754370659802,0.5641590529859289,782.0186715674117,-1.3446998993735289
neo_rt_boozer_collocated,total,0.3252155562679019,0.5702767365655922,1036.5124633480161,4.965711524985954
neo_rt_boozer_collocated,total,0.33100678814997553,0.5753318939099201,181.2881561318743,8.491994411756442
neo_rt_boozer_collocated,total,0.33410768925440515,0.5780204920713496,-901.9962070698451,7.3745722161940055
neo_rt_boozer_collocated,total,0.3353646279442493,0.5791067500420362,-1245.1498234973699,6.025156756911376
neo_rt_boozer_collocated,total,0.3359538770478608,0.5796152836562031,-1405.1889969099357,5.244301869815538
neo_rt_boozer_collocated,total,0.3363570523532288,0.5799629749848079,-1660.353097330653,4.62632643483352
neo_rt_boozer_collocated,total,0.33669416698071575,0.5802535368101738,-1694.6276223421373,4.060819897064369
neo_rt_boozer_collocated,total,0.3370307496287049,0.5805434950360782,-1627.473877452553,3.5017390372195796
neo_rt_boozer_collocated,total,0.3374125728440744,0.5808722517422178,-1706.612764553224,2.8652231962340013
neo_rt_boozer_collocated,total,0.33803713511106515,0.5814096104392025,-1753.5662828955549,1.7846745611997359
neo_rt_boozer_collocated,total,0.33921557888919546,0.5824221655201625,-1693.696733160854,-0.24652826522546745
neo_rt_boozer_collocated,total,0.3423569455740396,0.5851127631269375,-1032.7477010892142,-4.528909122141442
neo_rt_boozer_collocated,total,0.34808341319378705,0.5899859432171135,593.1930791735446,-5.787456776896646
neo_rt_boozer_collocated,total,0.3552642720955083,0.5960404953486871,1460.8223810135132,1.5873408238820206
neo_rt_boozer_collocated,total,0.36305793610632675,0.6025428915075894,1256.6093172654937,12.176715638249178
neo_rt_boozer_collocated,total,0.3711537568180135,0.6092238971166622,836.9112078818698,20.651099052163843
neo_rt_boozer_collocated,total,0.3794450730561415,0.6159911306635361,582.0980545218943,26.533826321875033
neo_rt_boozer_collocated,total,0.3878888906188352,0.622807266029255,421.6820688632112,30.77169443933603
neo_rt_boozer_collocated,total,0.3964644576444929,0.6296542365810722,328.908651849436,33.990064956490045
neo_rt_boozer_collocated,total,0.40515971372085685,0.6365215736492023,295.3080255205199,36.703926884924456
neo_rt_boozer_collocated,total,0.4139659109616991,0.6434018269803864,290.7720908113859,39.28449543660172
neo_rt_boozer_collocated,total,0.4228745470354246,0.6502880492792594,319.49116896555205,42.00280208186079
neo_rt_boozer_collocated,total,0.4318749451705691,0.6571719296885474,358.3743509446455,45.05333186250005
neo_rt_boozer_collocated,total,0.4409509104760028,0.6640413469626744,409.22733063058826,48.536694977684746
neo_rt_boozer_collocated,total,0.4500747707497486,0.6708761217614982,460.7383484025466,52.5054176269111
neo_rt_boozer_collocated,total,0.45914919120429176,0.677605483452054,556.1542879624914,57.11927329666371
neo_rt_boozer_collocated,total,0.46800738264545017,0.6841106508785331,926.5115585419902,63.68614225246564
neo_rt_boozer_collocated,total,0.4761271354652817,0.6900196631004668,1490.4582654890507,73.4987410245275
neo_rt_boozer_collocated,total,0.48238523426878677,0.6945395843785916,1179.9804165931598,81.8546755851137
neo_rt_boozer_collocated,total,0.48540723328466456,0.6967117289702137,344.098463949804,84.15755802367418
neo_rt_boozer_collocated,total,0.48675820968245603,0.6976805928807652,-144.79242991339663,84.2921868976345
neo_rt_boozer_collocated,total,0.4874476629859504,0.6981745218682435,-383.33997384263347,84.11012558240849
neo_rt_boozer_collocated,total,0.48792283115845897,0.6985147322415318,860.2917747183313,84.22344174020688
neo_rt_boozer_collocated,total,0.48831252526898183,0.6987936213711327,-800.0201383272847,84.23518549107347
neo_rt_boozer_collocated,total,0.4886683669111045,0.6990481864014129,-2902.404549369399,83.57644705072074
neo_rt_boozer_collocated,total,0.4890576157191495,0.6993265444119432,-22.31427492712527,83.0072253926086
neo_rt_boozer_collocated,total,0.48953550841490434,0.6996681416320915,1511.2226971074094,83.3629946224125
neo_rt_boozer_collocated,total,0.49028497380660263,0.7002035231320981,-793.6113976281481,83.63190703923817
neo_rt_boozer_collocated,total,0.49167488974308693,0.7011953292365023,-513.6016438828339,82.72344891985006
neo_rt_boozer_collocated,total,0.49486089797572397,0.7034635015235147,667.256583442268,82.9682218710609
neo_rt_boozer_collocated,total,0.5012161269753587,0.70796619055952,1979.262391341828,91.3778389393766
neo_rt_boozer_collocated,total,0.5096408428434245,0.7138913382605399,2311.5851708437053,109.45242471167458
neo_rt_boozer_collocated,total,0.518980286088116,0.7204028637423063,1942.3025145662523,129.31689601526375
neo_rt_boozer_collocated,total,0.5287679326440193,0.7271643092479301,1649.3133095834783,146.89362914094733
neo_rt_boozer_collocated,total,0.538814457516978,0.7340398201167141,1488.2277159568046,162.65432111745665
neo_rt_boozer_collocated,total,0.5490357400407467,0.7409694595870647,1419.0024058483784,177.51213133574734
neo_rt_boozer_collocated,total,0.5593387892459778,0.7478895568504602,1468.4210094548162,192.38676409784992
neo_rt_boozer_collocated,total,0.5696597353771594,0.7547580641352296,1558.7673625913092,208.00848815626364
neo_rt_boozer_collocated,total,0.5798744689327439,0.761494890943297,1668.9308081964825,224.49352656248593
neo_rt_boozer_collocated,total,0.5896898426477407,0.7679126530066689,1877.7285603075209,241.8994201333167
neo_rt_boozer_collocated,total,0.598444932853079,0.77359222646888,2159.767997233136,259.5737434158223
neo_rt_boozer_collocated,total,0.6045457764011423,0.7775254184919888,1997.3311280701828,272.25464910445544
neo_rt_boozer_collocated,total,0.607264603541583,0.7792718418764937,1387.900209838813,276.8565785235441
neo_rt_boozer_collocated,total,0.6085837140221827,0.7801177565099917,1066.5194958111886,278.4754039023008
neo_rt_boozer_collocated,total,0.6094466311998917,0.78067062913875,1196.3166133610869,279.45172397677334
neo_rt_boozer_collocated,total,0.6099715902434248,0.7810067798959397,2847.649400302636,280.51318224208
neo_rt_boozer_collocated,total,0.6103921186009112,0.7812759554734238,1347.8550951011714,281.3953465492195
neo_rt_boozer_collocated,total,0.6107731001732044,0.781519737545511,-1142.8996108837616,281.4343886805331
neo_rt_boozer_collocated,total,0.6111626523151006,0.7817689251403516,594.8686204735412,281.3276453574632
neo_rt_boozer_collocated,total,0.6115920086074463,0.7820434825554435,1466.3498145945653,281.770143909961
neo_rt_boozer_collocated,total,0.6121561490768876,0.7824040829883799,653.6752416664943,282.36813987519423
neo_rt_boozer_collocated,total,0.6129891397191055,0.7829362296631224,1353.9691073090144,283.2043143529933
neo_rt_boozer_collocated,total,0.6145534725689341,0.7839346098807821,1263.7396053013197,285.25179821820274
neo_rt_boozer_collocated,total,0.6180525909340668,0.7861632088402934,2145.0246333319988,291.2156329931075
neo_rt_boozer_collocated,total,0.6248653470479151,0.7904842484502238,3274.2094454805324,309.67559304450987
neo_rt_boozer_collocated,total,0.6339862580126657,0.7962325401618963,3544.929936838426,340.77397462568786
neo_rt_boozer_collocated,total,0.6443209720651727,0.8026960645631525,3356.13792515429,376.434256131008
neo_rt_boozer_collocated,total,0.6552433383598982,0.809471023792636,3237.0103964257055,412.4406466328838
neo_rt_boozer_collocated,total,0.6663417597530473,0.8162975926419527,3203.8273268637217,448.1822122218623
neo_rt_boozer_collocated,total,0.6773710276192951,0.8230255327869818,3988.0277650419234,487.8426603537951
neo_rt_boozer_collocated,total,0.688047829773765,0.829486485588382,1589.3460711351443,517.6169188489847
neo_rt_boozer_collocated,total,0.6978758915954021,0.8353896645251258,-4378.611475935285,503.91038243132004
neo_rt_boozer_collocated,total,0.7046577646043548,0.8394389582360082,6425.006414551561,510.8495777312496
neo_rt_boozer_collocated,total,0.7078339714406493,0.8413286940552125,59958.03208481471,616.2727080790935
neo_rt_boozer_collocated,total,0.709762221590704,0.8424738699750302,10556.030169865659,684.2570836408709
neo_rt_boozer_collocated,total,0.710657542440771,0.8430050666756226,-426.4269635894262,688.7917061176129
neo_rt_boozer_collocated,total,0.7112641807590891,0.8433647969645692,9442.41655348996,691.5264284990087
neo_rt_boozer_collocated,total,0.7117364668176576,0.8436447515498793,14378.536805024482,697.1515805855262
neo_rt_boozer_collocated,total,0.7121605496102487,0.843896053794689,20651.87338360027,704.579477674728
neo_rt_boozer_collocated,total,0.7125464115661436,0.8441246421981434,4847.424096740256,709.4990820745838
neo_rt_boozer_collocated,total,0.7129497960047939,0.844363544928838,9809.406702698181,712.4552508067957
neo_rt_boozer_collocated,total,0.7134067533527156,0.844634094358448,9898.079363163091,716.9579910902258
neo_rt_boozer_collocated,total,0.7139910409170689,0.8449799056291628,46908.06790462776,733.5535538039205
neo_rt_boozer_collocated,total,0.7147954392385885,0.845455758297611,47593.607891613705,771.5620484995623
neo_rt_boozer_collocated,total,0.7161355196300384,0.8462479067212151,76987.98915143462,855.0367261660163
neo_rt_boozer_collocated,total,0.7189106540325502,0.8478859911760249,-181207.10571690937,710.4256982759002
neo_rt_boozer_collocated,total,0.7247504147697801,0.8513227441868214,-13542.391543083288,141.7804644288151
neo_rt_boozer_collocated,total,0.7337769518479527,0.8566078168263191,-38194.41744636435,-91.72164789597568
neo_rt_boozer_collocated,total,0.7445134909587583,0.8628519519354165,-20675.948891612657,-407.75364322354847
neo_rt_boozer_collocated,total,0.7556871156074723,0.8693026605316886,-8624.844271540836,-571.4516755808893
neo_rt_boozer_collocated,total,0.7670070514878989,0.8757893876314664,-583.2179413537107,-623.5690124973623
neo_rt_boozer_collocated,total,0.7772260495585382,0.8816042476976493,1879.3985924840692,-616.9461787108118
neo_rt_boozer_collocated,total,0.7849921974545211,0.8859978540913748,-30761.000275778442,-729.0955737834773
neo_rt_boozer_collocated,total,0.7900614569180684,0.8888540132766845,-25066.22169009807,-870.5969104205151
neo_rt_boozer_collocated,total,0.7921716063479649,0.8900402273762489,-94199.25111471728,-996.4308951432247
neo_rt_boozer_collocated,total,0.7933501098083949,0.8907020319997002,-2320.638327244604,-1053.3054069970624
neo_rt_boozer_collocated,total,0.7941809698775723,0.8911683173663504,-17760.29761098881,-1061.6476309084553
neo_rt_boozer_collocated,total,0.794686495362746,0.8914519030002381,-21156.27604442727,-1071.4842907976833
neo_rt_boozer_collocated,total,0.7951925552751617,0.8917356981051963,-61724.03696886509,-1092.4554927699296
neo_rt_boozer_collocated,total,0.7956074149922363,0.8919682813823798,1563019.9051274695,-781.0419032151904
neo_rt_boozer_collocated,total,0.7959979476580268,0.8921871707539998,188214.536894529,-439.08477568171526
neo_rt_boozer_collocated,total,0.7963887715086381,0.8924061695823478,100480.79852426681,-382.67026436076964
neo_rt_boozer_collocated,total,0.7968915080621912,0.8926877998842547,93825.92550794694,-333.8277179746904
neo_rt_boozer_collocated,total,0.7974651597230579,0.8930090479513956,414814.005739674,-187.93664730304283
neo_rt_boozer_collocated,total,0.7981564225448036,0.8933960054448439,-121454.14276279772,-86.54226396887952
neo_rt_boozer_collocated,total,0.799235074093926,0.8939994821552897,-60395.01946833448,-184.6182042424953
neo_rt_boozer_collocated,total,0.8012286767779236,0.8951137786772828,-55834.90052026291,-300.47634446754347
neo_rt_boozer_collocated,total,0.8054490941008836,0.8974681577086084,-49715.15937673935,-523.2089950819288
neo_rt_boozer_collocated,total,0.8127839230667862,0.9015452972905944,-51621.05629981537,-894.8509001015991
neo_rt_boozer_collocated,total,0.8225120844269674,0.9069245196966325,16941.620762927152,-1063.534472493026
neo_rt_boozer_collocated,total,0.8333846897654696,0.9128990578182615,61666.00787953387,-636.1996110805156
neo_rt_boozer_collocated,total,0.843357604447922,0.9183450356200125,-237623.90008073722,-1513.606134393887
neo_rt_boozer_collocated,total,0.8515907145832597,0.9228167285995956,4955.8593765485575,-2471.396936439307
neo_rt_boozer_collocated,total,0.8562510987817241,0.9253383698851594,-652684.4792073906,-3980.7290488157037
neo_rt_boozer_collocated,total,0.8585007081901389,0.9265531329557625,-17860.642302379252,-4734.961355873211
neo_rt_boozer_collocated,total,0.8597760056887205,0.9272410720458409,21049.265471383587,-4732.9281342975355
neo_rt_boozer_collocated,total,0.8605557361539968,0.9276614340124294,32956.79297138109,-4711.873049758876
neo_rt_boozer_collocated,total,0.8612596122721404,0.9280407384765716,81036.86342655095,-4671.75434357969
neo_rt_boozer_collocated,total,0.8616898153681766,0.9282724898262237,108015.71378518053,-4631.0888415646405
neo_rt_boozer_collocated,total,0.8621165187819985,0.9285022987489038,127298.36237381316,-4580.884181755947
neo_rt_boozer_collocated,total,0.8625435679859254,0.9287322369692598,125572.66059840647,-4526.889997227715
neo_rt_boozer_collocated,total,0.8629795027617102,0.9289669007891025,132918.65434509458,-4470.547320516602
neo_rt_boozer_collocated,total,0.8634167858869513,0.9292022308878467,212251.51766778668,-4395.07877473771
neo_rt_boozer_collocated,total,0.8638544919966143,0.9294377289504737,260143.5138384703,-4291.6936790053205
neo_rt_boozer_collocated,total,0.8644522135266938,0.929759223415769,298296.5507534929,-4124.797854072542
neo_rt_boozer_collocated,total,0.8652619503801813,0.9301945766237197,281316.2913414396,-3890.13091457309
neo_rt_boozer_collocated,total,0.8664117780581291,0.9308124290414955,982664.2425247706,-3163.4510134597867
neo_rt_boozer_collocated,total,0.8683355056410028,0.9318452154950428,49283.771507017394,-2170.857584117425
neo_rt_boozer_collocated,total,0.8720439236116179,0.9338329206081878,-2206047.358692872,-6169.948006661529
neo_rt_boozer_collocated,total,0.8800649151346207,0.9381177512096339,444907.82632382424,-13232.990636640188
neo_rt_boozer_collocated,total,0.8903449251423359,0.9435809054566205,2204351.4132930646,384.21511150655715
neo_rt_boozer_collocated,total,0.9024485934873631,0.9499729435554273,-2791941.8722060886,-3171.784907186226
neo_rt_boozer_collocated,total,0.9155754611491084,0.9568570745670998,-25103318.569943648,-186260.48101419554
neo_rt_boozer_collocated,total,0.9287086534110897,0.9636953115020793,507273.8113461295,-347772.7733636747
neo_rt_boozer_collocated,total,0.941472249796077,0.9702949292849453,8976183.431772856,-287251.26307094685
neo_rt_boozer_collocated,total,0.9518677402203145,0.9756370945286544,2613731.0491699832,-227009.84056876053
neo_rt_boozer_collocated,total,0.9599406442380223,0.9797656067846137,-455124.5564516163,-218296.72905490245
neo_rt_boozer_collocated,total,0.9634130667867792,0.9815360751326357,-1678169.2317153488,-222000.57778147946
neo_rt_boozer_collocated,total,0.965342356432886,0.9825183746031857,-643465.6181780924,-224240.13082044956
neo_rt_boozer_collocated,total,0.9664223237696791,0.9830678123963164,-2012527.3142976603,-225674.32362736308
neo_rt_boozer_collocated,total,0.9674145570056226,0.9835723445713704,-1658586.4139047805,-227495.6241543886
neo_rt_boozer_collocated,total,0.9679162108730919,0.983827327773066,-414374356.36251634,-331847.8915235918
neo_rt_boozer_collocated,total,0.9684182618066598,0.9840824466510211,321980.3839902622,-435785.58247660927
neo_rt_boozer_collocated,total,0.9689207644176998,0.9843377288399037,346571.0316740176,-435617.60806061636
neo_rt_boozer_collocated,total,0.9693446541287077,0.9845530225075274,5730667.188097314,-434329.56868426374
neo_rt_boozer_collocated,total,0.9697623137315462,0.9847651058661381,-212870.27373416632,-433177.28825036564
neo_rt_boozer_collocated,total,0.9701802583716131,0.9849772882516699,-1419184.8692142365,-433518.34260001016
neo_rt_boozer_collocated,total,0.9707550908230589,0.9852690448923375,-1794941.6085237293,-434442.13470123755
neo_rt_boozer_collocated,total,0.9713446746028922,0.9855681988593646,-1222311.411444286,-435331.59642135067
neo_rt_boozer_collocated,total,0.9722355805978384,0.986020071092794,-3191757.0277306507,-437297.85643863265
neo_rt_boozer_collocated,total,0.9734889347228867,0.9866554285680927,-228545.53773529243,-439441.2816033026
neo_rt_boozer_collocated,total,0.975595953002087,0.9877226093403385,14460973.372884134,-424447.2888002734
neo_rt_boozer_collocated,total,0.9801507376451575,0.9900256247416819,-2238571.8195023746,-396612.08535188145
neo_rt_boozer_collocated,total,0.9884866870869876,0.9942266779195716,-42662486.88014113,-583758.5629543192
neo_rt_boozer_collocated,vacuum,0.0003864619665457989,0.01965863592790199,-22.382643429232772,0.0
neo_rt_boozer_collocated,vacuum,0.0006870164346594247,0.026210998352970548,-8.36619694525776,-0.004620850681932892
neo_rt_boozer_collocated,vacuum,0.0010733980386975206,0.03276275383263014,-2.7968272039596656,-0.006777444270278207
neo_rt_boozer_collocated,vacuum,0.0015455947684413502,0.039314053065555965,-1.1440502679797335,-0.007707878997563664
neo_rt_boozer_collocated,vacuum,0.002103595899582695,0.045864974649319226,-1.9284290427324977,-0.008565102462956567
neo_rt_boozer_collocated,vacuum,0.002747400299743042,0.0524156493782443,1.1840644106192457,-0.008804715075695692
neo_rt_boozer_collocated,vacuum,0.0034770757855094943,0.058966734567122626,5.379074889364175,-0.006410234147261544
neo_rt_boozer_collocated,vacuum,0.0042927087149518435,0.06551876612812427,0.3744050952510818,-0.004063870280091712
neo_rt_boozer_collocated,vacuum,0.005194413333782453,0.07207227853885607,-0.0006304521783213584,-0.0038953531190614767
neo_rt_boozer_collocated,vacuum,0.006182324233385497,0.0786277573976614,2.156869305476796,-0.002830267186400911
neo_rt_boozer_collocated,vacuum,0.0072565635800214,0.0851854657792126,-3.1593552085810193,-0.003368722087182103
neo_rt_boozer_collocated,vacuum,0.00841725324054319,0.0917455897607247,-3.087571179612153,-0.006994093521590377
neo_rt_boozer_collocated,vacuum,0.009664506269285944,0.09830822076147011,-1.5827209672409275,-0.009906611534228376
neo_rt_boozer_collocated,vacuum,0.010998394966203287,0.10487323283947762,-2.2638685962252767,-0.01247207270442227
neo_rt_boozer_collocated,vacuum,0.012419072582074258,0.11144089277313897,-2.5022499135322405,-0.015857631645122675
neo_rt_boozer_collocated,vacuum,0.01392669054584782,0.11801140006731477,-4.927498059573912,-0.021458242400405197
neo_rt_boozer_collocated,vacuum,0.015521405547768636,0.12458493306884519,-5.253649675124942,-0.029576256915053396
neo_rt_boozer_collocated,vacuum,0.0172033857191583,0.13116167778416948,-3.8367853669281593,-0.03722122266007294
neo_rt_boozer_collocated,vacuum,0.0189727021847418,0.13774143234605118,-5.776594058716076,-0.04572577791391993
neo_rt_boozer_collocated,vacuum,0.020829572710734538,0.14432453953065133,-5.04778154052994,-0.05577550992017739
neo_rt_boozer_collocated,vacuum,0.022774196115819472,0.15091121931725113,0.03147720183044591,-0.06065292133220945
neo_rt_boozer_collocated,vacuum,0.02480671847745201,0.15750148722298468,0.7677527008140133,-0.059840695007604326
neo_rt_boozer_collocated,vacuum,0.026927227780715608,0.16409517902947549,0.7425467634776322,-0.0582393929752321
neo_rt_boozer_collocated,vacuum,0.02913574724234042,0.17069196595721903,1.1652070733371782,-0.05613273723693464
neo_rt_boozer_collocated,vacuum,0.03143239652818393,0.17729183999322679,-0.4684324971916858,-0.05533261382058541
neo_rt_boozer_collocated,vacuum,0.03381726723966916,0.18389471781339767,-3.396435633554862,-0.05994121922497046
neo_rt_boozer_collocated,vacuum,0.036290384299235645,0.19050035249110603,-2.770356977116125,-0.06756681922909995
neo_rt_boozer_collocated,vacuum,0.03885180195414484,0.19710860446501274,-1.511463606129717,-0.0730505846476397
neo_rt_boozer_collocated,vacuum,0.04150158555289751,0.2037193794239947,1.038418970866862,-0.07367731760563842
neo_rt_boozer_collocated,vacuum,0.04423978261118174,0.21033255242872356,2.8542463254746155,-0.06834787527397475
neo_rt_boozer_collocated,vacuum,0.04706645771619468,0.2169480530361927,2.7838854791667256,-0.06037929186849408
neo_rt_boozer_collocated,vacuum,0.04998165788281512,0.223565779766974,0.365978051505665,-0.05578805052377018
neo_rt_boozer_collocated,vacuum,0.05298546256304724,0.23018571320359402,0.6116296386651011,-0.05431977924618725
neo_rt_boozer_collocated,vacuum,0.05607800422442588,0.23680794797562407,-1.0924782385751253,-0.05506330141020592
neo_rt_boozer_collocated,vacuum,0.05925928910152643,0.24343230907487698,-2.230299018603882,-0.06034865192932453
neo_rt_boozer_collocated,vacuum,0.06252956210545951,0.2500591172212273,-2.5834131918321273,-0.06821972847457049
neo_rt_boozer_collocated,vacuum,0.06588902229588271,0.25668857063742184,-4.904668632269549,-0.08079768486992105
neo_rt_boozer_collocated,vacuum,0.06933783681508719,0.26332078690275706,-4.912619580427557,-0.09772668793350343
neo_rt_boozer_collocated,vacuum,0.0728761410254767,0.26995581309813776,-4.131453290275522,-0.11372702849224253
neo_rt_boozer_collocated,vacuum,0.07650401932404576,0.27659359957172863,-3.473692507328966,-0.12752230019053404
neo_rt_boozer_collocated,vacuum,0.08022157781192936,0.28323413955935706,-2.178126989025908,-0.1380277849608641
neo_rt_boozer_collocated,vacuum,0.0840288968205672,0.2898773823887735,-3.338214382532691,-0.1485290206418993
neo_rt_boozer_collocated,vacuum,0.08792603726000324,0.2965232491053665,-5.1649098002293945,-0.16509795519899362
neo_rt_boozer_collocated,vacuum,0.09191309235566952,0.30317172090363165,-5.304207747916339,-0.18596842943272548
neo_rt_boozer_collocated,vacuum,0.09599000033775607,0.30982253039079655,-4.951233197612765,-0.20687367395804787
neo_rt_boozer_collocated,vacuum,0.10015662617915198,0.3164753168560733,-3.69101826257022,-0.2248781880889679
neo_rt_boozer_collocated,vacuum,0.10441333418471553,0.32313052190208763,-3.663297243004731,-0.24053077493297842
neo_rt_boozer_collocated,vacuum,0.1087602020175796,0.32978811685319953,-2.9372327380077596,-0.25487659066013746
neo_rt_boozer_collocated,vacuum,0.11319730663948761,0.3364480742098067,-2.5934806762521188,-0.26714676768656803
neo_rt_boozer_collocated,vacuum,0.11772471458311304,0.3431103533604211,-3.3129625521414887,-0.28051720668196894
neo_rt_boozer_collocated,vacuum,0.12234179519920114,0.3497739201244157,-3.7541497680463234,-0.29683192033459727
neo_rt_boozer_collocated,vacuum,0.12704905220651588,0.3564394088853194,-2.841834274843217,-0.31235641638761125
neo_rt_boozer_collocated,vacuum,0.13184690732620769,0.3631072945097739,-1.196289230583278,-0.3220435821548404
neo_rt_boozer_collocated,vacuum,0.13673596546824132,0.3697782652729083,-0.35049996183807436,-0.32582475330244903
neo_rt_boozer_collocated,vacuum,0.14171650447194542,0.37645252618616526,-1.4466615764395303,-0.33030016987112326
neo_rt_boozer_collocated,vacuum,0.14678852599347908,0.38312990746413816,-0.5960724402551382,-0.3354805653188454
neo_rt_boozer_collocated,vacuum,0.15195011179042323,0.389807788262912,-1.2554301881372527,-0.34025891015370285
neo_rt_boozer_collocated,vacuum,0.15720282979996672,0.3964881206290634,-2.6905213772368946,-0.3506223955798164
neo_rt_boozer_collocated,vacuum,0.1625468506127396,0.4031709942601769,-1.6613939008998109,-0.3622507584907098
neo_rt_boozer_collocated,vacuum,0.16798247131161337,0.40985664727025395,-1.1086304655779184,-0.3697791593821153
neo_rt_boozer_collocated,vacuum,0.17351002423767498,0.416545344755736,-1.496196722908529,-0.37697831945591687
neo_rt_boozer_collocated,vacuum,0.17912980593208874,0.42323729270007476,-2.187703950142932,-0.38732967823914344
neo_rt_boozer_collocated,vacuum,0.18484124893355594,0.4299316793788938,-3.068445959245118,-0.40233977854646186
neo_rt_boozer_collocated,vacuum,0.1906435999439426,0.43662752998859633,-4.985762751162627,-0.4257064515708115
neo_rt_boozer_collocated,vacuum,0.19653894116821566,0.4433271265873719,-6.802588361499272,-0.460454627711152
neo_rt_boozer_collocated,vacuum,0.2025276381192934,0.45003070797368194,-6.927518066609461,-0.5015673509631458
neo_rt_boozer_collocated,vacuum,0.20861015970515095,0.45673861201473975,-8.613075776115563,-0.5488303497158558
neo_rt_boozer_collocated,vacuum,0.21478699225120562,0.4634511756929802,-9.293784439790842,-0.6041341882054868
neo_rt_boozer_collocated,vacuum,0.22105868785107977,0.470168786555509,-12.041700422725071,-0.6710390214721981
neo_rt_boozer_collocated,vacuum,0.22742576480058438,0.4768917747252351,-9.967056037770371,-0.7411047444456387
neo_rt_boozer_collocated,vacuum,0.23388902073008344,0.48362074059130616,-3.5011354778884964,-0.7846289287822442
neo_rt_boozer_collocated,vacuum,0.2404486273705157,0.49035561317325177,-6.390608748145323,-0.8170719043375186
neo_rt_boozer_collocated,vacuum,0.24710411945181507,0.4970956844027265,-9.27360896293289,-0.8691984428054338
neo_rt_boozer_collocated,vacuum,0.2538557426019184,0.5038409894023296,-8.048773196890975,-0.9276755410080356
neo_rt_boozer_collocated,vacuum,0.2607028176316855,0.5105906556447009,-6.172818148403539,-0.9763636924999947
neo_rt_boozer_collocated,vacuum,0.2676442059552339,0.5173434120149148,-7.242722016965281,-1.0229249294289875
neo_rt_boozer_collocated,vacuum,0.27467798979204894,0.5240973094684316,-8.758145080621178,-1.079198249612002
neo_rt_boozer_collocated,vacuum,0.2818010423226586,0.5308493593503326,-9.879580611068537,-1.1455769991885019
neo_rt_boozer_collocated,vacuum,0.2890082891152869,0.5375949117274892,-9.793675350330778,-1.2164720046526771
neo_rt_boozer_collocated,vacuum,0.29629072097857284,0.5443259326713847,-12.69589724792899,-1.2983613946933015
neo_rt_boozer_collocated,vacuum,0.30363068519095227,0.5510269369014116,-15.426375510999174,-1.4015696325039542
neo_rt_boozer_collocated,vacuum,0.31099028582264837,0.5576650301235038,-15.957977652457098,-1.5170577851875273
neo_rt_boozer_collocated,vacuum,0.3182754370659802,0.5641590529859289,-18.23939252332482,-1.6416242921149158
neo_rt_boozer_collocated,vacuum,0.3252155562679019,0.5702767365655922,-17.03514452778015,-1.7640290380785513
neo_rt_boozer_collocated,vacuum,0.33100678814997553,0.5753318939099201,-23.72744459898512,-1.882061840951947
neo_rt_boozer_collocated,vacuum,0.33410768925440515,0.5780204920713496,-34.8412219269358,-1.972869662309546
neo_rt_boozer_collocated,vacuum,0.3353646279442493,0.5791067500420362,110.54144497927565,-1.9252943927173864
neo_rt_boozer_collocated,vacuum,0.3359538770478608,0.5796152836562031,120.36222173833738,-1.8572645034004094
neo_rt_boozer_collocated,vacuum,0.3363570523532288,0.5799629749848079,-259.3904010341118,-1.8852908677215778
neo_rt_boozer_collocated,vacuum,0.33669416698071575,0.5802535368101738,-259.9403048756776,-1.9728278564542276
neo_rt_boozer_collocated,vacuum,0.3370307496287049,0.5805434950360782,97.94509414280127,-2.0000902449492424
neo_rt_boozer_collocated,vacuum,0.3374125728440744,0.5808722517422178,69.35635901469601,-1.9681504555589493
neo_rt_boozer_collocated,vacuum,0.33803713511106515,0.5814096104392025,-42.39139308041198,-1.9597298054323269
neo_rt_boozer_collocated,vacuum,0.33921557888919546,0.5824221655201625,58.302284307912515,-1.9503547600465487
neo_rt_boozer_collocated,vacuum,0.3423569455740396,0.5851127631269375,-35.61151984927504,-1.914714754284544
neo_rt_boozer_collocated,vacuum,0.34808341319378705,0.5899859432171135,-3.0921272451310116,-2.025532345210668
neo_rt_boozer_collocated,vacuum,0.3552642720955083,0.5960404953486871,-3.904873197965678,-2.0506545816692476
neo_rt_boozer_collocated,vacuum,0.36305793610632675,0.6025428915075894,-0.29356027614525043,-2.0670151716037446
neo_rt_boozer_collocated,vacuum,0.3711537568180135,0.6092238971166622,2.8521601805343217,-2.0566581885543083
neo_rt_boozer_collocated,vacuum,0.3794450730561415,0.6159911306635361,9.255857823883094,-2.0064624854085222
neo_rt_boozer_collocated,vacuum,0.3878888906188352,0.622807266029255,7.574985446482408,-1.9354042004078937
neo_rt_boozer_collocated,vacuum,0.3964644576444929,0.6296542365810722,6.479300720496237,-1.8751424638965442
neo_rt_boozer_collocated,vacuum,0.40515971372085685,0.6365215736492023,4.01867297814963,-1.8295011791002145
neo_rt_boozer_collocated,vacuum,0.4139659109616991,0.6434018269803864,-5.435766785560458,-1.8357407828886325
neo_rt_boozer_collocated,vacuum,0.4228745470354246,0.6502880492792594,-10.851232457672545,-1.908288257384135
neo_rt_boozer_collocated,vacuum,0.4318749451705691,0.6571719296885474,-21.88809223402437,-2.0556217358346554
neo_rt_boozer_collocated,vacuum,0.4409509104760028,0.6640413469626744,-27.504629488844184,-2.2797650501835034
neo_rt_boozer_collocated,vacuum,0.4500747707497486,0.6708761217614982,-29.31696997151423,-2.538981217187033
neo_rt_boozer_collocated,vacuum,0.45914919120429176,0.677605483452054,-30.370352888760646,-2.8097951489071327
neo_rt_boozer_collocated,vacuum,0.46800738264545017,0.6841106508785331,-26.7614157040065,-3.062837220690479
neo_rt_boozer_collocated,vacuum,0.4761271354652817,0.6900196631004668,-8.83981394087948,-3.207373813089745
neo_rt_boozer_collocated,vacuum,0.48238523426878677,0.6945395843785916,-25.17291972869761,-3.3138013370305037
neo_rt_boozer_collocated,vacuum,0.48540723328466456,0.6967117289702137,-40.38418194829294,-3.4128580854063366
neo_rt_boozer_collocated,vacuum,0.48675820968245603,0.6976805928807652,-78.55082112463987,-3.493197276417731
neo_rt_boozer_collocated,vacuum,0.4874476629859504,0.6981745218682435,-118.20404030032542,-3.561023921011738
neo_rt_boozer_collocated,vacuum,0.48792283115845897,0.6985147322415318,803.0391042165032,-3.398318008116312
neo_rt_boozer_collocated,vacuum,0.48831252526898183,0.6987936213711327,-258.6400886705529,-3.2922434630499606
neo_rt_boozer_collocated,vacuum,0.4886683669111045,0.6990481864014129,-1655.5455663240118,-3.6328169464504096
neo_rt_boozer_collocated,vacuum,0.4890576157191495,0.6993265444119432,277.2958463209598,-3.901057976800201
neo_rt_boozer_collocated,vacuum,0.48953550841490434,0.6996681416320915,1340.5602925416947,-3.5144771610279197
neo_rt_boozer_collocated,vacuum,0.49028497380660263,0.7002035231320981,-166.53500292848952,-3.07453149925609
neo_rt_boozer_collocated,vacuum,0.49167488974308693,0.7011953292365023,-136.0149333752385,-3.2847909882815207
neo_rt_boozer_collocated,vacuum,0.49486089797572397,0.7034635015235147,26.06961696526712,-3.459934329892547
neo_rt_boozer_collocated,vacuum,0.5012161269753587,0.70796619055952,14.642822814318578,-3.330565890925995
neo_rt_boozer_collocated,vacuum,0.5096408428434245,0.7138913382605399,28.288655856337616,-3.149723136127892
neo_rt_boozer_collocated,vacuum,0.518980286088116,0.7204028637423063,30.419217747410414,-2.8755737093585285
neo_rt_boozer_collocated,vacuum,0.5287679326440193,0.7271643092479301,25.121075062991395,-2.603769331538732
neo_rt_boozer_collocated,vacuum,0.538814457516978,0.7340398201167141,16.031036855754483,-2.3970514735555026
neo_rt_boozer_collocated,vacuum,0.5490357400407467,0.7409694595870647,-6.288654151995812,-2.347261650520605
neo_rt_boozer_collocated,vacuum,0.5593387892459778,0.7478895568504602,-19.859076325061917,-2.4819623273757276
neo_rt_boozer_collocated,vacuum,0.5696597353771594,0.7547580641352296,-34.98018569282561,-2.7649588619559133
neo_rt_boozer_collocated,vacuum,0.5798744689327439,0.761494890943297,-42.99454277678055,-3.163204399648949
neo_rt_boozer_collocated,vacuum,0.5896898426477407,0.7679126530066689,-42.35331601695645,-3.582064964566604
neo_rt_boozer_collocated,vacuum,0.598444932853079,0.77359222646888,-31.465022846822166,-3.9052080723469085
neo_rt_boozer_collocated,vacuum,0.6045457764011423,0.7775254184919888,-14.307645996654061,-4.044834018042588
neo_rt_boozer_collocated,vacuum,0.607264603541583,0.7792718418764937,-63.39250201362653,-4.150460653655893
neo_rt_boozer_collocated,vacuum,0.6085837140221827,0.7801177565099917,-118.88870399928015,-4.270685178289885
neo_rt_boozer_collocated,vacuum,0.6094466311998917,0.78067062913875,-6.199702153553054,-4.3246556454906475
neo_rt_boozer_collocated,vacuum,0.6099715902434248,0.7810067798959397,966.0889872239641,-4.072704364996524
neo_rt_boozer_collocated,vacuum,0.6103921186009112,0.7812759554734238,215.2115984390983,-3.8243191675032167
neo_rt_boozer_collocated,vacuum,0.6107731001732044,0.781519737545511,-1175.5295631292024,-4.007250891547718
neo_rt_boozer_collocated,vacuum,0.6111626523151006,0.7817689251403516,-267.6856830999687,-4.288354686740614
neo_rt_boozer_collocated,vacuum,0.6115920086074463,0.7820434825554435,282.0872601074656,-4.285262982886678
neo_rt_boozer_collocated,vacuum,0.6121561490768876,0.7824040829883799,-128.86349181624175,-4.242043118599989
neo_rt_boozer_collocated,vacuum,0.6129891397191055,0.7829362296631224,186.51487889860854,-4.218031585624743
neo_rt_boozer_collocated,vacuum,0.6145534725689341,0.7839346098807821,10.579888529334236,-4.063870676016314
neo_rt_boozer_collocated,vacuum,0.6180525909340668,0.7861632088402934,3.5695988449555744,-4.0391153104520185
neo_rt_boozer_collocated,vacuum,0.6248653470479151,0.7904842484502238,28.63590046120471,-3.929411204303229
neo_rt_boozer_collocated,vacuum,0.6339862580126657,0.7962325401618963,48.884608459392865,-3.5758823743997645
neo_rt_boozer_collocated,vacuum,0.6443209720651727,0.8026960645631525,61.08291940265966,-3.007640896642062
neo_rt_boozer_collocated,vacuum,0.6552433383598982,0.809471023792636,73.6451675575819,-2.271866138658365
neo_rt_boozer_collocated,vacuum,0.6663417597530473,0.8162975926419527,55.79994688116955,-1.553547924995529
neo_rt_boozer_collocated,vacuum,0.6773710276192951,0.8230255327869818,32.102034141418635,-1.068800677659551
neo_rt_boozer_collocated,vacuum,0.688047829773765,0.829486485588382,-173.13793594919719,-1.8217068877989961
neo_rt_boozer_collocated,vacuum,0.6978758915954021,0.8353896645251258,1035.9813788352787,2.418332461740305
neo_rt_boozer_collocated,vacuum,0.7046577646043548,0.8394389582360082,191.74741270300754,6.581482838564128
neo_rt_boozer_collocated,vacuum,0.7078339714406493,0.8413286940552125,-2315.895454608977,3.2081160725624773
neo_rt_boozer_collocated,vacuum,0.709762221590704,0.8424738699750302,108.61656592835429,1.0800231484069736
neo_rt_boozer_collocated,vacuum,0.710657542440771,0.8430050666756226,231.26521570273238,1.2321747712330786
neo_rt_boozer_collocated,vacuum,0.7112641807590891,0.8433647969645692,137.50765120342197,1.3440306471437435
neo_rt_boozer_collocated,vacuum,0.7117364668176576,0.8436447515498793,505.14643884954074,1.4957889307507364
neo_rt_boozer_collocated,vacuum,0.7121605496102487,0.843896053794689,637.8641710585371,1.7381544964562712
neo_rt_boozer_collocated,vacuum,0.7125464115661436,0.8441246421981434,110.98712850011755,1.8826311100173643
neo_rt_boozer_collocated,vacuum,0.7129497960047939,0.844363544928838,-350.0554829768018,1.8344128830325515
neo_rt_boozer_collocated,vacuum,0.7134067533527156,0.844634094358448,665.5885896702208,1.9065054688406156
neo_rt_boozer_collocated,vacuum,0.7139910409170689,0.8449799056291628,-174.88169680581086,2.0498624364621634
neo_rt_boozer_collocated,vacuum,0.7147954392385885,0.845455758297611,236.6324006883814,2.0746985177400594
neo_rt_boozer_collocated,vacuum,0.7161355196300384,0.8462479067212151,2453.338005520551,3.8770868152106823
neo_rt_boozer_collocated,vacuum,0.7189106540325502,0.8478859911760249,-189.57255070778095,7.01821351164498
neo_rt_boozer_collocated,vacuum,0.7247504147697801,0.8513227441868214,-148.52514530230238,6.03100868639119
neo_rt_boozer_collocated,vacuum,0.7337769518479527,0.8566078168263191,357.80977969650644,6.975566442516728
neo_rt_boozer_collocated,vacuum,0.7445134909587583,0.8628519519354165,185.23822101053528,9.890794491834708
neo_rt_boozer_collocated,vacuum,0.7556871156074723,0.8693026605316886,9.468170064802425,10.978582557125474
neo_rt_boozer_collocated,vacuum,0.7670070514878989,0.8757893876314664,394.3050096062427,13.26392580918159
neo_rt_boozer_collocated,vacuum,0.7772260495585382,0.8816042476976493,538.0640094581078,18.02786441265282
neo_rt_boozer_collocated,vacuum,0.7849921974545211,0.8859978540913748,-908.2823437063716,16.590279243864607
neo_rt_boozer_collocated,vacuum,0.7900614569180684,0.8888540132766845,991.9128487593497,16.802251608455133
neo_rt_boozer_collocated,vacuum,0.7921716063479649,0.8900402273762489,47.494686788914414,17.89890421773879
neo_rt_boozer_collocated,vacuum,0.7933501098083949,0.8907020319997002,-2800.29634740817,16.276811076280133
neo_rt_boozer_collocated,vacuum,0.7941809698775723,0.8911683173663504,-1283.6046225869418,14.580235955058402
neo_rt_boozer_collocated,vacuum,0.794686495362746,0.8914519030002381,-1445.6623763819296,13.890378943147116
neo_rt_boozer_collocated,vacuum,0.7951925552751617,0.8917356981051963,-4002.4147100787936,12.511852236542964
neo_rt_boozer_collocated,vacuum,0.7956074149922363,0.8919682813823798,5507.870222631666,12.824128660545972
neo_rt_boozer_collocated,vacuum,0.7959979476580268,0.8921871707539998,11065.716869937909,16.06039223503189
neo_rt_boozer_collocated,vacuum,0.7963887715086381,0.8924061695823478,-1532.632272198548,17.92327065037772
neo_rt_boozer_collocated,vacuum,0.7968915080621912,0.8926877998842547,-5156.492915604534,16.24183677877687
neo_rt_boozer_collocated,vacuum,0.7974651597230579,0.8930090479513956,4314.445109716374,16.000315717588443
neo_rt_boozer_collocated,vacuum,0.7981564225448036,0.8933960054448439,1009.7824020564245,17.84053598429051
neo_rt_boozer_collocated,vacuum,0.799235074093926,0.8939994821552897,-2497.9323898773487,17.03793833944571
neo_rt_boozer_collocated,vacuum,0.8012286767779236,0.8951137786772828,237.3033665016254,14.78454029518333
neo_rt_boozer_collocated,vacuum,0.8054490941008836,0.8974681577086084,-283.2643080092037,14.687553118324264
neo_rt_boozer_collocated,vacuum,0.8127839230667862,0.9015452972905944,-1261.9974061286018,9.02043792794517
neo_rt_boozer_collocated,vacuum,0.8225120844269674,0.9069245196966325,-844.3196358031469,-1.22485810186072
neo_rt_boozer_collocated,vacuum,0.8333846897654696,0.9128990578182615,-2844.4406224900144,-21.27807534024722
neo_rt_boozer_collocated,vacuum,0.843357604447922,0.9183450356200125,-4315.827156632148,-56.98244517259605
neo_rt_boozer_collocated,vacuum,0.8515907145832597,0.9228167285995956,-784.0849442594117,-77.97651417618711
neo_rt_boozer_collocated,vacuum,0.8562510987817241,0.9253383698851594,-32639.36530019657,-155.85957386489852
neo_rt_boozer_collocated,vacuum,0.8585007081901389,0.9265531329557625,5766.613591093075,-186.0861714022954
neo_rt_boozer_collocated,vacuum,0.8597760056887205,0.9272410720458409,6114.362245931617,-178.51028201946255
neo_rt_boozer_collocated,vacuum,0.8605557361539968,0.9276614340124294,1743.2878795443003,-175.4468574253045
neo_rt_boozer_collocated,vacuum,0.8612596122721404,0.9280407384765716,4270.49224378262,-173.33037932101627
neo_rt_boozer_collocated,vacuum,0.8616898153681766,0.9282724898262237,10285.562085870606,-170.1993495016727
neo_rt_boozer_collocated,vacuum,0.8621165187819985,0.9285022987489038,16641.83366462668,-164.45434365563753
neo_rt_boozer_collocated,vacuum,0.8625435679859254,0.9287322369692598,2697.505891612888,-160.3249188746556
neo_rt_boozer_collocated,vacuum,0.8629795027617102,0.9289669007891025,-6340.592446868143,-161.1189929349706
neo_rt_boozer_collocated,vacuum,0.8634167858869513,0.9292022308878467,10119.368310025027,-160.29279547545727
neo_rt_boozer_collocated,vacuum,0.8638544919966143,0.9294377289504737,8884.338087259004,-156.13377627728985
neo_rt_boozer_collocated,vacuum,0.8644522135266938,0.929759223415769,-11127.494075253364,-156.80416759196527
neo_rt_boozer_collocated,vacuum,0.8652619503801813,0.9301945766237197,-21630.7607708522,-170.066950694379
neo_rt_boozer_collocated,vacuum,0.8664117780581291,0.9308124290414955,-108176.24802018855,-244.6947964441551
neo_rt_boozer_collocated,vacuum,0.8683355056410028,0.9318452154950428,107969.32592041435,-244.89382731957596
neo_rt_boozer_collocated,vacuum,0.8720439236116179,0.9338329206081878,2445.438352343885,-40.161779294415226
neo_rt_boozer_collocated,vacuum,0.8800649151346207,0.9381177512096339,6699.129422608432,-3.487528992206485
neo_rt_boozer_collocated,vacuum,0.8903449251423359,0.9435809054566205,78783.55313179578,435.89388708060056
neo_rt_boozer_collocated,vacuum,0.9024485934873631,0.9499729435554273,-26923.074314694404,749.744904988852
neo_rt_boozer_collocated,vacuum,0.9155754611491084,0.9568570745670998,-26390.713867277987,399.82338398331564
neo_rt_boozer_collocated,vacuum,0.9287086534110897,0.9636953115020793,-269969.25872227584,-1546.2528654037417
neo_rt_boozer_collocated,vacuum,0.941472249796077,0.9702949292849453,94461.57507839818,-2666.307483650993
neo_rt_boozer_collocated,vacuum,0.9518677402203145,0.9756370945286544,-5224.238581551465,-2202.474545132279
neo_rt_boozer_collocated,vacuum,0.9599406442380223,0.9797656067846137,-6399.292424368068,-2249.3923702110988
neo_rt_boozer_collocated,vacuum,0.9634130667867792,0.9815360751326357,-3226.6196208569504,-2266.1049872301937
neo_rt_boozer_collocated,vacuum,0.965342356432886,0.9825183746031857,-8530.19101140685,-2277.4461337422263
neo_rt_boozer_collocated,vacuum,0.9664223237696791,0.9830678123963164,-9694.477269772788,-2287.2871569760073
neo_rt_boozer_collocated,vacuum,0.9674145570056226,0.9835723445713704,-7736.171645712745,-2295.9347915650114
neo_rt_boozer_collocated,vacuum,0.9679162108730919,0.983827327773066,-2091.8943110160335,-2298.3999352134792
neo_rt_boozer_collocated,vacuum,0.9684182618066598,0.9840824466510211,-9954.769943068892,-2301.4239547310503
neo_rt_boozer_collocated,vacuum,0.9689207644176998,0.9843377288399037,-8180.834749349459,-2305.980549086415
neo_rt_boozer_collocated,vacuum,0.9693446541287077,0.9845530225075274,-2875.851710982235,-2308.3239569006028
neo_rt_boozer_collocated,vacuum,0.9697623137315462,0.9847651058661381,-8632.676570858308,-2310.7272805763273
neo_rt_boozer_collocated,vacuum,0.9701802583716131,0.9849772882516699,-8629.66768532824,-2314.3346327047593
neo_rt_boozer_collocated,vacuum,0.9707550908230589,0.9852690448923375,-8715.778984558248,-2319.3199955200953
neo_rt_boozer_collocated,vacuum,0.9713446746028922,0.9855681988593646,-9337.602254875821,-2324.641985895054
neo_rt_boozer_collocated,vacuum,0.9722355805978384,0.986020071092794,-17744.946714696056,-2336.7059885127624
neo_rt_boozer_collocated,vacuum,0.9734889347228867,0.9866554285680927,-22769.304969854755,-2362.0953407487996
neo_rt_boozer_collocated,vacuum,0.975595953002087,0.9877226093403385,-6888.335104652228,-2393.339935626265
neo_rt_boozer_collocated,vacuum,0.9801507376451575,0.9900256247416819,9094.139739375838,-2388.3164530883387
neo_rt_boozer_collocated,vacuum,0.9884866870869876,0.9942266779195716,-292703.56736742076,-3570.3933780552215
neo_rt_boozer_collocated,plasma_response,0.0003864619665457989,0.01965863592790199,-64.28069206223722,0.0
neo_rt_boozer_collocated,plasma_response,0.0006870164346594247,0.026210998352970548,-83.60702861198,-0.02222415761388791
neo_rt_boozer_collocated,plasma_response,0.0010733980386975206,0.03276275383263014,-109.40223945852239,-0.059511772909537686
neo_rt_boozer_collocated,plasma_response,0.0015455947684413502,0.039314053065555965,-198.71402583292232,-0.1322575193352889
neo_rt_boozer_collocated,plasma_response,0.002103595899582695,0.045864974649319226,-297.99388154549024,-0.27083930641729115
neo_rt_boozer_collocated,plasma_response,0.002747400299743042,0.0524156493782443,-420.04365136581373,-0.5019771680015799
neo_rt_boozer_collocated,plasma_response,0.0034770757855094943,0.058966734567122626,-486.599549352567,-0.8327548269520977
neo_rt_boozer_collocated,plasma_response,0.0042927087149518435,0.06551876612812427,-402.5259396713745,-1.195354840579327
neo_rt_boozer_collocated,plasma_response,0.005194413333782453,0.07207227853885607,-314.57175784184597,-1.5186599935795602
neo_rt_boozer_collocated,plasma_response,0.006182324233385497,0.0786277573976614,-250.3964995865881,-1.7977291433012044
neo_rt_boozer_collocated,plasma_response,0.0072565635800214,0.0851854657792126,-205.3820352836415,-2.0425367610560365
neo_rt_boozer_collocated,plasma_response,0.00841725324054319,0.0917455897607247,-180.04685154629578,-2.266218422961002
neo_rt_boozer_collocated,plasma_response,0.009664506269285944,0.09830822076147011,-164.45546244127,-2.4810592002259413
neo_rt_boozer_collocated,plasma_response,0.010998394966203287,0.10487323283947762,-160.39284802225353,-2.697714944995936
neo_rt_boozer_collocated,plasma_response,0.012419072582074258,0.11144089277313897,-156.4489846314652,-2.9227799947072732
neo_rt_boozer_collocated,plasma_response,0.01392669054584782,0.11801140006731477,-142.41527299588583,-3.1480665564716954
neo_rt_boozer_collocated,plasma_response,0.015521405547768636,0.12458493306884519,-134.31357156686167,-3.368718376415909
neo_rt_boozer_collocated,plasma_response,0.0172033857191583,0.13116167778416948,-132.56285781628495,-3.593158807632772
neo_rt_boozer_collocated,plasma_response,0.0189727021847418,0.13774143234605118,-135.49343899466092,-3.830297017458244
neo_rt_boozer_collocated,plasma_response,0.020829572710734538,0.14432453953065133,-150.7345535339351,-4.096041178978454
neo_rt_boozer_collocated,plasma_response,0.022774196115819472,0.15091121931725113,-156.89050351173643,-4.395148621939255
neo_rt_boozer_collocated,plasma_response,0.02480671847745201,0.15750148722298468,-160.94294195871603,-4.71815041453596
neo_rt_boozer_collocated,plasma_response,0.026927227780715608,0.16409517902947549,-178.0667344402406,-5.077587000886145
neo_rt_boozer_collocated,plasma_response,0.02913574724234042,0.17069196595721903,-191.88728192194822,-5.486112323407223
neo_rt_boozer_collocated,plasma_response,0.03143239652818393,0.17729183999322679,-200.6538923039375,-5.936877027132249
neo_rt_boozer_collocated,plasma_response,0.03381726723966916,0.18389471781339767,-219.27053487100036,-6.43760976083561
neo_rt_boozer_collocated,plasma_response,0.036290384299235645,0.19050035249110603,-240.27422799299393,-7.0058637571723
neo_rt_boozer_collocated,plasma_response,0.03885180195414484,0.19710860446501274,-250.2864416271395,-7.634129137156842
neo_rt_boozer_collocated,plasma_response,0.04150158555289751,0.2037193794239947,-253.7457234782161,-8.301917219326828
neo_rt_boozer_collocated,plasma_response,0.04423978261118174,0.21033255242872356,-250.00966786253954,-8.991607984658867
neo_rt_boozer_collocated,plasma_response,0.04706645771619468,0.2169480530361927,-252.51966415195486,-9.701851560830942
neo_rt_boozer_collocated,plasma_response,0.04998165788281512,0.223565779766974,-283.6219137213272,-10.483331569405111
neo_rt_boozer_collocated,plasma_response,0.05298546256304724,0.23018571320359402,-317.3094297138255,-11.385871760359455
neo_rt_boozer_collocated,plasma_response,0.05607800422442588,0.23680794797562407,-335.410139776103,-12.395152991281824
neo_rt_boozer_collocated,plasma_response,0.05925928910152643,0.24343230907487698,-351.2841907362058,-13.487438135706572
neo_rt_boozer_collocated,plasma_response,0.06252956210545951,0.2500591172212273,-367.9664946410307,-14.663511185431343
neo_rt_boozer_collocated,plasma_response,0.06588902229588271,0.25668857063742184,-363.63912373487796,-15.892411160443249
neo_rt_boozer_collocated,plasma_response,0.06933783681508719,0.26332078690275706,-340.6190042524516,-17.106838988978485
neo_rt_boozer_collocated,plasma_response,0.0728761410254767,0.26995581309813776,-313.5921934867901,-18.264238106700844
neo_rt_boozer_collocated,plasma_response,0.07650401932404576,0.27659359957172863,-279.9233304325731,-19.340839151246296
neo_rt_boozer_collocated,plasma_response,0.08022157781192936,0.28323413955935706,-241.1738745899431,-20.309443820018235
neo_rt_boozer_collocated,plasma_response,0.0840288968205672,0.2898773823887735,-209.31170902084477,-21.167014982817566
neo_rt_boozer_collocated,plasma_response,0.08792603726000324,0.2965232491053665,-195.09526878118882,-21.955030376408775
neo_rt_boozer_collocated,plasma_response,0.09191309235566952,0.30317172090363165,-193.13521751834978,-22.728978545755563
neo_rt_boozer_collocated,plasma_response,0.09599000033775607,0.30982253039079655,-173.8157301241855,-23.4769911694946
neo_rt_boozer_collocated,plasma_response,0.10015662617915198,0.3164753168560733,-136.7233368550212,-24.12394122011387
neo_rt_boozer_collocated,plasma_response,0.10441333418471553,0.32313052190208763,-116.38680709813757,-24.662649208141247
neo_rt_boozer_collocated,plasma_response,0.1087602020175796,0.32978811685319953,-95.4540229975817,-25.1230712531564
neo_rt_boozer_collocated,plasma_response,0.11319730663948761,0.3364480742098067,-73.6419905469277,-25.498219604778683
neo_rt_boozer_collocated,plasma_response,0.11772471458311304,0.3431103533604211,-69.28959908813941,-25.821774411933088
neo_rt_boozer_collocated,plasma_response,0.12234179519920114,0.3497739201244157,-179.04370712112885,-26.39506185914703
neo_rt_boozer_collocated,plasma_response,0.12704905220651588,0.3564394088853194,-386.66040922551656,-27.7265191920168
neo_rt_boozer_collocated,plasma_response,0.13184690732620769,0.3631072945097739,-362.31126095387873,-29.523247973153964
neo_rt_boozer_collocated,plasma_response,0.13673596546824132,0.3697782652729083,-118.2921943699767,-30.69809709132426
neo_rt_boozer_collocated,plasma_response,0.14171650447194542,0.37645252618616526,37.26139871371307,-30.899885610457858
neo_rt_boozer_collocated,plasma_response,0.14678852599347908,0.38312990746413816,18.159871961050197,-30.759336671651287
neo_rt_boozer_collocated,plasma_response,0.15195011179042323,0.389807788262912,-57.67770121330336,-30.861324004748532
neo_rt_boozer_collocated,plasma_response,0.15720282979996672,0.3964881206290634,-152.44726441022067,-31.413187600341228
neo_rt_boozer_collocated,plasma_response,0.1625468506127396,0.4031709942601769,-226.1207427049478,-32.424725254877934
neo_rt_boozer_collocated,plasma_response,0.16798247131161337,0.40985664727025395,-257.8420828869651,-33.740044431014354
neo_rt_boozer_collocated,plasma_response,0.17351002423767498,0.416545344755736,-272.2754635006359,-35.205170828360046
neo_rt_boozer_collocated,plasma_response,0.17912980593208874,0.42323729270007476,-258.4328174374792,-36.696403169504954
neo_rt_boozer_collocated,plasma_response,0.18484124893355594,0.4299316793788938,-268.06546334575967,-38.199935630036926
neo_rt_boozer_collocated,plasma_response,0.1906435999439426,0.43662752998859633,-294.1120758255307,-39.83091133625054
neo_rt_boozer_collocated,plasma_response,0.19653894116821566,0.4433271265873719,-320.4430181793561,-41.642417326387545
neo_rt_boozer_collocated,plasma_response,0.2025276381192934,0.45003070797368194,-357.50847653247,-43.672440351067195
neo_rt_boozer_collocated,plasma_response,0.20861015970515095,0.45673861201473975,-402.28852084314207,-45.98318116977066
neo_rt_boozer_collocated,plasma_response,0.21478699225120562,0.4634511756929802,-475.83953427942475,-48.69520614501304
neo_rt_boozer_collocated,plasma_response,0.22105868785107977,0.470168786555509,-533.8764784714062,-51.86152188215897
neo_rt_boozer_collocated,plasma_response,0.22742576480058438,0.4768917747252351,-486.6762563435398,-55.110490778956034
neo_rt_boozer_collocated,plasma_response,0.23388902073008344,0.48362074059130616,-325.84324533167444,-57.736251522474014
neo_rt_boozer_collocated,plasma_response,0.2404486273705157,0.49035561317325177,-124.66666246497182,-59.21383541385572
neo_rt_boozer_collocated,plasma_response,0.24710411945181507,0.4970956844027265,-15.113968655387907,-59.67898985562601
neo_rt_boozer_collocated,plasma_response,0.2538557426019184,0.5038409894023296,-14.169167214427288,-59.77784420464914
neo_rt_boozer_collocated,plasma_response,0.2607028176316855,0.5105906556447009,0.9794293601594903,-59.82299976700471
neo_rt_boozer_collocated,plasma_response,0.2676442059552339,0.5173434120149148,15.191219216144177,-59.76687639139883
neo_rt_boozer_collocated,plasma_response,0.27467798979204894,0.5240973094684316,-10.456629975657396,-59.75022535276199
neo_rt_boozer_collocated,plasma_response,0.2818010423226586,0.5308493593503326,-10.587127828834456,-59.8251732489034
neo_rt_boozer_collocated,plasma_response,0.2890082891152869,0.5375949117274892,19.580979740695028,-59.79276279373083
neo_rt_boozer_collocated,plasma_response,0.29629072097857284,0.5443259326713847,42.271967871896585,-59.56754285546479
neo_rt_boozer_collocated,plasma_response,0.30363068519095227,0.5510269369014116,41.08866933201016,-59.26161080856588
neo_rt_boozer_collocated,plasma_response,0.31099028582264837,0.5576650301235038,-21.89225495886799,-59.19097183689244
neo_rt_boozer_collocated,plasma_response,0.3182754370659802,0.5641590529859289,-165.51786854571287,-59.87362738402362
neo_rt_boozer_collocated,plasma_response,0.3252155562679019,0.5702767365655922,-660.8562670168621,-62.74119488711825
neo_rt_boozer_collocated,plasma_response,0.33100678814997553,0.5753318939099201,-1837.4605025683175,-69.97536075088871
neo_rt_boozer_collocated,plasma_response,0.33410768925440515,0.5780204920713496,-2922.6503638206177,-77.35567727228516
neo_rt_boozer_collocated,plasma_response,0.3353646279442493,0.5791067500420362,-3447.7919402526627,-81.35930497399002
neo_rt_boozer_collocated,plasma_response,0.3359538770478608,0.5796152836562031,-3705.8517535447827,-83.466944041053
neo_rt_boozer_collocated,plasma_response,0.3363570523532288,0.5799629749848079,-3817.6122798954443,-84.98358149560687
neo_rt_boozer_collocated,plasma_response,0.33669416698071575,0.5802535368101738,-3926.672525378645,-86.28893733924818
neo_rt_boozer_collocated,plasma_response,0.3370307496287049,0.5805434950360782,-4051.7283795463304,-87.63163299089746
neo_rt_boozer_collocated,plasma_response,0.3374125728440744,0.5808722517422178,-4064.6368225503043,-89.1811413201863
neo_rt_boozer_collocated,plasma_response,0.33803713511106515,0.5814096104392025,-4074.6089125566127,-91.72287420414291
neo_rt_boozer_collocated,plasma_response,0.33921557888919546,0.5824221655201625,-4115.085432969475,-96.54842137728002
neo_rt_boozer_collocated,plasma_response,0.3423569455740396,0.5851127631269375,-3360.83128775005,-108.29071923984888
neo_rt_boozer_collocated,plasma_response,0.34808341319378705,0.5899859432171135,-1119.877571205063,-121.12003633700985
neo_rt_boozer_collocated,plasma_response,0.3552642720955083,0.5960404953486871,758.0790999517294,-122.41904822347418
neo_rt_boozer_collocated,plasma_response,0.36305793610632675,0.6025428915075894,1065.4581463671682,-115.31302991896291
neo_rt_boozer_collocated,plasma_response,0.3711537568180135,0.6092238971166622,721.5443234919093,-108.07940411530267
neo_rt_boozer_collocated,plasma_response,0.3794450730561415,0.6159911306635361,465.059489936933,-103.16015038204907
neo_rt_boozer_collocated,plasma_response,0.3878888906188352,0.622807266029255,286.9299531224414,-99.98531954891658
neo_rt_boozer_collocated,plasma_response,0.3964644576444929,0.6296542365810722,145.58759123008466,-98.1307779532326
neo_rt_boozer_collocated,plasma_response,0.40515971372085685,0.6365215736492023,68.23137770736726,-97.20117260878497
neo_rt_boozer_collocated,plasma_response,0.4139659109616991,0.6434018269803864,39.03750417504508,-96.72885714295441
neo_rt_boozer_collocated,plasma_response,0.4228745470354246,0.6502880492792594,32.04100519370004,-96.41225085663989
neo_rt_boozer_collocated,plasma_response,0.4318749451705691,0.6571719296885474,51.34966413260282,-96.03697624429343
neo_rt_boozer_collocated,plasma_response,0.4409509104760028,0.6640413469626744,76.541219294262,-95.45660963386169
neo_rt_boozer_collocated,plasma_response,0.4500747707497486,0.6708761217614982,60.014588319220316,-94.83365157974472
neo_rt_boozer_collocated,plasma_response,0.45914919120429176,0.677605483452054,-47.54495761385056,-94.77707424377802
neo_rt_boozer_collocated,plasma_response,0.46800738264545017,0.6841106508785331,-307.0901743985904,-96.34778718934136
neo_rt_boozer_collocated,plasma_response,0.4761271354652817,0.6900196631004668,-797.2486762757604,-100.83126643774764
neo_rt_boozer_collocated,plasma_response,0.48238523426878677,0.6945395843785916,-1608.9088716043996,-108.36025227346443
neo_rt_boozer_collocated,plasma_response,0.48540723328466456,0.6967117289702137,-2261.242261943885,-114.20804873190505
neo_rt_boozer_collocated,plasma_response,0.48675820968245603,0.6976805928807652,-2630.3232906027265,-117.51224353677519
neo_rt_boozer_collocated,plasma_response,0.4874476629859504,0.6981745218682435,-2805.7821321818915,-119.38621395771638
neo_rt_boozer_collocated,plasma_response,0.48792283115845897,0.6985147322415318,-3070.7347649798685,-120.78238085508647
neo_rt_boozer_collocated,plasma_response,0.48831252526898183,0.6987936213711327,-2989.1973685459616,-121.96314078638811
neo_rt_boozer_collocated,plasma_response,0.4886683669111045,0.6990481864014129,-2794.4764771958144,-122.99217678577341
neo_rt_boozer_collocated,plasma_response,0.4890576157191495,0.6993265444119432,-3121.586742980571,-124.14358706415976
neo_rt_boozer_collocated,plasma_response,0.48953550841490434,0.6996681416320915,-3313.377840973703,-125.68119835021612
neo_rt_boozer_collocated,plasma_response,0.49028497380660263,0.7002035231320981,-3071.593520347553,-128.0738558813636
neo_rt_boozer_collocated,plasma_response,0.49167488974308693,0.7011953292365023,-2967.5004469538894,-132.27077235490285
neo_rt_boozer_collocated,plasma_response,0.49486089797572397,0.7034635015235147,-2150.0233101455638,-140.42300876532008
neo_rt_boozer_collocated,plasma_response,0.5012161269753587,0.70796619055952,-293.26301376912244,-148.1868308153968
neo_rt_boozer_collocated,plasma_response,0.5096408428434245,0.7138913382605399,782.8339971348823,-146.12458259934374
neo_rt_boozer_collocated,plasma_response,0.518980286088116,0.7204028637423063,794.020533797018,-138.7611109009572
neo_rt_boozer_collocated,plasma_response,0.5287679326440193,0.7271643092479301,615.63101885037,-131.86252531881067
neo_rt_boozer_collocated,plasma_response,0.538814457516978,0.7340398201167141,475.243511673401,-126.3827762667186
neo_rt_boozer_collocated,plasma_response,0.5490357400407467,0.7409694595870647,364.6346594139813,-122.09046023060344
neo_rt_boozer_collocated,plasma_response,0.5593387892459778,0.7478895568504602,315.64019487393904,-118.58600758219852
neo_rt_boozer_collocated,plasma_response,0.5696597353771594,0.7547580641352296,293.8596797741824,-115.44069989559591
neo_rt_boozer_collocated,plasma_response,0.5798744689327439,0.761494890943297,197.4733616919829,-112.93128184278001
neo_rt_boozer_collocated,plasma_response,0.5896898426477407,0.7679126530066689,-182.14116620650813,-112.85603622849935
neo_rt_boozer_collocated,plasma_response,0.598444932853079,0.77359222646888,-970.5545110685216,-117.90201354542253
neo_rt_boozer_collocated,plasma_response,0.6045457764011423,0.7775254184919888,-1926.2418517919714,-126.73846424562785
neo_rt_boozer_collocated,plasma_response,0.607264603541583,0.7792718418764937,-2475.1025441208885,-132.72171154464507
neo_rt_boozer_collocated,plasma_response,0.6085837140221827,0.7801177565099917,-2713.3763046933104,-136.14379995856552
neo_rt_boozer_collocated,plasma_response,0.6094466311998917,0.78067062913875,-2891.018243429578,-138.56186412168256
neo_rt_boozer_collocated,plasma_response,0.6099715902434248,0.7810067798959397,-3086.929751396358,-140.13095305250982
neo_rt_boozer_collocated,plasma_response,0.6103921186009112,0.7812759554734238,-3070.748466327174,-141.42569220592438
neo_rt_boozer_collocated,plasma_response,0.6107731001732044,0.781519737545511,-3015.0075367703635,-142.5849726512507
neo_rt_boozer_collocated,plasma_response,0.6111626523151006,0.7817689251403516,-3057.0779284629953,-143.76766960062983
neo_rt_boozer_collocated,plasma_response,0.6115920086074463,0.7820434825554435,-2941.4476258160958,-145.0554219463931
neo_rt_boozer_collocated,plasma_response,0.6121561490768876,0.7824040829883799,-2892.7454713652332,-146.70107416272066
neo_rt_boozer_collocated,plasma_response,0.6129891397191055,0.7829362296631224,-2992.532788890278,-149.1522650215412
neo_rt_boozer_collocated,plasma_response,0.6145534725689341,0.7839346098807821,-2761.6248521142957,-153.65297393199904
neo_rt_boozer_collocated,plasma_response,0.6180525909340668,0.7861632088402934,-1812.6423601582892,-161.65592513674278
neo_rt_boozer_collocated,plasma_response,0.6248653470479151,0.7904842484502238,-112.81025891170849,-168.2147446879899
neo_rt_boozer_collocated,plasma_response,0.6339862580126657,0.7962325401618963,804.3924138026247,-165.0608150582047
neo_rt_boozer_collocated,plasma_response,0.6443209720651727,0.8026960645631525,874.9681280158985,-156.3829595628259
neo_rt_boozer_collocated,plasma_response,0.6552433383598982,0.809471023792636,755.7358206785967,-147.4773866398776
neo_rt_boozer_collocated,plasma_response,0.6663417597530473,0.8162975926419527,656.1299702472306,-139.64264589074432
neo_rt_boozer_collocated,plasma_response,0.6773710276192951,0.8230255327869818,932.0870459822746,-130.8842104398803
neo_rt_boozer_collocated,plasma_response,0.688047829773765,0.829486485588382,27.761599052070476,-125.76015339924645
neo_rt_boozer_collocated,plasma_response,0.6978758915954021,0.8353896645251258,-691.4243294353868,-129.0214125707083
neo_rt_boozer_collocated,plasma_response,0.7046577646043548,0.8394389582360082,-2171.0069975712227,-138.7277354490117
neo_rt_boozer_collocated,plasma_response,0.7078339714406493,0.8413286940552125,-22286.567034864333,-177.56889236951196
neo_rt_boozer_collocated,plasma_response,0.709762221590704,0.8424738699750302,-619.7056594749165,-199.65340424953885
neo_rt_boozer_collocated,plasma_response,0.710657542440771,0.8430050666756226,-2309.918581561266,-200.96488108246947
neo_rt_boozer_collocated,plasma_response,0.7112641807590891,0.8433647969645692,-2226.172775279045,-202.34076449869514
neo_rt_boozer_collocated,plasma_response,0.7117364668176576,0.8436447515498793,-2363.223171970591,-203.42451836026333
neo_rt_boozer_collocated,plasma_response,0.7121605496102487,0.843896053794689,-2514.724723968004,-204.4588452431751
neo_rt_boozer_collocated,plasma_response,0.7125464115661436,0.8441246421981434,-2526.7279613370447,-205.43149764002695
neo_rt_boozer_collocated,plasma_response,0.7129497960047939,0.844363544928838,-2512.922036199786,-206.4479558326521
neo_rt_boozer_collocated,plasma_response,0.7134067533527156,0.844634094358448,-2872.5221795588154,-207.67841498575882
neo_rt_boozer_collocated,plasma_response,0.7139910409170689,0.8449799056291628,-185.84410228818467,-208.57189767861905
neo_rt_boozer_collocated,plasma_response,0.7147954392385885,0.845455758297611,377.16632806263254,-208.49494803997788
neo_rt_boozer_collocated,plasma_response,0.7161355196300384,0.8462479067212151,-890.4446852695238,-208.83886517090218
neo_rt_boozer_collocated,plasma_response,0.7189106540325502,0.8478859911760249,-827.9032382247702,-211.223188389889
neo_rt_boozer_collocated,plasma_response,0.7247504147697801,0.8513227441868214,185.7258029420802,-213.09826967633842
neo_rt_boozer_collocated,plasma_response,0.7337769518479527,0.8566078168263191,1399.180492572652,-205.94516195539197
neo_rt_boozer_collocated,plasma_response,0.7445134909587583,0.8628519519354165,-5356.93806819122,-227.19147145624999
neo_rt_boozer_collocated,plasma_response,0.7556871156074723,0.8693026605316886,-2860.366045605886,-273.100007352201
neo_rt_boozer_collocated,plasma_response,0.7670070514878989,0.8757893876314664,482.93056616446603,-286.55621594576513
neo_rt_boozer_collocated,plasma_response,0.7772260495585382,0.8816042476976493,-5254.344342155637,-310.9357500313029
neo_rt_boozer_collocated,plasma_response,0.7849921974545211,0.8859978540913748,-1668.9516802773485,-337.8194204502451
neo_rt_boozer_collocated,plasma_response,0.7900614569180684,0.8888540132766845,-1161.2181923814908,-344.99285315545626
neo_rt_boozer_collocated,plasma_response,0.7921716063479649,0.8900402273762489,-8674.691982763374,-355.37047327975387
neo_rt_boozer_collocated,plasma_response,0.7933501098083949,0.8907020319997002,3288.5741001232036,-358.5442525612416
neo_rt_boozer_collocated,plasma_response,0.7941809698775723,0.8911683173663504,957.8419967461138,-356.7801637752413
neo_rt_boozer_collocated,plasma_response,0.794686495362746,0.8914519030002381,6342.8765049333515,-354.9348141439019
neo_rt_boozer_collocated,plasma_response,0.7951925552751617,0.8917356981051963,14894.7127616097,-349.5610678618282
neo_rt_boozer_collocated,plasma_response,0.7956074149922363,0.8919682813823798,243605.46622014864,-295.940412303781
neo_rt_boozer_collocated,plasma_response,0.7959979476580268,0.8921871707539998,31786.722342628258,-242.16558953513345
neo_rt_boozer_collocated,plasma_response,0.7963887715086381,0.8924061695823478,13132.835841547276,-233.3877721864848
neo_rt_boozer_collocated,plasma_response,0.7968915080621912,0.8926877998842547,15021.90153247329,-226.3105643696802
neo_rt_boozer_collocated,plasma_response,0.7974651597230579,0.8930090479513956,78123.58833734211,-199.59403188665166
neo_rt_boozer_collocated,plasma_response,0.7981564225448036,0.8933960054448439,-23834.588201895313,-180.83004817496092
neo_rt_boozer_collocated,plasma_response,0.799235074093926,0.8939994821552897,-9324.232593375555,-198.71345488390733
neo_rt_boozer_collocated,plasma_response,0.8012286767779236,0.8951137786772828,-6184.961747036195,-214.1730406157501
neo_rt_boozer_collocated,plasma_response,0.8054490941008836,0.8974681577086084,-1575.392163075041,-230.54900665301687
neo_rt_boozer_collocated,plasma_response,0.8127839230667862,0.9015452972905944,-38556.64170355918,-377.7298088858021
neo_rt_boozer_collocated,plasma_response,0.8225120844269674,0.9069245196966325,5726.766191833497,-537.4169720921678
neo_rt_boozer_collocated,plasma_response,0.8333846897654696,0.9128990578182615,589054.1949995201,2695.9923548521247
neo_rt_boozer_collocated,plasma_response,0.843357604447922,0.9183450356200125,-149775.57925070217,4886.4364331964825
neo_rt_boozer_collocated,plasma_response,0.8515907145832597,0.9228167285995956,1152.3473301856336,4274.620714660751
neo_rt_boozer_collocated,plasma_response,0.8562510987817241,0.9253383698851594,-26007.036852395744,4216.7045135072285
neo_rt_boozer_collocated,plasma_response,0.8585007081901389,0.9265531329557625,2284.59549273688,4190.0213998706
neo_rt_boozer_collocated,plasma_response,0.8597760056887205,0.9272410720458409,9982.039318439116,4197.843204215954
neo_rt_boozer_collocated,plasma_response,0.8605557361539968,0.9276614340124294,6073.688586952885,4204.102774310964
neo_rt_boozer_collocated,plasma_response,0.8612596122721404,0.9280407384765716,3383.4775974647455,4207.431111022228
neo_rt_boozer_collocated,plasma_response,0.8616898153681766,0.9282724898262237,3142.3346446987994,4208.834823337593
neo_rt_boozer_collocated,plasma_response,0.8621165187819985,0.9285022987489038,3818.995888924596,4210.320035089313
neo_rt_boozer_collocated,plasma_response,0.8625435679859254,0.9287322369692598,4453.941510440947,4212.0865107545815
neo_rt_boozer_collocated,plasma_response,0.8629795027617102,0.9289669007891025,3840.8010225258427,4213.894494117732
neo_rt_boozer_collocated,plasma_response,0.8634167858869513,0.9292022308878467,707.2518876909031,4214.888887512903
neo_rt_boozer_collocated,plasma_response,0.8638544919966143,0.9294377289504737,-1547.1430102003126,4214.705074775016
neo_rt_boozer_collocated,plasma_response,0.8644522135266938,0.929759223415769,-54691.43930046503,4197.897569040902
neo_rt_boozer_collocated,plasma_response,0.8652619503801813,0.9301945766237197,-16102.590056272966,4169.235301752389
neo_rt_boozer_collocated,plasma_response,0.8664117780581291,0.9308124290414955,304921.78121167107,4335.281451708876
neo_rt_boozer_collocated,plasma_response,0.8683355056410028,0.9318452154950428,201599.7522578611,4822.486174336297
neo_rt_boozer_collocated,plasma_response,0.8720439236116179,0.9338329206081878,-788194.9227670701,3734.8161384401214
neo_rt_boozer_collocated,plasma_response,0.8800649151346207,0.9381177512096339,92047.15628969226,942.9184716039172
neo_rt_boozer_collocated,plasma_response,0.8903449251423359,0.9435809054566205,568765.3770010807,4339.498199330296
neo_rt_boozer_collocated,plasma_response,0.9024485934873631,0.9499729435554273,-2176181.590724561,-5388.318172333874
neo_rt_boozer_collocated,plasma_response,0.9155754611491084,0.9568570745670998,-16464965.218541509,-127738.25178653466
neo_rt_boozer_collocated,plasma_response,0.9287086534110897,0.9636953115020793,-19743625.807087537,-365505.44552405283
neo_rt_boozer_collocated,plasma_response,0.941472249796077,0.9702949292849453,6834366.558534226,-447889.7328629027
neo_rt_boozer_collocated,plasma_response,0.9518677402203145,0.9756370945286544,754208.5432126086,-408446.2529609946
neo_rt_boozer_collocated,plasma_response,0.9599406442380223,0.9797656067846137,-230005.3972017724,-406330.33211923164
neo_rt_boozer_collocated,plasma_response,0.9634130667867792,0.9815360751326357,-2254950.927228333,-410644.7413060452
neo_rt_boozer_collocated,plasma_response,0.965342356432886,0.9825183746031857,-966095.212412648,-413751.9067894661
neo_rt_boozer_collocated,plasma_response,0.9664223237696791,0.9830678123963164,-2835199.697205901,-415804.54395941895
neo_rt_boozer_collocated,plasma_response,0.9674145570056226,0.9835723445713704,-3194607.6014366243,-418796.031563443
neo_rt_boozer_collocated,plasma_response,0.9679162108730919,0.983827327773066,-327814804.782523,-501822.1075090122
neo_rt_boozer_collocated,plasma_response,0.9684182618066598,0.9840824466510211,-400639.5229336198,-584212.5426214945
neo_rt_boozer_collocated,plasma_response,0.9689207644176998,0.9843377288399037,-333387.11591385095,-584396.9677727914
neo_rt_boozer_collocated,plasma_response,0.9693446541287077,0.9845530225075274,4144231.050056797,-583589.2790058213
neo_rt_boozer_collocated,plasma_response,0.9697623137315462,0.9847651058661381,-1041493.2298044014,-582941.334882962
neo_rt_boozer_collocated,plasma_response,0.9701802583716131,0.9849772882516699,-1870834.7283431806,-583549.9308130745
neo_rt_boozer_collocated,plasma_response,0.9707550908230589,0.9852690448923375,-1874811.0983881692,-584626.4901994882
neo_rt_boozer_collocated,plasma_response,0.9713446746028922,0.9855681988593646,-1228515.767597746,-585541.3257913414
neo_rt_boozer_collocated,plasma_response,0.9722355805978384,0.986020071092794,-3494663.3110701293,-587645.2800695363
neo_rt_boozer_collocated,plasma_response,0.9734889347228867,0.9866554285680927,-312279.0596639184,-590031.0035316265
neo_rt_boozer_collocated,plasma_response,0.975595953002087,0.9877226093403385,15144290.152279409,-574405.344286905
neo_rt_boozer_collocated,plasma_response,0.9801507376451575,0.9900256247416819,-2006620.5335506608,-544485.7163743455
neo_rt_boozer_collocated,plasma_response,0.9884866870869876,0.9942266779195716,-21147710.83313449,-640992.38419038
